<?xml version="1.0" encoding="UTF-8"?>
<info version="1.1">
  <general>
    <createDate>2015-02-13T10:59:05Z</createDate>
    <changeDate>2015-02-13T10:59:05Z</changeDate>
    <schema>iso19139</schema>
    <isTemplate>n</isTemplate>
    <localId>246</localId>
    <format>full</format>
    <rating>0</rating>
    <popularity>0</popularity>
    <uuid>3884cf8d-2d6a-4d0d-9535-e0bc7c25cb1e</uuid>
    <siteId>3bef299d-cf82-4033-871b-875f6936b2e2</siteId>
    <siteName>GeoNetwork-UI Test Instance</siteName>
  </general>
  <categories />
  <privileges>
    <group name="all">
      <operation name="view" />
      <operation name="download" />
      <operation name="dynamic" />
    </group>
  </privileges>
  <public />
  <private />
</info>

