<?xml version="1.0" encoding="UTF-8"?>
<info version="1.1">
  <general>
    <createDate>2023-05-11T06:37:22.85Z</createDate>
    <changeDate>2023-05-11T06:37:22.85Z</changeDate>
    <schema>iso19139</schema>
    <isTemplate>n</isTemplate>
    <localId>151</localId>
    <format>full</format>
    <rating>0</rating>
    <popularity>0</popularity>
    <uuid>011963da-afc0-494c-a2cc-5cbd59e122e4</uuid>
    <siteId>3bef299d-cf82-4033-871b-875f6936b2e2</siteId>
    <siteName>GeoNetwork-UI Test Instance</siteName>
  </general>
  <categories />
  <privileges>
    <group name="all">
      <operation name="view" />
      <operation name="download" />
      <operation name="dynamic" />
    </group>
  </privileges>
  <public>
    <file name="3226120000387_Jus_Pommes_Framboises_33cl.png" changeDate="2024-11-04T14:17:40.67Z" />
    <file name="Capture d’écran 2024-09-13 à 11.28.09.png" changeDate="2024-11-05T10:42:48.313Z" />
  </public>
  <private />
</info>

