<?xml version="1.0" encoding="UTF-8"?>
<info version="1.1">
  <general>
    <createDate>2023-03-20T08:33:52.124Z</createDate>
    <changeDate>2024-03-18T10:21:18.204Z</changeDate>
    <schema>iso19115-3.2018</schema>
    <isTemplate>n</isTemplate>
    <localId>139</localId>
    <format>full</format>
    <rating>0</rating>
    <popularity>524</popularity>
    <uuid>9cee721c-dc3d-42f7-82bc-c5cd78bbed28</uuid>
    <siteId>3bef299d-cf82-4033-871b-875f6936b2e2</siteId>
    <siteName>GeoNetwork-UI Test Instance</siteName>
  </general>
  <categories />
  <privileges>
    <group name="all">
      <operation name="view" />
      <operation name="download" />
      <operation name="dynamic" />
    </group>
  </privileges>
  <public />
  <private />
</info>

