<?xml version="1.0" encoding="UTF-8"?>
<gmd:MD_Metadata xmlns:gmd="http://www.isotc211.org/2005/gmd" xmlns:gco="http://www.isotc211.org/2005/gco" xmlns:gml="http://www.opengis.net/gml/3.2" xmlns:gmx="http://www.isotc211.org/2005/gmx" xmlns:gts="http://www.isotc211.org/2005/gts" xmlns:igctx="https://www.ingrid-oss.eu/schemas/igctx" xmlns:srv="http://www.isotc211.org/2005/srv" xmlns:xlink="http://www.w3.org/1999/xlink" xmlns:xsi="http://www.w3.org/2001/XMLSchema-instance" xmlns:geonet="http://www.fao.org/geonetwork" xsi:schemaLocation="http://www.isotc211.org/2005/gmd http://repository.gdi-de.org/schemas/geonetwork/2020-12-11/csw/2.0.2/profiles/apiso/1.0.1/apiso.xsd">
  <gmd:fileIdentifier>
    <gco:CharacterString>B54F389D-7A45-46B8-AF73-12C5BAF140C8</gco:CharacterString>
  </gmd:fileIdentifier>
  <gmd:language>
    <gmd:LanguageCode codeList="http://www.loc.gov/standards/iso639-2/" codeListValue="ger" />
  </gmd:language>
  <gmd:characterSet>
    <gmd:MD_CharacterSetCode codeList="http://standards.iso.org/iso/19139/resources/gmxCodelists.xml#MD_CharacterSetCode" codeListValue="utf8" />
  </gmd:characterSet>
  <gmd:hierarchyLevel>
    <gmd:MD_ScopeCode codeList="http://standards.iso.org/iso/19139/resources/gmxCodelists.xml#MD_ScopeCode" codeListValue="service">service</gmd:MD_ScopeCode>
  </gmd:hierarchyLevel>
  <gmd:hierarchyLevelName>
    <gco:CharacterString>service</gco:CharacterString>
  </gmd:hierarchyLevelName>
  <gmd:contact>
    <gmd:CI_ResponsibleParty uuid="26972E64-E2C4-4A0D-810C-674E25E932A2">
      <gmd:organisationName>
        <gco:CharacterString>Bundesamt für Kartographie und Geodäsie (BKG)</gco:CharacterString>
      </gmd:organisationName>
      <gmd:contactInfo>
        <gmd:CI_Contact>
          <gmd:address>
            <gmd:CI_Address>
              <gmd:electronicMailAddress>
                <gco:CharacterString>dlz@bkg.bund.de</gco:CharacterString>
              </gmd:electronicMailAddress>
            </gmd:CI_Address>
          </gmd:address>
        </gmd:CI_Contact>
      </gmd:contactInfo>
      <gmd:role>
        <gmd:CI_RoleCode codeList="http://standards.iso.org/iso/19139/resources/gmxCodelists.xml#CI_RoleCode" codeListValue="pointOfContact" />
      </gmd:role>
    </gmd:CI_ResponsibleParty>
  </gmd:contact>
  <gmd:dateStamp>
    <gco:Date>2025-03-10</gco:Date>
  </gmd:dateStamp>
  <gmd:metadataStandardName>
    <gco:CharacterString>ISO19119</gco:CharacterString>
  </gmd:metadataStandardName>
  <gmd:metadataStandardVersion>
    <gco:CharacterString>2005/PDAM 1</gco:CharacterString>
  </gmd:metadataStandardVersion>
  <gmd:locale>
    <gmd:PT_Locale id="eng_utf8">
      <gmd:languageCode>
        <gmd:LanguageCode codeList="http://www.loc.gov/standards/iso639-2/" codeListValue="eng">eng</gmd:LanguageCode>
      </gmd:languageCode>
      <gmd:characterEncoding>
        <gmd:MD_CharacterSetCode codeList="http://standards.iso.org/iso/19139/resources/gmxCodelists.xml#MD_CharacterSetCode" codeListValue="utf8" />
      </gmd:characterEncoding>
    </gmd:PT_Locale>
  </gmd:locale>
  <gmd:referenceSystemInfo>
    <gmd:MD_ReferenceSystem>
      <gmd:referenceSystemIdentifier>
        <gmd:RS_Identifier>
          <gmd:code>
            <gmx:Anchor xlink:href="http://www.opengis.net/def/crs/EPSG/0/4326">EPSG 4326: WGS 84 / geographisch</gmx:Anchor>
          </gmd:code>
        </gmd:RS_Identifier>
      </gmd:referenceSystemIdentifier>
    </gmd:MD_ReferenceSystem>
  </gmd:referenceSystemInfo>
  <gmd:referenceSystemInfo>
    <gmd:MD_ReferenceSystem>
      <gmd:referenceSystemIdentifier>
        <gmd:RS_Identifier>
          <gmd:code>
            <gmx:Anchor xlink:href="http://www.opengis.net/def/crs/EPSG/0/3857">EPSG 3857: WGS 84 / Pseudo-Mercator</gmx:Anchor>
          </gmd:code>
        </gmd:RS_Identifier>
      </gmd:referenceSystemIdentifier>
    </gmd:MD_ReferenceSystem>
  </gmd:referenceSystemInfo>
  <gmd:referenceSystemInfo>
    <gmd:MD_ReferenceSystem>
      <gmd:referenceSystemIdentifier>
        <gmd:RS_Identifier>
          <gmd:code>
            <gmx:Anchor xlink:href="http://www.opengis.net/def/crs/EPSG/0/25832">EPSG 25832: ETRS89 / UTM Zone 32N</gmx:Anchor>
          </gmd:code>
        </gmd:RS_Identifier>
      </gmd:referenceSystemIdentifier>
    </gmd:MD_ReferenceSystem>
  </gmd:referenceSystemInfo>
  <gmd:referenceSystemInfo>
    <gmd:MD_ReferenceSystem>
      <gmd:referenceSystemIdentifier>
        <gmd:RS_Identifier>
          <gmd:code>
            <gmx:Anchor xlink:href="http://www.opengis.net/def/crs/EPSG/0/25833">EPSG 25833: ETRS89 / UTM Zone 33N</gmx:Anchor>
          </gmd:code>
        </gmd:RS_Identifier>
      </gmd:referenceSystemIdentifier>
    </gmd:MD_ReferenceSystem>
  </gmd:referenceSystemInfo>
  <gmd:referenceSystemInfo>
    <gmd:MD_ReferenceSystem>
      <gmd:referenceSystemIdentifier>
        <gmd:RS_Identifier>
          <gmd:code>
            <gmx:Anchor xlink:href="http://www.opengis.net/def/crs/EPSG/0/4647">EPSG 4647: ETRS89 / UTM Zone 32N (zE-N)</gmx:Anchor>
          </gmd:code>
        </gmd:RS_Identifier>
      </gmd:referenceSystemIdentifier>
    </gmd:MD_ReferenceSystem>
  </gmd:referenceSystemInfo>
  <gmd:referenceSystemInfo>
    <gmd:MD_ReferenceSystem>
      <gmd:referenceSystemIdentifier>
        <gmd:RS_Identifier>
          <gmd:code>
            <gmx:Anchor xlink:href="http://www.opengis.net/def/crs/EPSG/0/5650">EPSG 5650: ETRS89 / UTM Zone 33N (zE-N)</gmx:Anchor>
          </gmd:code>
        </gmd:RS_Identifier>
      </gmd:referenceSystemIdentifier>
    </gmd:MD_ReferenceSystem>
  </gmd:referenceSystemInfo>
  <gmd:referenceSystemInfo>
    <gmd:MD_ReferenceSystem>
      <gmd:referenceSystemIdentifier>
        <gmd:RS_Identifier>
          <gmd:code>
            <gmx:Anchor xlink:href="http://www.opengis.net/def/crs/EPSG/0/31466">EPSG 31466: DHDN / Gauss-Krüger Zone 2</gmx:Anchor>
          </gmd:code>
        </gmd:RS_Identifier>
      </gmd:referenceSystemIdentifier>
    </gmd:MD_ReferenceSystem>
  </gmd:referenceSystemInfo>
  <gmd:referenceSystemInfo>
    <gmd:MD_ReferenceSystem>
      <gmd:referenceSystemIdentifier>
        <gmd:RS_Identifier>
          <gmd:code>
            <gmx:Anchor xlink:href="http://www.opengis.net/def/crs/EPSG/0/31467">EPSG 31467: DHDN / Gauss-Krüger Zone 3</gmx:Anchor>
          </gmd:code>
        </gmd:RS_Identifier>
      </gmd:referenceSystemIdentifier>
    </gmd:MD_ReferenceSystem>
  </gmd:referenceSystemInfo>
  <gmd:referenceSystemInfo>
    <gmd:MD_ReferenceSystem>
      <gmd:referenceSystemIdentifier>
        <gmd:RS_Identifier>
          <gmd:code>
            <gmx:Anchor xlink:href="http://www.opengis.net/def/crs/EPSG/0/31468">EPSG 31468: DHDN / Gauss-Krüger Zone 4</gmx:Anchor>
          </gmd:code>
        </gmd:RS_Identifier>
      </gmd:referenceSystemIdentifier>
    </gmd:MD_ReferenceSystem>
  </gmd:referenceSystemInfo>
  <gmd:referenceSystemInfo>
    <gmd:MD_ReferenceSystem>
      <gmd:referenceSystemIdentifier>
        <gmd:RS_Identifier>
          <gmd:code>
            <gmx:Anchor xlink:href="http://www.opengis.net/def/crs/EPSG/0/31469">EPSG 31469: DHDN / Gauss-Krüger Zone 5</gmx:Anchor>
          </gmd:code>
        </gmd:RS_Identifier>
      </gmd:referenceSystemIdentifier>
    </gmd:MD_ReferenceSystem>
  </gmd:referenceSystemInfo>
  <gmd:referenceSystemInfo>
    <gmd:MD_ReferenceSystem>
      <gmd:referenceSystemIdentifier>
        <gmd:RS_Identifier>
          <gmd:code>
            <gmx:Anchor xlink:href="http://www.opengis.net/def/crs/EPSG/0/5676">EPSG 5676: DHDN / Gauss-Krüger Zone 2 (E-N)</gmx:Anchor>
          </gmd:code>
        </gmd:RS_Identifier>
      </gmd:referenceSystemIdentifier>
    </gmd:MD_ReferenceSystem>
  </gmd:referenceSystemInfo>
  <gmd:referenceSystemInfo>
    <gmd:MD_ReferenceSystem>
      <gmd:referenceSystemIdentifier>
        <gmd:RS_Identifier>
          <gmd:code>
            <gmx:Anchor xlink:href="http://www.opengis.net/def/crs/EPSG/0/5677">EPSG 5677: DHDN / Gauss-Krüger Zone 3 (E-N)</gmx:Anchor>
          </gmd:code>
        </gmd:RS_Identifier>
      </gmd:referenceSystemIdentifier>
    </gmd:MD_ReferenceSystem>
  </gmd:referenceSystemInfo>
  <gmd:referenceSystemInfo>
    <gmd:MD_ReferenceSystem>
      <gmd:referenceSystemIdentifier>
        <gmd:RS_Identifier>
          <gmd:code>
            <gmx:Anchor xlink:href="http://www.opengis.net/def/crs/EPSG/0/5678">EPSG 5678: DHDN / Gauss-Krüger Zone 4 (E-N)</gmx:Anchor>
          </gmd:code>
        </gmd:RS_Identifier>
      </gmd:referenceSystemIdentifier>
    </gmd:MD_ReferenceSystem>
  </gmd:referenceSystemInfo>
  <gmd:referenceSystemInfo>
    <gmd:MD_ReferenceSystem>
      <gmd:referenceSystemIdentifier>
        <gmd:RS_Identifier>
          <gmd:code>
            <gmx:Anchor xlink:href="http://www.opengis.net/def/crs/EPSG/0/5679">EPSG 5679: DHDN / Gauss-Krüger Zone 5 (E-N)</gmx:Anchor>
          </gmd:code>
        </gmd:RS_Identifier>
      </gmd:referenceSystemIdentifier>
    </gmd:MD_ReferenceSystem>
  </gmd:referenceSystemInfo>
  <gmd:referenceSystemInfo>
    <gmd:MD_ReferenceSystem>
      <gmd:referenceSystemIdentifier>
        <gmd:RS_Identifier>
          <gmd:code>
            <gmx:Anchor xlink:href="http://www.opengis.net/def/crs/EPSG/0/4839">EPSG 4839: ETRS89 / LCC Germany (N-E)</gmx:Anchor>
          </gmd:code>
        </gmd:RS_Identifier>
      </gmd:referenceSystemIdentifier>
    </gmd:MD_ReferenceSystem>
  </gmd:referenceSystemInfo>
  <gmd:referenceSystemInfo>
    <gmd:MD_ReferenceSystem>
      <gmd:referenceSystemIdentifier>
        <gmd:RS_Identifier>
          <gmd:code>
            <gmx:Anchor xlink:href="http://www.opengis.net/def/crs/EPSG/0/4258">EPSG 4258: ETRS89 / geographisch</gmx:Anchor>
          </gmd:code>
        </gmd:RS_Identifier>
      </gmd:referenceSystemIdentifier>
    </gmd:MD_ReferenceSystem>
  </gmd:referenceSystemInfo>
  <gmd:referenceSystemInfo>
    <gmd:MD_ReferenceSystem>
      <gmd:referenceSystemIdentifier>
        <gmd:RS_Identifier>
          <gmd:code>
            <gmx:Anchor xlink:href="http://www.opengis.net/def/crs/EPSG/0/3034">EPSG 3034: ETRS89 / LCC Europe</gmx:Anchor>
          </gmd:code>
        </gmd:RS_Identifier>
      </gmd:referenceSystemIdentifier>
    </gmd:MD_ReferenceSystem>
  </gmd:referenceSystemInfo>
  <gmd:referenceSystemInfo>
    <gmd:MD_ReferenceSystem>
      <gmd:referenceSystemIdentifier>
        <gmd:RS_Identifier>
          <gmd:code>
            <gmx:Anchor xlink:href="http://www.opengis.net/def/crs/EPSG/0/3035">EPSG 3035: ETRS89 / LAEA Europe</gmx:Anchor>
          </gmd:code>
        </gmd:RS_Identifier>
      </gmd:referenceSystemIdentifier>
    </gmd:MD_ReferenceSystem>
  </gmd:referenceSystemInfo>
  <gmd:referenceSystemInfo>
    <gmd:MD_ReferenceSystem>
      <gmd:referenceSystemIdentifier>
        <gmd:RS_Identifier>
          <gmd:code>
            <gmx:Anchor xlink:href="http://www.opengis.net/def/crs/EPSG/0/3044">EPSG 3044: ETRS89 / UTM Zone 32N (N-E)</gmx:Anchor>
          </gmd:code>
        </gmd:RS_Identifier>
      </gmd:referenceSystemIdentifier>
    </gmd:MD_ReferenceSystem>
  </gmd:referenceSystemInfo>
  <gmd:referenceSystemInfo>
    <gmd:MD_ReferenceSystem>
      <gmd:referenceSystemIdentifier>
        <gmd:RS_Identifier>
          <gmd:code>
            <gmx:Anchor xlink:href="http://www.opengis.net/def/crs/EPSG/0/3045">EPSG 3045: ETRS89 / UTM Zone 33N (N-E)</gmx:Anchor>
          </gmd:code>
        </gmd:RS_Identifier>
      </gmd:referenceSystemIdentifier>
    </gmd:MD_ReferenceSystem>
  </gmd:referenceSystemInfo>
  <gmd:referenceSystemInfo>
    <gmd:MD_ReferenceSystem>
      <gmd:referenceSystemIdentifier>
        <gmd:RS_Identifier>
          <gmd:code>
            <gco:CharacterString>CRS 84: CRS 84 / mathematisch</gco:CharacterString>
          </gmd:code>
        </gmd:RS_Identifier>
      </gmd:referenceSystemIdentifier>
    </gmd:MD_ReferenceSystem>
  </gmd:referenceSystemInfo>
  <gmd:identificationInfo>
    <srv:SV_ServiceIdentification uuid="https://registry.gdi-de.org/id/de.bund.bkg.csw/0F8C12D7-151D-3C38-913B-A47404BF00B5">
      <gmd:citation>
        <gmd:CI_Citation>
          <gmd:title>
            <gco:CharacterString>WMS Digitale Topographische Karte 1:100 000</gco:CharacterString>
          </gmd:title>
          <gmd:alternateTitle>
            <gco:CharacterString>Digitale Topographische Karten</gco:CharacterString>
          </gmd:alternateTitle>
          <gmd:alternateTitle>
            <gco:CharacterString>wms_dtk100</gco:CharacterString>
          </gmd:alternateTitle>
          <gmd:date>
            <gmd:CI_Date>
              <gmd:date>
                <gco:DateTime>2017-11-01T00:00:00.000+01:00</gco:DateTime>
              </gmd:date>
              <gmd:dateType>
                <gmd:CI_DateTypeCode codeList="http://standards.iso.org/iso/19139/resources/gmxCodelists.xml#CI_DateTypeCode" codeListValue="creation" />
              </gmd:dateType>
            </gmd:CI_Date>
          </gmd:date>
        </gmd:CI_Citation>
      </gmd:citation>
      <gmd:abstract>
        <gco:CharacterString>Darstellungsdienst der Digitale Topographische Karte 1 : 100.000 (DTK100) für das Gebiet der Bundesrepublik Deutschland. Die Digitale Topographische Karte 1:100 000 (DTK100) beinhaltet die Rasterdaten der "Topographischen Karte 1:100 000 (TK100)". Die DTK100 wird computerunterstützt aus dem ATKIS®-DLM und DGM der Bundesländer abgeleitet. Die Signaturierung der Kartenobjekte folgt den Regeln des Signaturenkatalogs ATKIS®-SK100. Die Rasterdaten sind nach kartographischen Inhaltselementen in Layer (Einzelebenen) gegliedert. Neben dem Summenlayer, der das vollständige farbige Kartenblatt beinhaltet, sind 24 weitere einfarbige Einzellayer Bestandteil der DTK100. Die Daten stehen in einer einheitlichen Rasterauflösung flächendeckend für die Bundesrepublik Deutschland zur Verfügung. Maßstab: 1:100000</gco:CharacterString>
      </gmd:abstract>
      <gmd:status>
        <gmd:MD_ProgressCode codeList="http://standards.iso.org/iso/19139/resources/gmxCodelists.xml#MD_ProgressCode" codeListValue="onGoing" />
      </gmd:status>
      <gmd:pointOfContact>
        <gmd:CI_ResponsibleParty uuid="5A4CDAB7-40CB-42F1-AF10-99B99448E7E6">
          <gmd:organisationName>
            <gco:CharacterString>Zentrale Stelle Geotopographie (ZSGT) am Bundesamt für Kartographie und Geodäsie (BKG)</gco:CharacterString>
          </gmd:organisationName>
          <gmd:positionName>
            <gco:CharacterString>Dienstleistungszentrum des Bundes für Geoinformation und Geodäsie (DLZ)</gco:CharacterString>
          </gmd:positionName>
          <gmd:contactInfo>
            <gmd:CI_Contact>
              <gmd:phone>
                <gmd:CI_Telephone>
                  <gmd:voice>
                    <gco:CharacterString>+49 69 6333-2995</gco:CharacterString>
                  </gmd:voice>
                  <gmd:facsimile>
                    <gco:CharacterString>+49 69 6333-251</gco:CharacterString>
                  </gmd:facsimile>
                </gmd:CI_Telephone>
              </gmd:phone>
              <gmd:address>
                <gmd:CI_Address>
                  <gmd:deliveryPoint>
                    <gco:CharacterString>Karl-Rothe-Str. 10-14</gco:CharacterString>
                  </gmd:deliveryPoint>
                  <gmd:city>
                    <gco:CharacterString>Leipzig</gco:CharacterString>
                  </gmd:city>
                  <gmd:administrativeArea>
                    <gco:CharacterString>Zentrale Stellen</gco:CharacterString>
                  </gmd:administrativeArea>
                  <gmd:postalCode>
                    <gco:CharacterString>04105</gco:CharacterString>
                  </gmd:postalCode>
                  <gmd:country>
                    <gco:CharacterString>DEU</gco:CharacterString>
                  </gmd:country>
                  <gmd:electronicMailAddress>
                    <gco:CharacterString>dlz@bkg.bund.de</gco:CharacterString>
                  </gmd:electronicMailAddress>
                </gmd:CI_Address>
              </gmd:address>
              <gmd:onlineResource>
                <gmd:CI_OnlineResource>
                  <gmd:linkage>
                    <gmd:URL>https://www.bkg.bund.de</gmd:URL>
                  </gmd:linkage>
                </gmd:CI_OnlineResource>
              </gmd:onlineResource>
            </gmd:CI_Contact>
          </gmd:contactInfo>
          <gmd:role>
            <gmd:CI_RoleCode codeList="http://standards.iso.org/iso/19139/resources/gmxCodelists.xml#CI_RoleCode" codeListValue="pointOfContact" />
          </gmd:role>
        </gmd:CI_ResponsibleParty>
      </gmd:pointOfContact>
      <gmd:pointOfContact>
        <gmd:CI_ResponsibleParty uuid="9B9A3FAF-3E53-487A-A3E7-A14DF4A2D454">
          <gmd:organisationName>
            <gco:CharacterString>Zentrale Stelle Geotopographie (ZSGT) am Bundesamt für Kartographie und Geodäsie (BKG)</gco:CharacterString>
          </gmd:organisationName>
          <gmd:contactInfo>
            <gmd:CI_Contact>
              <gmd:phone>
                <gmd:CI_Telephone>
                  <gmd:voice>
                    <gco:CharacterString>+49 69 6333-1</gco:CharacterString>
                  </gmd:voice>
                  <gmd:facsimile>
                    <gco:CharacterString>+49 69 6333-235</gco:CharacterString>
                  </gmd:facsimile>
                </gmd:CI_Telephone>
              </gmd:phone>
              <gmd:address>
                <gmd:CI_Address>
                  <gmd:deliveryPoint>
                    <gco:CharacterString>Richard-Strauss-Allee 11</gco:CharacterString>
                  </gmd:deliveryPoint>
                  <gmd:city>
                    <gco:CharacterString>Frankfurt am Main</gco:CharacterString>
                  </gmd:city>
                  <gmd:administrativeArea>
                    <gco:CharacterString>Zentrale Stellen</gco:CharacterString>
                  </gmd:administrativeArea>
                  <gmd:postalCode>
                    <gco:CharacterString>60598</gco:CharacterString>
                  </gmd:postalCode>
                  <gmd:country>
                    <gco:CharacterString>DEU</gco:CharacterString>
                  </gmd:country>
                  <gmd:electronicMailAddress>
                    <gco:CharacterString>mailbox@bkg.bund.de</gco:CharacterString>
                  </gmd:electronicMailAddress>
                </gmd:CI_Address>
              </gmd:address>
              <gmd:onlineResource>
                <gmd:CI_OnlineResource>
                  <gmd:linkage>
                    <gmd:URL>https://www.bkg.bund.de</gmd:URL>
                  </gmd:linkage>
                </gmd:CI_OnlineResource>
              </gmd:onlineResource>
            </gmd:CI_Contact>
          </gmd:contactInfo>
          <gmd:role>
            <gmd:CI_RoleCode codeList="http://standards.iso.org/iso/19139/resources/gmxCodelists.xml#CI_RoleCode" codeListValue="resourceProvider" />
          </gmd:role>
        </gmd:CI_ResponsibleParty>
      </gmd:pointOfContact>
      <gmd:resourceMaintenance>
        <gmd:MD_MaintenanceInformation>
          <gmd:maintenanceAndUpdateFrequency>
            <gmd:MD_MaintenanceFrequencyCode codeList="http://standards.iso.org/iso/19139/resources/gmxCodelists.xml#MD_MaintenanceFrequencyCode" codeListValue="asNeeded" />
          </gmd:maintenanceAndUpdateFrequency>
          <gmd:updateScope>
            <gmd:MD_ScopeCode codeList="http://standards.iso.org/iso/19139/resources/gmxCodelists.xml#MD_ScopeCode" codeListValue="service" />
          </gmd:updateScope>
        </gmd:MD_MaintenanceInformation>
      </gmd:resourceMaintenance>
      <gmd:graphicOverview>
        <gmd:MD_BrowseGraphic>
          <gmd:fileName>
            <gco:CharacterString>https://mis.bkg.bund.de/preview/DTK100.png</gco:CharacterString>
          </gmd:fileName>
        </gmd:MD_BrowseGraphic>
      </gmd:graphicOverview>
      <gmd:descriptiveKeywords>
        <gmd:MD_Keywords>
          <gmd:keyword xsi:type="gmd:PT_FreeText_PropertyType">
            <gmx:Anchor xlink:href="https://www.eionet.europa.eu/gemet/en/concept/1292">Karte</gmx:Anchor>
            <gmd:PT_FreeText>
              <gmd:textGroup>
                <gmd:LocalisedCharacterString locale="#eng_utf8">map chart</gmd:LocalisedCharacterString>
              </gmd:textGroup>
            </gmd:PT_FreeText>
          </gmd:keyword>
          <gmd:keyword xsi:type="gmd:PT_FreeText_PropertyType">
            <gmx:Anchor xlink:href="https://www.eionet.europa.eu/gemet/en/concept/15344">INSPIRE</gmx:Anchor>
            <gmd:PT_FreeText>
              <gmd:textGroup>
                <gmd:LocalisedCharacterString locale="#eng_utf8">Infrastructure for spatial information in Europe</gmd:LocalisedCharacterString>
              </gmd:textGroup>
            </gmd:PT_FreeText>
          </gmd:keyword>
          <gmd:type>
            <gmd:MD_KeywordTypeCode codeList="http://standards.iso.org/iso/19139/resources/gmxCodelists.xml#MD_KeywordTypeCode" codeListValue="theme" />
          </gmd:type>
          <gmd:thesaurusName>
            <gmd:CI_Citation>
              <gmd:title>
                <gco:CharacterString>GEMET - Concepts, version 3.1</gco:CharacterString>
              </gmd:title>
              <gmd:date>
                <gmd:CI_Date>
                  <gmd:date>
                    <gco:Date>2012-07-20</gco:Date>
                  </gmd:date>
                  <gmd:dateType>
                    <gmd:CI_DateTypeCode codeList="http://standards.iso.org/iso/19139/resources/gmxCodelists.xml#CI_DateTypeCode" codeListValue="publication">publication</gmd:CI_DateTypeCode>
                  </gmd:dateType>
                </gmd:CI_Date>
              </gmd:date>
            </gmd:CI_Citation>
          </gmd:thesaurusName>
        </gmd:MD_Keywords>
      </gmd:descriptiveKeywords>
      <gmd:descriptiveKeywords>
        <gmd:MD_Keywords>
          <gmd:keyword>
            <gco:CharacterString>WMS</gco:CharacterString>
          </gmd:keyword>
          <gmd:keyword>
            <gco:CharacterString>DTK100</gco:CharacterString>
          </gmd:keyword>
          <gmd:keyword>
            <gco:CharacterString>ViewService</gco:CharacterString>
          </gmd:keyword>
          <gmd:keyword>
            <gco:CharacterString>infoMapAccessService</gco:CharacterString>
          </gmd:keyword>
          <gmd:keyword>
            <gco:CharacterString>BKG</gco:CharacterString>
          </gmd:keyword>
          <gmd:keyword>
            <gco:CharacterString>Bundesamt für Kartographie und Geodäsie</gco:CharacterString>
          </gmd:keyword>
          <gmd:keyword>
            <gco:CharacterString>DTK</gco:CharacterString>
          </gmd:keyword>
          <gmd:keyword>
            <gco:CharacterString>Digitale Topographische Karten</gco:CharacterString>
          </gmd:keyword>
          <gmd:keyword>
            <gco:CharacterString>Deutschland</gco:CharacterString>
          </gmd:keyword>
          <gmd:keyword>
            <gco:CharacterString>Digitale</gco:CharacterString>
          </gmd:keyword>
          <gmd:keyword>
            <gco:CharacterString>Topographische</gco:CharacterString>
          </gmd:keyword>
          <gmd:keyword>
            <gco:CharacterString>Karten</gco:CharacterString>
          </gmd:keyword>
          <gmd:keyword>
            <gco:CharacterString>Bundesrepublik</gco:CharacterString>
          </gmd:keyword>
          <gmd:keyword>
            <gco:CharacterString>Graustufen</gco:CharacterString>
          </gmd:keyword>
          <gmd:keyword>
            <gco:CharacterString>AdV</gco:CharacterString>
          </gmd:keyword>
          <gmd:keyword>
            <gco:CharacterString>Geobasisdaten</gco:CharacterString>
          </gmd:keyword>
          <gmd:keyword>
            <gco:CharacterString>wms_dtk100</gco:CharacterString>
          </gmd:keyword>
          <gmd:keyword>
            <gco:CharacterString>INSPIRE:ViewService</gco:CharacterString>
          </gmd:keyword>
          <gmd:keyword>
            <gco:CharacterString>Hintergrundkarte</gco:CharacterString>
          </gmd:keyword>
        </gmd:MD_Keywords>
      </gmd:descriptiveKeywords>
      <gmd:descriptiveKeywords>
        <gmd:MD_Keywords>
          <gmd:keyword>
            <gco:CharacterString>infoMapAccessService</gco:CharacterString>
          </gmd:keyword>
          <gmd:type>
            <gmd:MD_KeywordTypeCode codeList="http://standards.iso.org/iso/19139/resources/gmxCodelists.xml#MD_KeywordTypeCode" codeListValue="theme" />
          </gmd:type>
          <gmd:thesaurusName>
            <gmd:CI_Citation>
              <gmd:title>
                <gco:CharacterString>Service Classification, version 1.0</gco:CharacterString>
              </gmd:title>
              <gmd:date>
                <gmd:CI_Date>
                  <gmd:date>
                    <gco:Date>2008-06-01</gco:Date>
                  </gmd:date>
                  <gmd:dateType>
                    <gmd:CI_DateTypeCode codeList="http://standards.iso.org/iso/19139/resources/gmxCodelists.xml#CI_DateTypeCode" codeListValue="publication">publication</gmd:CI_DateTypeCode>
                  </gmd:dateType>
                </gmd:CI_Date>
              </gmd:date>
            </gmd:CI_Citation>
          </gmd:thesaurusName>
        </gmd:MD_Keywords>
      </gmd:descriptiveKeywords>
      <gmd:descriptiveKeywords>
        <gmd:MD_Keywords>
          <gmd:keyword>
            <gco:CharacterString>AdVMIS</gco:CharacterString>
          </gmd:keyword>
        </gmd:MD_Keywords>
      </gmd:descriptiveKeywords>
      <gmd:resourceConstraints>
        <gmd:MD_LegalConstraints>
          <gmd:accessConstraints>
            <gmd:MD_RestrictionCode codeList="http://standards.iso.org/iso/19139/resources/gmxCodelists.xml#MD_RestrictionCode" codeListValue="otherRestrictions">otherRestrictions</gmd:MD_RestrictionCode>
          </gmd:accessConstraints>
          <gmd:otherConstraints>
            <gmx:Anchor xlink:href="http://inspire.ec.europa.eu/metadata-codelist/LimitationsOnPublicAccess/noLimitations">Es gelten keine Zugriffsbeschränkungen</gmx:Anchor>
          </gmd:otherConstraints>
        </gmd:MD_LegalConstraints>
      </gmd:resourceConstraints>
      <gmd:resourceConstraints>
        <gmd:MD_LegalConstraints>
          <gmd:useConstraints>
            <gmd:MD_RestrictionCode codeList="http://standards.iso.org/iso/19139/resources/gmxCodelists.xml#MD_RestrictionCode" codeListValue="otherRestrictions">otherRestrictions</gmd:MD_RestrictionCode>
          </gmd:useConstraints>
          <gmd:otherConstraints>
            <gco:CharacterString>Die Daten sind urheberrechtlich geschützt. Die Daten werden geldleistungsfrei gemäß der Creative Commons Namensnennung 4.0 International Lizenz (https://creativecommons.org/licenses/by/4.0/) zur Verfügung gestellt. Daten, die unter der Lizenz CC BY 4.0 stehen, dürfen unter einer Namensnennung geteilt, vervielfältigt und bearbeitet werden. Die Namensnennung ist im Quellenvermerk enthalten. Der Quellenvermerk ist zu beachten.</gco:CharacterString>
          </gmd:otherConstraints>
          <gmd:otherConstraints>
            <gco:CharacterString>Quellenvermerk: © GeoBasis-DE / BKG (Jahr des letzten Datenbezugs) CC BY 4.0</gco:CharacterString>
          </gmd:otherConstraints>
        </gmd:MD_LegalConstraints>
      </gmd:resourceConstraints>
      <srv:serviceType>
        <gco:LocalName>view</gco:LocalName>
      </srv:serviceType>
      <srv:serviceTypeVersion>
        <gco:CharacterString>OGC:WMS 1.3.0</gco:CharacterString>
      </srv:serviceTypeVersion>
      <srv:extent>
        <gmd:EX_Extent>
          <gmd:geographicElement>
            <gmd:EX_GeographicDescription>
              <gmd:extentTypeCode>
                <gco:Boolean>true</gco:Boolean>
              </gmd:extentTypeCode>
              <gmd:geographicIdentifier>
                <gmd:MD_Identifier>
                  <gmd:code>
                    <gco:CharacterString>Raumbezug des Datensatzes</gco:CharacterString>
                  </gmd:code>
                </gmd:MD_Identifier>
              </gmd:geographicIdentifier>
            </gmd:EX_GeographicDescription>
          </gmd:geographicElement>
          <gmd:geographicElement>
            <gmd:EX_GeographicBoundingBox>
              <gmd:extentTypeCode>
                <gco:Boolean>true</gco:Boolean>
              </gmd:extentTypeCode>
              <gmd:westBoundLongitude>
                <gco:Decimal>5.544808089980517</gco:Decimal>
              </gmd:westBoundLongitude>
              <gmd:eastBoundLongitude>
                <gco:Decimal>16.19993161012367</gco:Decimal>
              </gmd:eastBoundLongitude>
              <gmd:southBoundLatitude>
                <gco:Decimal>46.79451428699947</gco:Decimal>
              </gmd:southBoundLatitude>
              <gmd:northBoundLatitude>
                <gco:Decimal>55.226485667853304</gco:Decimal>
              </gmd:northBoundLatitude>
            </gmd:EX_GeographicBoundingBox>
          </gmd:geographicElement>
        </gmd:EX_Extent>
      </srv:extent>
      <srv:coupledResource>
        <srv:SV_CoupledResource>
          <srv:operationName>
            <gco:CharacterString>GetCapabilities</gco:CharacterString>
          </srv:operationName>
          <srv:identifier>
            <gco:CharacterString>https://registry.gdi-de.org/id/de.bund.bkg.csw/8795a19e-ab93-4834-881f-9ca98a24ab07</gco:CharacterString>
          </srv:identifier>
        </srv:SV_CoupledResource>
      </srv:coupledResource>
      <srv:coupledResource>
        <srv:SV_CoupledResource>
          <srv:operationName>
            <gco:CharacterString>GetMap</gco:CharacterString>
          </srv:operationName>
          <srv:identifier>
            <gco:CharacterString>https://registry.gdi-de.org/id/de.bund.bkg.csw/8795a19e-ab93-4834-881f-9ca98a24ab07</gco:CharacterString>
          </srv:identifier>
        </srv:SV_CoupledResource>
      </srv:coupledResource>
      <srv:coupledResource>
        <srv:SV_CoupledResource>
          <srv:operationName>
            <gco:CharacterString>GetFeatureInfo</gco:CharacterString>
          </srv:operationName>
          <srv:identifier>
            <gco:CharacterString>https://registry.gdi-de.org/id/de.bund.bkg.csw/8795a19e-ab93-4834-881f-9ca98a24ab07</gco:CharacterString>
          </srv:identifier>
        </srv:SV_CoupledResource>
      </srv:coupledResource>
      <srv:couplingType>
        <srv:SV_CouplingType codeList="http://standards.iso.org/iso/19139/resources/gmxCodelists.xml#SV_CouplingType" codeListValue="tight" />
      </srv:couplingType>
      <srv:containsOperations>
        <srv:SV_OperationMetadata>
          <srv:operationName>
            <gco:CharacterString>GetCapabilities</gco:CharacterString>
          </srv:operationName>
          <srv:DCP>
            <srv:DCPList codeList="http://standards.iso.org/iso/19139/resources/gmxCodelists.xml#CSW_DCPCodeType" codeListValue="HTTPGet" />
          </srv:DCP>
          <srv:invocationName>
            <gco:CharacterString>GetCapabilities</gco:CharacterString>
          </srv:invocationName>
          <srv:parameters>
            <srv:SV_Parameter>
              <srv:name>
                <gco:aName>
                  <gco:CharacterString>SERVICE=WMS</gco:CharacterString>
                </gco:aName>
                <gco:attributeType />
              </srv:name>
              <srv:description>
                <gco:CharacterString>Service type</gco:CharacterString>
              </srv:description>
              <srv:optionality>
                <gco:CharacterString>0</gco:CharacterString>
              </srv:optionality>
              <srv:repeatability>
                <gco:Boolean>false</gco:Boolean>
              </srv:repeatability>
              <srv:valueType>
                <gco:TypeName>
                  <gco:aName>
                    <gco:CharacterString />
                  </gco:aName>
                </gco:TypeName>
              </srv:valueType>
            </srv:SV_Parameter>
          </srv:parameters>
          <srv:parameters>
            <srv:SV_Parameter>
              <srv:name>
                <gco:aName>
                  <gco:CharacterString>REQUEST=GetCapabilities</gco:CharacterString>
                </gco:aName>
                <gco:attributeType />
              </srv:name>
              <srv:description>
                <gco:CharacterString>Request name</gco:CharacterString>
              </srv:description>
              <srv:optionality>
                <gco:CharacterString>0</gco:CharacterString>
              </srv:optionality>
              <srv:repeatability>
                <gco:Boolean>false</gco:Boolean>
              </srv:repeatability>
              <srv:valueType>
                <gco:TypeName>
                  <gco:aName>
                    <gco:CharacterString />
                  </gco:aName>
                </gco:TypeName>
              </srv:valueType>
            </srv:SV_Parameter>
          </srv:parameters>
          <srv:parameters>
            <srv:SV_Parameter>
              <srv:name>
                <gco:aName>
                  <gco:CharacterString>UPDATESEQUENCE=number</gco:CharacterString>
                </gco:aName>
                <gco:attributeType />
              </srv:name>
              <srv:description>
                <gco:CharacterString>Sequence number for cache control</gco:CharacterString>
              </srv:description>
              <srv:optionality>
                <gco:CharacterString>1</gco:CharacterString>
              </srv:optionality>
              <srv:repeatability>
                <gco:Boolean>false</gco:Boolean>
              </srv:repeatability>
              <srv:valueType>
                <gco:TypeName>
                  <gco:aName>
                    <gco:CharacterString />
                  </gco:aName>
                </gco:TypeName>
              </srv:valueType>
            </srv:SV_Parameter>
          </srv:parameters>
          <srv:parameters>
            <srv:SV_Parameter>
              <srv:name>
                <gco:aName>
                  <gco:CharacterString>VERSION=1.3.0</gco:CharacterString>
                </gco:aName>
                <gco:attributeType />
              </srv:name>
              <srv:description>
                <gco:CharacterString>Request version</gco:CharacterString>
              </srv:description>
              <srv:optionality>
                <gco:CharacterString>1</gco:CharacterString>
              </srv:optionality>
              <srv:repeatability>
                <gco:Boolean>false</gco:Boolean>
              </srv:repeatability>
              <srv:valueType>
                <gco:TypeName>
                  <gco:aName>
                    <gco:CharacterString />
                  </gco:aName>
                </gco:TypeName>
              </srv:valueType>
            </srv:SV_Parameter>
          </srv:parameters>
          <srv:connectPoint>
            <gmd:CI_OnlineResource>
              <gmd:linkage>
                <gmd:URL>https://sgx.geodatenzentrum.de/wms_dtk100?SERVICE=WMS&amp;REQUEST=GetCapabilities</gmd:URL>
              </gmd:linkage>
            </gmd:CI_OnlineResource>
          </srv:connectPoint>
        </srv:SV_OperationMetadata>
      </srv:containsOperations>
      <srv:containsOperations>
        <srv:SV_OperationMetadata>
          <srv:operationName>
            <gco:CharacterString>GetMap</gco:CharacterString>
          </srv:operationName>
          <srv:DCP>
            <srv:DCPList codeList="http://standards.iso.org/iso/19139/resources/gmxCodelists.xml#CSW_DCPCodeType" codeListValue="HTTPGet" />
          </srv:DCP>
          <srv:invocationName>
            <gco:CharacterString>GetMap</gco:CharacterString>
          </srv:invocationName>
          <srv:parameters>
            <srv:SV_Parameter>
              <srv:name>
                <gco:aName>
                  <gco:CharacterString>BBOX=minx,miny,maxx,maxy</gco:CharacterString>
                </gco:aName>
                <gco:attributeType />
              </srv:name>
              <srv:description>
                <gco:CharacterString>Bounding box corners (lower left, upper right) in SRS units</gco:CharacterString>
              </srv:description>
              <srv:optionality>
                <gco:CharacterString>0</gco:CharacterString>
              </srv:optionality>
              <srv:repeatability>
                <gco:Boolean>false</gco:Boolean>
              </srv:repeatability>
              <srv:valueType>
                <gco:TypeName>
                  <gco:aName>
                    <gco:CharacterString />
                  </gco:aName>
                </gco:TypeName>
              </srv:valueType>
            </srv:SV_Parameter>
          </srv:parameters>
          <srv:parameters>
            <srv:SV_Parameter>
              <srv:name>
                <gco:aName>
                  <gco:CharacterString>Other sample dimension(s)</gco:CharacterString>
                </gco:aName>
                <gco:attributeType />
              </srv:name>
              <srv:description>
                <gco:CharacterString>Value of other dimensions as appropriate</gco:CharacterString>
              </srv:description>
              <srv:optionality>
                <gco:CharacterString>1</gco:CharacterString>
              </srv:optionality>
              <srv:repeatability>
                <gco:Boolean>false</gco:Boolean>
              </srv:repeatability>
              <srv:valueType>
                <gco:TypeName>
                  <gco:aName>
                    <gco:CharacterString />
                  </gco:aName>
                </gco:TypeName>
              </srv:valueType>
            </srv:SV_Parameter>
          </srv:parameters>
          <srv:parameters>
            <srv:SV_Parameter>
              <srv:name>
                <gco:aName>
                  <gco:CharacterString>ELEVATION=elevation</gco:CharacterString>
                </gco:aName>
                <gco:attributeType />
              </srv:name>
              <srv:description>
                <gco:CharacterString>Elevation of layer desired</gco:CharacterString>
              </srv:description>
              <srv:optionality>
                <gco:CharacterString>1</gco:CharacterString>
              </srv:optionality>
              <srv:repeatability>
                <gco:Boolean>false</gco:Boolean>
              </srv:repeatability>
              <srv:valueType>
                <gco:TypeName>
                  <gco:aName>
                    <gco:CharacterString />
                  </gco:aName>
                </gco:TypeName>
              </srv:valueType>
            </srv:SV_Parameter>
          </srv:parameters>
          <srv:parameters>
            <srv:SV_Parameter>
              <srv:name>
                <gco:aName>
                  <gco:CharacterString>TIME=time</gco:CharacterString>
                </gco:aName>
                <gco:attributeType />
              </srv:name>
              <srv:description>
                <gco:CharacterString>Time value of layer desired</gco:CharacterString>
              </srv:description>
              <srv:optionality>
                <gco:CharacterString>1</gco:CharacterString>
              </srv:optionality>
              <srv:repeatability>
                <gco:Boolean>false</gco:Boolean>
              </srv:repeatability>
              <srv:valueType>
                <gco:TypeName>
                  <gco:aName>
                    <gco:CharacterString />
                  </gco:aName>
                </gco:TypeName>
              </srv:valueType>
            </srv:SV_Parameter>
          </srv:parameters>
          <srv:parameters>
            <srv:SV_Parameter>
              <srv:name>
                <gco:aName>
                  <gco:CharacterString>LAYERS=layer_list</gco:CharacterString>
                </gco:aName>
                <gco:attributeType />
              </srv:name>
              <srv:description>
                <gco:CharacterString>Comma-separated list of one or more map layers. Optional if SLD parameter is present</gco:CharacterString>
              </srv:description>
              <srv:optionality>
                <gco:CharacterString>0</gco:CharacterString>
              </srv:optionality>
              <srv:repeatability>
                <gco:Boolean>false</gco:Boolean>
              </srv:repeatability>
              <srv:valueType>
                <gco:TypeName>
                  <gco:aName>
                    <gco:CharacterString />
                  </gco:aName>
                </gco:TypeName>
              </srv:valueType>
            </srv:SV_Parameter>
          </srv:parameters>
          <srv:parameters>
            <srv:SV_Parameter>
              <srv:name>
                <gco:aName>
                  <gco:CharacterString>FORMAT=output_format</gco:CharacterString>
                </gco:aName>
                <gco:attributeType />
              </srv:name>
              <srv:description>
                <gco:CharacterString>Output format of map</gco:CharacterString>
              </srv:description>
              <srv:optionality>
                <gco:CharacterString>0</gco:CharacterString>
              </srv:optionality>
              <srv:repeatability>
                <gco:Boolean>false</gco:Boolean>
              </srv:repeatability>
              <srv:valueType>
                <gco:TypeName>
                  <gco:aName>
                    <gco:CharacterString />
                  </gco:aName>
                </gco:TypeName>
              </srv:valueType>
            </srv:SV_Parameter>
          </srv:parameters>
          <srv:parameters>
            <srv:SV_Parameter>
              <srv:name>
                <gco:aName>
                  <gco:CharacterString>WFS=web_feature_service_URL</gco:CharacterString>
                </gco:aName>
                <gco:attributeType />
              </srv:name>
              <srv:description>
                <gco:CharacterString>URL of Web Feature Service providing features to be symbolized using SLD</gco:CharacterString>
              </srv:description>
              <srv:optionality>
                <gco:CharacterString>1</gco:CharacterString>
              </srv:optionality>
              <srv:repeatability>
                <gco:Boolean>false</gco:Boolean>
              </srv:repeatability>
              <srv:valueType>
                <gco:TypeName>
                  <gco:aName>
                    <gco:CharacterString />
                  </gco:aName>
                </gco:TypeName>
              </srv:valueType>
            </srv:SV_Parameter>
          </srv:parameters>
          <srv:parameters>
            <srv:SV_Parameter>
              <srv:name>
                <gco:aName>
                  <gco:CharacterString>VERSION=1.3.0</gco:CharacterString>
                </gco:aName>
                <gco:attributeType />
              </srv:name>
              <srv:description>
                <gco:CharacterString>Request version</gco:CharacterString>
              </srv:description>
              <srv:optionality>
                <gco:CharacterString>0</gco:CharacterString>
              </srv:optionality>
              <srv:repeatability>
                <gco:Boolean>false</gco:Boolean>
              </srv:repeatability>
              <srv:valueType>
                <gco:TypeName>
                  <gco:aName>
                    <gco:CharacterString />
                  </gco:aName>
                </gco:TypeName>
              </srv:valueType>
            </srv:SV_Parameter>
          </srv:parameters>
          <srv:parameters>
            <srv:SV_Parameter>
              <srv:name>
                <gco:aName>
                  <gco:CharacterString>TRANSPARENT=TRUE|FALSE</gco:CharacterString>
                </gco:aName>
                <gco:attributeType />
              </srv:name>
              <srv:description>
                <gco:CharacterString>Background transparency of map (default=FALSE)</gco:CharacterString>
              </srv:description>
              <srv:optionality>
                <gco:CharacterString>1</gco:CharacterString>
              </srv:optionality>
              <srv:repeatability>
                <gco:Boolean>false</gco:Boolean>
              </srv:repeatability>
              <srv:valueType>
                <gco:TypeName>
                  <gco:aName>
                    <gco:CharacterString />
                  </gco:aName>
                </gco:TypeName>
              </srv:valueType>
            </srv:SV_Parameter>
          </srv:parameters>
          <srv:parameters>
            <srv:SV_Parameter>
              <srv:name>
                <gco:aName>
                  <gco:CharacterString>STYLES=style_list</gco:CharacterString>
                </gco:aName>
                <gco:attributeType />
              </srv:name>
              <srv:description>
                <gco:CharacterString>Comma-separated list of one rendering style per requested layer. Optional if SLD parameter is present</gco:CharacterString>
              </srv:description>
              <srv:optionality>
                <gco:CharacterString>0</gco:CharacterString>
              </srv:optionality>
              <srv:repeatability>
                <gco:Boolean>false</gco:Boolean>
              </srv:repeatability>
              <srv:valueType>
                <gco:TypeName>
                  <gco:aName>
                    <gco:CharacterString />
                  </gco:aName>
                </gco:TypeName>
              </srv:valueType>
            </srv:SV_Parameter>
          </srv:parameters>
          <srv:parameters>
            <srv:SV_Parameter>
              <srv:name>
                <gco:aName>
                  <gco:CharacterString>REQUEST=GetMap</gco:CharacterString>
                </gco:aName>
                <gco:attributeType />
              </srv:name>
              <srv:description>
                <gco:CharacterString>Request name</gco:CharacterString>
              </srv:description>
              <srv:optionality>
                <gco:CharacterString>0</gco:CharacterString>
              </srv:optionality>
              <srv:repeatability>
                <gco:Boolean>false</gco:Boolean>
              </srv:repeatability>
              <srv:valueType>
                <gco:TypeName>
                  <gco:aName>
                    <gco:CharacterString />
                  </gco:aName>
                </gco:TypeName>
              </srv:valueType>
            </srv:SV_Parameter>
          </srv:parameters>
          <srv:parameters>
            <srv:SV_Parameter>
              <srv:name>
                <gco:aName>
                  <gco:CharacterString>HEIGHT=output_height</gco:CharacterString>
                </gco:aName>
                <gco:attributeType />
              </srv:name>
              <srv:description>
                <gco:CharacterString>Height in pixels of map picture</gco:CharacterString>
              </srv:description>
              <srv:optionality>
                <gco:CharacterString>0</gco:CharacterString>
              </srv:optionality>
              <srv:repeatability>
                <gco:Boolean>false</gco:Boolean>
              </srv:repeatability>
              <srv:valueType>
                <gco:TypeName>
                  <gco:aName>
                    <gco:CharacterString />
                  </gco:aName>
                </gco:TypeName>
              </srv:valueType>
            </srv:SV_Parameter>
          </srv:parameters>
          <srv:parameters>
            <srv:SV_Parameter>
              <srv:name>
                <gco:aName>
                  <gco:CharacterString>SRS=namespace:identifier</gco:CharacterString>
                </gco:aName>
                <gco:attributeType />
              </srv:name>
              <srv:description>
                <gco:CharacterString>Spatial Reference System</gco:CharacterString>
              </srv:description>
              <srv:optionality>
                <gco:CharacterString>0</gco:CharacterString>
              </srv:optionality>
              <srv:repeatability>
                <gco:Boolean>false</gco:Boolean>
              </srv:repeatability>
              <srv:valueType>
                <gco:TypeName>
                  <gco:aName>
                    <gco:CharacterString />
                  </gco:aName>
                </gco:TypeName>
              </srv:valueType>
            </srv:SV_Parameter>
          </srv:parameters>
          <srv:parameters>
            <srv:SV_Parameter>
              <srv:name>
                <gco:aName>
                  <gco:CharacterString>EXCEPTIONS=exception_format</gco:CharacterString>
                </gco:aName>
                <gco:attributeType />
              </srv:name>
              <srv:description>
                <gco:CharacterString>The format in which exceptions are to be reported by the WMS (default=SE_XML)</gco:CharacterString>
              </srv:description>
              <srv:optionality>
                <gco:CharacterString>1</gco:CharacterString>
              </srv:optionality>
              <srv:repeatability>
                <gco:Boolean>false</gco:Boolean>
              </srv:repeatability>
              <srv:valueType>
                <gco:TypeName>
                  <gco:aName>
                    <gco:CharacterString />
                  </gco:aName>
                </gco:TypeName>
              </srv:valueType>
            </srv:SV_Parameter>
          </srv:parameters>
          <srv:parameters>
            <srv:SV_Parameter>
              <srv:name>
                <gco:aName>
                  <gco:CharacterString>BGCOLOR=color_value</gco:CharacterString>
                </gco:aName>
                <gco:attributeType />
              </srv:name>
              <srv:description>
                <gco:CharacterString>Hexadecimal red-green-blue color value for the background color (default=0xFFFFFF)</gco:CharacterString>
              </srv:description>
              <srv:optionality>
                <gco:CharacterString>1</gco:CharacterString>
              </srv:optionality>
              <srv:repeatability>
                <gco:Boolean>false</gco:Boolean>
              </srv:repeatability>
              <srv:valueType>
                <gco:TypeName>
                  <gco:aName>
                    <gco:CharacterString />
                  </gco:aName>
                </gco:TypeName>
              </srv:valueType>
            </srv:SV_Parameter>
          </srv:parameters>
          <srv:parameters>
            <srv:SV_Parameter>
              <srv:name>
                <gco:aName>
                  <gco:CharacterString>SLD=styled_layer_descriptor_URL</gco:CharacterString>
                </gco:aName>
                <gco:attributeType />
              </srv:name>
              <srv:description>
                <gco:CharacterString>URL of Styled Layer Descriptor (as defined in SLD Specification)</gco:CharacterString>
              </srv:description>
              <srv:optionality>
                <gco:CharacterString>1</gco:CharacterString>
              </srv:optionality>
              <srv:repeatability>
                <gco:Boolean>false</gco:Boolean>
              </srv:repeatability>
              <srv:valueType>
                <gco:TypeName>
                  <gco:aName>
                    <gco:CharacterString />
                  </gco:aName>
                </gco:TypeName>
              </srv:valueType>
            </srv:SV_Parameter>
          </srv:parameters>
          <srv:parameters>
            <srv:SV_Parameter>
              <srv:name>
                <gco:aName>
                  <gco:CharacterString>WIDTH=output_width</gco:CharacterString>
                </gco:aName>
                <gco:attributeType />
              </srv:name>
              <srv:description>
                <gco:CharacterString>Width in pixels of map picture</gco:CharacterString>
              </srv:description>
              <srv:optionality>
                <gco:CharacterString>0</gco:CharacterString>
              </srv:optionality>
              <srv:repeatability>
                <gco:Boolean>false</gco:Boolean>
              </srv:repeatability>
              <srv:valueType>
                <gco:TypeName>
                  <gco:aName>
                    <gco:CharacterString />
                  </gco:aName>
                </gco:TypeName>
              </srv:valueType>
            </srv:SV_Parameter>
          </srv:parameters>
          <srv:parameters>
            <srv:SV_Parameter>
              <srv:name>
                <gco:aName>
                  <gco:CharacterString>Vendor-specific parameters</gco:CharacterString>
                </gco:aName>
                <gco:attributeType />
              </srv:name>
              <srv:description>
                <gco:CharacterString>Optional experimental parameters</gco:CharacterString>
              </srv:description>
              <srv:optionality>
                <gco:CharacterString>1</gco:CharacterString>
              </srv:optionality>
              <srv:repeatability>
                <gco:Boolean>false</gco:Boolean>
              </srv:repeatability>
              <srv:valueType>
                <gco:TypeName>
                  <gco:aName>
                    <gco:CharacterString />
                  </gco:aName>
                </gco:TypeName>
              </srv:valueType>
            </srv:SV_Parameter>
          </srv:parameters>
          <srv:connectPoint>
            <gmd:CI_OnlineResource>
              <gmd:linkage>
                <gmd:URL>https://sgx.geodatenzentrum.de/wms_dtk100?SERVICE=WMS&amp;</gmd:URL>
              </gmd:linkage>
            </gmd:CI_OnlineResource>
          </srv:connectPoint>
        </srv:SV_OperationMetadata>
      </srv:containsOperations>
      <srv:containsOperations>
        <srv:SV_OperationMetadata>
          <srv:operationName>
            <gco:CharacterString>GetFeatureInfo</gco:CharacterString>
          </srv:operationName>
          <srv:DCP>
            <srv:DCPList codeList="http://standards.iso.org/iso/19139/resources/gmxCodelists.xml#CSW_DCPCodeType" codeListValue="HTTPGet" />
          </srv:DCP>
          <srv:invocationName>
            <gco:CharacterString>GetFeatureInfo</gco:CharacterString>
          </srv:invocationName>
          <srv:parameters>
            <srv:SV_Parameter>
              <srv:name>
                <gco:aName>
                  <gco:CharacterString>X=pixel_column</gco:CharacterString>
                </gco:aName>
                <gco:attributeType />
              </srv:name>
              <srv:description>
                <gco:CharacterString>X coordinate in pixels of feature (measured from upper left corner=0)</gco:CharacterString>
              </srv:description>
              <srv:optionality>
                <gco:CharacterString>0</gco:CharacterString>
              </srv:optionality>
              <srv:repeatability>
                <gco:Boolean>false</gco:Boolean>
              </srv:repeatability>
              <srv:valueType>
                <gco:TypeName>
                  <gco:aName>
                    <gco:CharacterString />
                  </gco:aName>
                </gco:TypeName>
              </srv:valueType>
            </srv:SV_Parameter>
          </srv:parameters>
          <srv:parameters>
            <srv:SV_Parameter>
              <srv:name>
                <gco:aName>
                  <gco:CharacterString>EXCEPTIONS=exception_format</gco:CharacterString>
                </gco:aName>
                <gco:attributeType />
              </srv:name>
              <srv:description>
                <gco:CharacterString>The format in which exceptions are to be reported by the WMS (default=application/vnd.ogc.se_xml)</gco:CharacterString>
              </srv:description>
              <srv:optionality>
                <gco:CharacterString>1</gco:CharacterString>
              </srv:optionality>
              <srv:repeatability>
                <gco:Boolean>false</gco:Boolean>
              </srv:repeatability>
              <srv:valueType>
                <gco:TypeName>
                  <gco:aName>
                    <gco:CharacterString />
                  </gco:aName>
                </gco:TypeName>
              </srv:valueType>
            </srv:SV_Parameter>
          </srv:parameters>
          <srv:parameters>
            <srv:SV_Parameter>
              <srv:name>
                <gco:aName>
                  <gco:CharacterString>(map_request_copy)</gco:CharacterString>
                </gco:aName>
                <gco:attributeType />
              </srv:name>
              <srv:description>
                <gco:CharacterString>Partial copy of the Map request parameters that generated the map for which information is desired</gco:CharacterString>
              </srv:description>
              <srv:optionality>
                <gco:CharacterString>0</gco:CharacterString>
              </srv:optionality>
              <srv:repeatability>
                <gco:Boolean>false</gco:Boolean>
              </srv:repeatability>
              <srv:valueType>
                <gco:TypeName>
                  <gco:aName>
                    <gco:CharacterString />
                  </gco:aName>
                </gco:TypeName>
              </srv:valueType>
            </srv:SV_Parameter>
          </srv:parameters>
          <srv:parameters>
            <srv:SV_Parameter>
              <srv:name>
                <gco:aName>
                  <gco:CharacterString>INFO_FORMAT=output_format</gco:CharacterString>
                </gco:aName>
                <gco:attributeType />
              </srv:name>
              <srv:description>
                <gco:CharacterString>Return format of feature information (MIME type)</gco:CharacterString>
              </srv:description>
              <srv:optionality>
                <gco:CharacterString>1</gco:CharacterString>
              </srv:optionality>
              <srv:repeatability>
                <gco:Boolean>false</gco:Boolean>
              </srv:repeatability>
              <srv:valueType>
                <gco:TypeName>
                  <gco:aName>
                    <gco:CharacterString />
                  </gco:aName>
                </gco:TypeName>
              </srv:valueType>
            </srv:SV_Parameter>
          </srv:parameters>
          <srv:parameters>
            <srv:SV_Parameter>
              <srv:name>
                <gco:aName>
                  <gco:CharacterString>VERSION=1.3.0</gco:CharacterString>
                </gco:aName>
                <gco:attributeType />
              </srv:name>
              <srv:description>
                <gco:CharacterString>Request version</gco:CharacterString>
              </srv:description>
              <srv:optionality>
                <gco:CharacterString>0</gco:CharacterString>
              </srv:optionality>
              <srv:repeatability>
                <gco:Boolean>false</gco:Boolean>
              </srv:repeatability>
              <srv:valueType>
                <gco:TypeName>
                  <gco:aName>
                    <gco:CharacterString />
                  </gco:aName>
                </gco:TypeName>
              </srv:valueType>
            </srv:SV_Parameter>
          </srv:parameters>
          <srv:parameters>
            <srv:SV_Parameter>
              <srv:name>
                <gco:aName>
                  <gco:CharacterString>QUERY_LAYERS=layer_list</gco:CharacterString>
                </gco:aName>
                <gco:attributeType />
              </srv:name>
              <srv:description>
                <gco:CharacterString>Comma-separated list of one or more layers to be queried</gco:CharacterString>
              </srv:description>
              <srv:optionality>
                <gco:CharacterString>0</gco:CharacterString>
              </srv:optionality>
              <srv:repeatability>
                <gco:Boolean>false</gco:Boolean>
              </srv:repeatability>
              <srv:valueType>
                <gco:TypeName>
                  <gco:aName>
                    <gco:CharacterString />
                  </gco:aName>
                </gco:TypeName>
              </srv:valueType>
            </srv:SV_Parameter>
          </srv:parameters>
          <srv:parameters>
            <srv:SV_Parameter>
              <srv:name>
                <gco:aName>
                  <gco:CharacterString>Vendor-specific parameters</gco:CharacterString>
                </gco:aName>
                <gco:attributeType />
              </srv:name>
              <srv:description>
                <gco:CharacterString>Optional experimental parameters</gco:CharacterString>
              </srv:description>
              <srv:optionality>
                <gco:CharacterString>1</gco:CharacterString>
              </srv:optionality>
              <srv:repeatability>
                <gco:Boolean>false</gco:Boolean>
              </srv:repeatability>
              <srv:valueType>
                <gco:TypeName>
                  <gco:aName>
                    <gco:CharacterString />
                  </gco:aName>
                </gco:TypeName>
              </srv:valueType>
            </srv:SV_Parameter>
          </srv:parameters>
          <srv:parameters>
            <srv:SV_Parameter>
              <srv:name>
                <gco:aName>
                  <gco:CharacterString>REQUEST=GetFeatureInfo</gco:CharacterString>
                </gco:aName>
                <gco:attributeType />
              </srv:name>
              <srv:description>
                <gco:CharacterString>Request name</gco:CharacterString>
              </srv:description>
              <srv:optionality>
                <gco:CharacterString>0</gco:CharacterString>
              </srv:optionality>
              <srv:repeatability>
                <gco:Boolean>false</gco:Boolean>
              </srv:repeatability>
              <srv:valueType>
                <gco:TypeName>
                  <gco:aName>
                    <gco:CharacterString />
                  </gco:aName>
                </gco:TypeName>
              </srv:valueType>
            </srv:SV_Parameter>
          </srv:parameters>
          <srv:parameters>
            <srv:SV_Parameter>
              <srv:name>
                <gco:aName>
                  <gco:CharacterString>FEATURE_COUNT=number</gco:CharacterString>
                </gco:aName>
                <gco:attributeType />
              </srv:name>
              <srv:description>
                <gco:CharacterString>Number of features about which to return information (default=1)</gco:CharacterString>
              </srv:description>
              <srv:optionality>
                <gco:CharacterString>1</gco:CharacterString>
              </srv:optionality>
              <srv:repeatability>
                <gco:Boolean>false</gco:Boolean>
              </srv:repeatability>
              <srv:valueType>
                <gco:TypeName>
                  <gco:aName>
                    <gco:CharacterString />
                  </gco:aName>
                </gco:TypeName>
              </srv:valueType>
            </srv:SV_Parameter>
          </srv:parameters>
          <srv:parameters>
            <srv:SV_Parameter>
              <srv:name>
                <gco:aName>
                  <gco:CharacterString>Y=pixel_row</gco:CharacterString>
                </gco:aName>
                <gco:attributeType />
              </srv:name>
              <srv:description>
                <gco:CharacterString>Y coordinate in pixels of feature (measured from upper left corner=0)</gco:CharacterString>
              </srv:description>
              <srv:optionality>
                <gco:CharacterString>0</gco:CharacterString>
              </srv:optionality>
              <srv:repeatability>
                <gco:Boolean>false</gco:Boolean>
              </srv:repeatability>
              <srv:valueType>
                <gco:TypeName>
                  <gco:aName>
                    <gco:CharacterString />
                  </gco:aName>
                </gco:TypeName>
              </srv:valueType>
            </srv:SV_Parameter>
          </srv:parameters>
          <srv:connectPoint>
            <gmd:CI_OnlineResource>
              <gmd:linkage>
                <gmd:URL>https://sgx.geodatenzentrum.de/wms_dtk100?SERVICE=WMS&amp;</gmd:URL>
              </gmd:linkage>
            </gmd:CI_OnlineResource>
          </srv:connectPoint>
        </srv:SV_OperationMetadata>
      </srv:containsOperations>
      <srv:operatesOn uuidref="04A36DC2-3BCF-4B0E-8B45-43CD4CCDC9DC" xlink:href="https://registry.gdi-de.org/id/de.bund.bkg.csw/8795a19e-ab93-4834-881f-9ca98a24ab07" />
    </srv:SV_ServiceIdentification>
  </gmd:identificationInfo>
  <gmd:distributionInfo>
    <gmd:MD_Distribution>
      <gmd:distributionFormat>
        <gmd:MD_Format>
          <gmd:name>
            <gco:CharacterString>TIFF</gco:CharacterString>
          </gmd:name>
          <gmd:version gco:nilReason="unknown" />
        </gmd:MD_Format>
      </gmd:distributionFormat>
      <gmd:distributionFormat>
        <gmd:MD_Format>
          <gmd:name>
            <gco:CharacterString>PNG</gco:CharacterString>
          </gmd:name>
          <gmd:version gco:nilReason="unknown" />
        </gmd:MD_Format>
      </gmd:distributionFormat>
      <gmd:distributionFormat>
        <gmd:MD_Format>
          <gmd:name>
            <gco:CharacterString>JPEG</gco:CharacterString>
          </gmd:name>
          <gmd:version gco:nilReason="unknown" />
        </gmd:MD_Format>
      </gmd:distributionFormat>
      <gmd:transferOptions>
        <gmd:MD_DigitalTransferOptions>
          <gmd:onLine>
            <gmd:CI_OnlineResource>
              <gmd:linkage>
                <gmd:URL>https://sg.geodatenzentrum.de/web_public/gdz/dokumentation/deu/dtk100.pdf</gmd:URL>
              </gmd:linkage>
              <gmd:name>
                <gco:CharacterString>Dokumentation</gco:CharacterString>
              </gmd:name>
              <gmd:function>
                <gmd:CI_OnLineFunctionCode codeList="http://standards.iso.org/iso/19139/resources/gmxCodelists.xml#CI_OnLineFunctionCode" codeListValue="information">information</gmd:CI_OnLineFunctionCode>
              </gmd:function>
            </gmd:CI_OnlineResource>
          </gmd:onLine>
        </gmd:MD_DigitalTransferOptions>
      </gmd:transferOptions>
      <gmd:transferOptions>
        <gmd:MD_DigitalTransferOptions>
          <gmd:onLine>
            <gmd:CI_OnlineResource>
              <gmd:linkage>
                <gmd:URL>https://gdz.bkg.bund.de/index.php/default/wms-digitale-topographische-karte-1-100-000-wms-dtk100.html</gmd:URL>
              </gmd:linkage>
              <gmd:name>
                <gco:CharacterString>Produktseite des Geodatenzentrums</gco:CharacterString>
              </gmd:name>
              <gmd:function>
                <gmd:CI_OnLineFunctionCode codeList="http://standards.iso.org/iso/19139/resources/gmxCodelists.xml#CI_OnLineFunctionCode" codeListValue="information">information</gmd:CI_OnLineFunctionCode>
              </gmd:function>
            </gmd:CI_OnlineResource>
          </gmd:onLine>
        </gmd:MD_DigitalTransferOptions>
      </gmd:transferOptions>
      <gmd:transferOptions>
        <gmd:MD_DigitalTransferOptions>
          <gmd:onLine>
            <gmd:CI_OnlineResource>
              <gmd:linkage>
                <gmd:URL>https://sgx.geodatenzentrum.de/wms_dtk100?SERVICE=WMS&amp;REQUEST=GetCapabilities</gmd:URL>
              </gmd:linkage>
              <gmd:name>
                <gco:CharacterString>Dienst "WMS Digitale Topographische Karte 1:100 000" (GetCapabilities)</gco:CharacterString>
              </gmd:name>
              <gmd:function>
                <gmd:CI_OnLineFunctionCode codeList="http://standards.iso.org/iso/19139/resources/gmxCodelists.xml#CI_OnLineFunctionCode" codeListValue="information">information</gmd:CI_OnLineFunctionCode>
              </gmd:function>
            </gmd:CI_OnlineResource>
          </gmd:onLine>
        </gmd:MD_DigitalTransferOptions>
      </gmd:transferOptions>
    </gmd:MD_Distribution>
  </gmd:distributionInfo>
  <gmd:dataQualityInfo>
    <gmd:DQ_DataQuality>
      <gmd:scope>
        <gmd:DQ_Scope>
          <gmd:level>
            <gmd:MD_ScopeCode codeList="http://standards.iso.org/iso/19139/resources/gmxCodelists.xml#MD_ScopeCode" codeListValue="service" />
          </gmd:level>
          <gmd:levelDescription>
            <gmd:MD_ScopeDescription>
              <gmd:other>
                <gco:CharacterString>3</gco:CharacterString>
              </gmd:other>
            </gmd:MD_ScopeDescription>
          </gmd:levelDescription>
        </gmd:DQ_Scope>
      </gmd:scope>
      <gmd:report>
        <gmd:DQ_DomainConsistency>
          <gmd:result>
            <gmd:DQ_ConformanceResult>
              <gmd:specification>
                <gmd:CI_Citation>
                  <gmd:title>
                    <gco:CharacterString>OpenGIS® Web Map Server Implementation Specification, Version 1.3.0</gco:CharacterString>
                  </gmd:title>
                  <gmd:date>
                    <gmd:CI_Date>
                      <gmd:date>
                        <gco:Date>2006-03-15</gco:Date>
                      </gmd:date>
                      <gmd:dateType>
                        <gmd:CI_DateTypeCode codeList="http://standards.iso.org/iso/19139/resources/gmxCodelists.xml#CI_DateTypeCode" codeListValue="publication">publication</gmd:CI_DateTypeCode>
                      </gmd:dateType>
                    </gmd:CI_Date>
                  </gmd:date>
                </gmd:CI_Citation>
              </gmd:specification>
              <gmd:explanation>
                <gco:CharacterString>see the referenced specification</gco:CharacterString>
              </gmd:explanation>
              <gmd:pass>
                <gco:Boolean>true</gco:Boolean>
              </gmd:pass>
            </gmd:DQ_ConformanceResult>
          </gmd:result>
        </gmd:DQ_DomainConsistency>
      </gmd:report>
    </gmd:DQ_DataQuality>
  </gmd:dataQualityInfo>
</gmd:MD_Metadata>