<?xml version="1.0" encoding="UTF-8"?>
<info version="1.1">
  <general>
    <createDate>2020-11-17T12:57:37Z</createDate>
    <changeDate>2024-03-18T10:13:29.887Z</changeDate>
    <schema>iso19115-3.2018</schema>
    <isTemplate>n</isTemplate>
    <localId>199</localId>
    <format>full</format>
    <rating>0</rating>
    <popularity>1575</popularity>
    <uuid>d9458451-dfdd-485d-9b4a-dc9f03c51381</uuid>
    <siteId>3bef299d-cf82-4033-871b-875f6936b2e2</siteId>
    <siteName>GeoNetwork-UI Test Instance</siteName>
  </general>
  <categories />
  <privileges>
    <group name="all">
      <operation name="view" />
      <operation name="download" />
      <operation name="dynamic" />
    </group>
  </privileges>
  <public />
  <private />
</info>

