<?xml version="1.0" encoding="UTF-8"?>
<info version="1.1">
  <general>
    <createDate>2023-03-20T12:42:44.35Z</createDate>
    <changeDate>2024-03-18T10:20:55.863Z</changeDate>
    <schema>iso19115-3.2018</schema>
    <isTemplate>n</isTemplate>
    <localId>171</localId>
    <format>full</format>
    <rating>0</rating>
    <popularity>307</popularity>
    <uuid>1acca4fe-cdfb-49c3-ba79-e3af84d3ca1b</uuid>
    <siteId>3bef299d-cf82-4033-871b-875f6936b2e2</siteId>
    <siteName>GeoNetwork-UI Test Instance</siteName>
  </general>
  <categories />
  <privileges>
    <group name="all">
      <operation name="view" />
      <operation name="download" />
      <operation name="dynamic" />
    </group>
  </privileges>
  <public />
  <private />
</info>

