<?xml version="1.0" encoding="UTF-8"?>
<info version="1.1">
  <general>
    <createDate>2021-02-09</createDate>
    <changeDate>2025-03-10</changeDate>
    <schema>iso19139</schema>
    <isTemplate>n</isTemplate>
    <localId>353554</localId>
    <format>full</format>
    <rating>0</rating>
    <popularity>3</popularity>
    <uuid>E0100643-020A-41B5-8026-E5F4EF03202B</uuid>
    <siteId>a8a19514-f553-4efe-a006-708a57655d96</siteId>
    <siteName>www.geodatenkatalog.de (S2F)</siteName>
  </general>
  <categories />
  <privileges>
    <group name="all">
      <operation name="view" />
      <operation name="dynamic" />
      <operation name="download" />
    </group>
  </privileges>
  <public />
  <private />
</info>

