<?xml version="1.0" encoding="UTF-8"?>
<info version="1.1">
  <general>
    <createDate>2025-02-14T09:55:33.36775Z</createDate>
    <changeDate>2025-02-27T10:53:25.188156Z</changeDate>
    <schema>iso19115-3.2018</schema>
    <isTemplate>n</isTemplate>
    <localId>351</localId>
    <format>full</format>
    <rating>0</rating>
    <popularity>64</popularity>
    <uuid>IGNF_BD-TOPO</uuid>
    <siteId>3bef299d-cf82-4033-871b-875f6936b2e2</siteId>
    <siteName>GeoNetwork-UI Test Instance</siteName>
  </general>
  <categories />
  <privileges>
    <group name="all">
      <operation name="view" />
      <operation name="download" />
      <operation name="dynamic" />
    </group>
  </privileges>
  <public />
  <private />
</info>

