<?xml version="1.0" encoding="UTF-8"?>
<info version="1.1">
  <general>
    <createDate>2023-03-20T08:36:09.626Z</createDate>
    <changeDate>2024-03-18T10:21:07.822Z</changeDate>
    <schema>iso19115-3.2018</schema>
    <isTemplate>n</isTemplate>
    <localId>207</localId>
    <format>full</format>
    <rating>0</rating>
    <popularity>672</popularity>
    <uuid>e43e9109-80de-4079-add6-f2c4dfbf0ecb</uuid>
    <siteId>3bef299d-cf82-4033-871b-875f6936b2e2</siteId>
    <siteName>GeoNetwork-UI Test Instance</siteName>
  </general>
  <categories />
  <privileges>
    <group name="all">
      <operation name="view" />
      <operation name="download" />
      <operation name="dynamic" />
    </group>
  </privileges>
  <public />
  <private />
</info>

