<?xml version="1.0" encoding="UTF-8"?>
<info version="1.1">
  <general>
    <createDate>2021-06-18</createDate>
    <changeDate>2025-03-25</changeDate>
    <schema>iso19139</schema>
    <isTemplate>n</isTemplate>
    <localId>154267</localId>
    <format>full</format>
    <rating>0</rating>
    <popularity>2</popularity>
    <uuid>44a98ccd-b258-438a-9119-6593775b5345</uuid>
    <siteId>a8a19514-f553-4efe-a006-708a57655d96</siteId>
    <siteName>www.geodatenkatalog.de (S2F)</siteName>
  </general>
  <categories />
  <privileges>
    <group name="all">
      <operation name="view" />
      <operation name="dynamic" />
      <operation name="download" />
    </group>
  </privileges>
  <public />
  <private />
</info>

