<?xml version="1.0" encoding="UTF-8"?>
<info version="1.1">
  <general>
    <createDate>2020-12-07T08:06:06Z</createDate>
    <changeDate>2024-03-18T10:17:21.444Z</changeDate>
    <schema>iso19115-3.2018</schema>
    <isTemplate>n</isTemplate>
    <localId>158</localId>
    <format>full</format>
    <rating>0</rating>
    <popularity>2871</popularity>
    <uuid>128bb085-2525-4b89-a739-2fa1538f97ca</uuid>
    <siteId>3bef299d-cf82-4033-871b-875f6936b2e2</siteId>
    <siteName>GeoNetwork-UI Test Instance</siteName>
  </general>
  <categories />
  <privileges>
    <group name="all">
      <operation name="view" />
      <operation name="download" />
      <operation name="dynamic" />
    </group>
  </privileges>
  <public />
  <private />
</info>

