<?xml version="1.0" encoding="UTF-8"?>
<info version="1.1">
  <general>
    <createDate>2022-01-21</createDate>
    <changeDate>2025-03-10</changeDate>
    <schema>iso19139</schema>
    <isTemplate>n</isTemplate>
    <localId>350808</localId>
    <format>full</format>
    <rating>0</rating>
    <popularity>0</popularity>
    <uuid>A3A145DE-2B1B-4EBA-9D09-8F5D72ED4F7D</uuid>
    <siteId>a8a19514-f553-4efe-a006-708a57655d96</siteId>
    <siteName>www.geodatenkatalog.de (S2F)</siteName>
  </general>
  <categories />
  <privileges>
    <group name="all">
      <operation name="view" />
      <operation name="dynamic" />
      <operation name="download" />
    </group>
  </privileges>
  <public />
  <private />
</info>

