<?xml version="1.0" encoding="UTF-8"?>
<info version="1.1">
  <general>
    <createDate>2023-03-20T07:29:01.722Z</createDate>
    <changeDate>2024-03-18T10:21:14.962Z</changeDate>
    <schema>iso19115-3.2018</schema>
    <isTemplate>n</isTemplate>
    <localId>177</localId>
    <format>full</format>
    <rating>0</rating>
    <popularity>536</popularity>
    <uuid>1bf35aa7-78e1-4fb2-963e-a7dd3d99f94a</uuid>
    <siteId>3bef299d-cf82-4033-871b-875f6936b2e2</siteId>
    <siteName>GeoNetwork-UI Test Instance</siteName>
  </general>
  <categories />
  <privileges>
    <group name="all">
      <operation name="view" />
      <operation name="download" />
      <operation name="dynamic" />
    </group>
  </privileges>
  <public />
  <private />
</info>

