<?xml version="1.0" encoding="UTF-8"?>
<info version="1.1">
  <general>
    <createDate>2025-02-13T22:29:21.388296Z</createDate>
    <changeDate>2025-02-17T10:32:43.134622Z</changeDate>
    <schema>iso19139</schema>
    <isTemplate>n</isTemplate>
    <localId>350</localId>
    <format>full</format>
    <rating>0</rating>
    <popularity>5</popularity>
    <uuid>65e84454-7bb4-459b-bf27-6a2c621441f7</uuid>
    <siteId>3bef299d-cf82-4033-871b-875f6936b2e2</siteId>
    <siteName>GeoNetwork-UI Test Instance</siteName>
  </general>
  <categories />
  <privileges>
    <group name="all">
      <operation name="view" />
      <operation name="download" />
      <operation name="dynamic" />
    </group>
  </privileges>
  <public>
    <file name="geo2france.png" changeDate="2025-02-13T22:29:32.889Z" />
  </public>
  <private />
</info>

