<?xml version="1.0" encoding="UTF-8"?>
<info version="1.1">
  <general>
    <createDate>2016-01-05T09:38:22Z</createDate>
    <changeDate>2016-01-05T09:38:22Z</changeDate>
    <schema>iso19139</schema>
    <isTemplate>n</isTemplate>
    <localId>276</localId>
    <format>full</format>
    <rating>0</rating>
    <popularity>0</popularity>
    <uuid>91b39ed9-7747-48fb-b8a1-236bd80ee768</uuid>
    <siteId>3bef299d-cf82-4033-871b-875f6936b2e2</siteId>
    <siteName>GeoNetwork-UI Test Instance</siteName>
  </general>
  <categories />
  <privileges>
    <group name="all">
      <operation name="view" />
      <operation name="download" />
      <operation name="dynamic" />
    </group>
  </privileges>
  <public />
  <private />
</info>

