<?xml version="1.0" encoding="UTF-8"?>
<info version="1.1">
  <general>
    <createDate>2020-12-03T23:30:33Z</createDate>
    <changeDate>2024-02-27T08:02:58.307Z</changeDate>
    <schema>iso19115-3.2018</schema>
    <isTemplate>n</isTemplate>
    <localId>211</localId>
    <format>full</format>
    <rating>0</rating>
    <popularity>1441</popularity>
    <uuid>d24f9e78-af7a-4450-b819-a80baba637c9</uuid>
    <siteId>3bef299d-cf82-4033-871b-875f6936b2e2</siteId>
    <siteName>GeoNetwork-UI Test Instance</siteName>
  </general>
  <categories />
  <privileges>
    <group name="all">
      <operation name="view" />
      <operation name="download" />
      <operation name="dynamic" />
    </group>
  </privileges>
  <public />
  <private />
</info>

