<?xml version="1.0" encoding="UTF-8"?>
<info version="1.1">
  <general>
    <createDate>2022-08-05T07:28:49.392Z</createDate>
    <changeDate>2022-08-05T07:28:49.392Z</changeDate>
    <schema>iso19139</schema>
    <isTemplate>n</isTemplate>
    <localId>144</localId>
    <format>full</format>
    <rating>0</rating>
    <popularity>0</popularity>
    <uuid>009b5029-5651-4be4-9a9a-db8d8dfd05d0</uuid>
    <siteId>3bef299d-cf82-4033-871b-875f6936b2e2</siteId>
    <siteName>GeoNetwork-UI Test Instance</siteName>
  </general>
  <categories />
  <privileges>
    <group name="all">
      <operation name="view" />
      <operation name="download" />
      <operation name="dynamic" />
    </group>
  </privileges>
  <public />
  <private />
</info>

