<?xml version="1.0" encoding="UTF-8"?>
<info version="1.1">
  <general>
    <createDate>2024-09-19T08:32:16.718786Z</createDate>
    <changeDate>2024-10-18T15:03:30.703147Z</changeDate>
    <schema>dcat-ap</schema>
    <isTemplate>n</isTemplate>
    <localId>320</localId>
    <format>full</format>
    <rating>0</rating>
    <popularity>4</popularity>
    <uuid>c29c6473-bc34-3c66-9c76-18f67d54d990</uuid>
    <siteId>3bef299d-cf82-4033-871b-875f6936b2e2</siteId>
    <siteName>GeoNetwork-UI Test Instance</siteName>
  </general>
  <categories />
  <privileges>
    <group name="all">
      <operation name="view" />
      <operation name="download" />
      <operation name="dynamic" />
    </group>
  </privileges>
  <public />
  <private />
</info>

