<?xml version="1.0" encoding="UTF-8"?>
<info version="1.1">
  <general>
    <createDate>2023-03-17T08:29:54.83Z</createDate>
    <changeDate>2024-03-18T10:21:19.474Z</changeDate>
    <schema>iso19115-3.2018</schema>
    <isTemplate>n</isTemplate>
    <localId>135</localId>
    <format>full</format>
    <rating>0</rating>
    <popularity>651</popularity>
    <uuid>663fdba6-2cd0-41b5-b469-94bb46b61a1b</uuid>
    <siteId>3bef299d-cf82-4033-871b-875f6936b2e2</siteId>
    <siteName>GeoNetwork-UI Test Instance</siteName>
  </general>
  <categories />
  <privileges>
    <group name="all">
      <operation name="view" />
      <operation name="download" />
      <operation name="dynamic" />
    </group>
  </privileges>
  <public />
  <private />
</info>

