<?xml version="1.0" encoding="UTF-8"?>
<gmd:MD_Metadata xmlns:gmd="http://www.isotc211.org/2005/gmd" xmlns:gco="http://www.isotc211.org/2005/gco" xmlns:gml="http://www.opengis.net/gml/3.2" xmlns:gmx="http://www.isotc211.org/2005/gmx" xmlns:gts="http://www.isotc211.org/2005/gts" xmlns:igctx="https://www.ingrid-oss.eu/schemas/igctx" xmlns:srv="http://www.isotc211.org/2005/srv" xmlns:xlink="http://www.w3.org/1999/xlink" xmlns:xsi="http://www.w3.org/2001/XMLSchema-instance" xmlns:geonet="http://www.fao.org/geonetwork" xsi:schemaLocation="http://www.isotc211.org/2005/gmd http://repository.gdi-de.org/schemas/geonetwork/2020-12-11/csw/2.0.2/profiles/apiso/1.0.1/apiso.xsd">
  <gmd:fileIdentifier>
    <gco:CharacterString>A3A145DE-2B1B-4EBA-9D09-8F5D72ED4F7D</gco:CharacterString>
  </gmd:fileIdentifier>
  <gmd:language>
    <gmd:LanguageCode codeList="http://www.loc.gov/standards/iso639-2/" codeListValue="ger" />
  </gmd:language>
  <gmd:characterSet>
    <gmd:MD_CharacterSetCode codeList="http://standards.iso.org/iso/19139/resources/gmxCodelists.xml#MD_CharacterSetCode" codeListValue="utf8" />
  </gmd:characterSet>
  <gmd:hierarchyLevel>
    <gmd:MD_ScopeCode codeList="http://standards.iso.org/iso/19139/resources/gmxCodelists.xml#MD_ScopeCode" codeListValue="service">service</gmd:MD_ScopeCode>
  </gmd:hierarchyLevel>
  <gmd:hierarchyLevelName>
    <gco:CharacterString>service</gco:CharacterString>
  </gmd:hierarchyLevelName>
  <gmd:contact>
    <gmd:CI_ResponsibleParty uuid="26972E64-E2C4-4A0D-810C-674E25E932A2">
      <gmd:organisationName>
        <gco:CharacterString>Bundesamt für Kartographie und Geodäsie (BKG)</gco:CharacterString>
      </gmd:organisationName>
      <gmd:contactInfo>
        <gmd:CI_Contact>
          <gmd:address>
            <gmd:CI_Address>
              <gmd:electronicMailAddress>
                <gco:CharacterString>dlz@bkg.bund.de</gco:CharacterString>
              </gmd:electronicMailAddress>
            </gmd:CI_Address>
          </gmd:address>
        </gmd:CI_Contact>
      </gmd:contactInfo>
      <gmd:role>
        <gmd:CI_RoleCode codeList="http://standards.iso.org/iso/19139/resources/gmxCodelists.xml#CI_RoleCode" codeListValue="pointOfContact" />
      </gmd:role>
    </gmd:CI_ResponsibleParty>
  </gmd:contact>
  <gmd:dateStamp>
    <gco:Date>2025-03-10</gco:Date>
  </gmd:dateStamp>
  <gmd:metadataStandardName>
    <gco:CharacterString>ISO19119</gco:CharacterString>
  </gmd:metadataStandardName>
  <gmd:metadataStandardVersion>
    <gco:CharacterString>2005/PDAM 1</gco:CharacterString>
  </gmd:metadataStandardVersion>
  <gmd:locale>
    <gmd:PT_Locale id="eng_utf8">
      <gmd:languageCode>
        <gmd:LanguageCode codeList="http://www.loc.gov/standards/iso639-2/" codeListValue="eng">eng</gmd:LanguageCode>
      </gmd:languageCode>
      <gmd:characterEncoding>
        <gmd:MD_CharacterSetCode codeList="http://standards.iso.org/iso/19139/resources/gmxCodelists.xml#MD_CharacterSetCode" codeListValue="utf8" />
      </gmd:characterEncoding>
    </gmd:PT_Locale>
  </gmd:locale>
  <gmd:referenceSystemInfo>
    <gmd:MD_ReferenceSystem>
      <gmd:referenceSystemIdentifier>
        <gmd:RS_Identifier>
          <gmd:code>
            <gmx:Anchor xlink:href="http://www.opengis.net/def/crs/EPSG/0/25832">EPSG 25832: ETRS89 / UTM Zone 32N</gmx:Anchor>
          </gmd:code>
        </gmd:RS_Identifier>
      </gmd:referenceSystemIdentifier>
    </gmd:MD_ReferenceSystem>
  </gmd:referenceSystemInfo>
  <gmd:identificationInfo>
    <srv:SV_ServiceIdentification uuid="https://registry.gdi-de.org/id/de.bund.bkg.csw/4FB11669-550F-3E3B-BD81-C8A2D58E433D">
      <gmd:citation>
        <gmd:CI_Citation>
          <gmd:title>
            <gco:CharacterString>WMTS Digitale Orthophotos - Bodenauflösung 20 cm</gco:CharacterString>
          </gmd:title>
          <gmd:alternateTitle>
            <gco:CharacterString>wmts_dop</gco:CharacterString>
          </gmd:alternateTitle>
          <gmd:date>
            <gmd:CI_Date>
              <gmd:date>
                <gco:DateTime>2011-11-29T00:00:00.000+01:00</gco:DateTime>
              </gmd:date>
              <gmd:dateType>
                <gmd:CI_DateTypeCode codeList="http://standards.iso.org/iso/19139/resources/gmxCodelists.xml#CI_DateTypeCode" codeListValue="creation" />
              </gmd:dateType>
            </gmd:CI_Date>
          </gmd:date>
        </gmd:CI_Citation>
      </gmd:citation>
      <gmd:abstract>
        <gco:CharacterString>Der Dienst stellt die Digitalen Orthophotos in 20 cm Bodenauflösung für das Gebiet der Bundesrepublik Deutschland bereit. Bodenauflösung: 0.2m</gco:CharacterString>
      </gmd:abstract>
      <gmd:status>
        <gmd:MD_ProgressCode codeList="http://standards.iso.org/iso/19139/resources/gmxCodelists.xml#MD_ProgressCode" codeListValue="onGoing" />
      </gmd:status>
      <gmd:pointOfContact>
        <gmd:CI_ResponsibleParty uuid="B464CFD9-70BA-4B96-8CB6-E670D8E810E9">
          <gmd:organisationName>
            <gco:CharacterString>Bundesamt für Kartographie und Geodäsie (BKG)</gco:CharacterString>
          </gmd:organisationName>
          <gmd:positionName>
            <gco:CharacterString>Dienstleistungszentrum des Bundes für Geoinformation und Geodäsie (DLZ)</gco:CharacterString>
          </gmd:positionName>
          <gmd:contactInfo>
            <gmd:CI_Contact>
              <gmd:phone>
                <gmd:CI_Telephone>
                  <gmd:voice>
                    <gco:CharacterString>+49 69 6333-2995</gco:CharacterString>
                  </gmd:voice>
                  <gmd:facsimile>
                    <gco:CharacterString>+49 69 6333-251</gco:CharacterString>
                  </gmd:facsimile>
                </gmd:CI_Telephone>
              </gmd:phone>
              <gmd:address>
                <gmd:CI_Address>
                  <gmd:deliveryPoint>
                    <gco:CharacterString>Karl-Rothe-Str. 10-14</gco:CharacterString>
                  </gmd:deliveryPoint>
                  <gmd:city>
                    <gco:CharacterString>Leipzig</gco:CharacterString>
                  </gmd:city>
                  <gmd:administrativeArea>
                    <gco:CharacterString>Bundesrepublik Deutschland</gco:CharacterString>
                  </gmd:administrativeArea>
                  <gmd:postalCode>
                    <gco:CharacterString>04105</gco:CharacterString>
                  </gmd:postalCode>
                  <gmd:country>
                    <gco:CharacterString>DEU</gco:CharacterString>
                  </gmd:country>
                  <gmd:electronicMailAddress>
                    <gco:CharacterString>dlz@bkg.bund.de</gco:CharacterString>
                  </gmd:electronicMailAddress>
                </gmd:CI_Address>
              </gmd:address>
              <gmd:onlineResource>
                <gmd:CI_OnlineResource>
                  <gmd:linkage>
                    <gmd:URL>https://www.bkg.bund.de</gmd:URL>
                  </gmd:linkage>
                </gmd:CI_OnlineResource>
              </gmd:onlineResource>
            </gmd:CI_Contact>
          </gmd:contactInfo>
          <gmd:role>
            <gmd:CI_RoleCode codeList="http://standards.iso.org/iso/19139/resources/gmxCodelists.xml#CI_RoleCode" codeListValue="pointOfContact" />
          </gmd:role>
        </gmd:CI_ResponsibleParty>
      </gmd:pointOfContact>
      <gmd:pointOfContact>
        <gmd:CI_ResponsibleParty uuid="11904ACE-A410-48BB-806D-8A70600E0911">
          <gmd:organisationName>
            <gco:CharacterString>Bundesamt für Kartographie und Geodäsie (BKG)</gco:CharacterString>
          </gmd:organisationName>
          <gmd:contactInfo>
            <gmd:CI_Contact>
              <gmd:phone>
                <gmd:CI_Telephone>
                  <gmd:voice>
                    <gco:CharacterString>+49 69 6333-1</gco:CharacterString>
                  </gmd:voice>
                  <gmd:facsimile>
                    <gco:CharacterString>+49 69 6333-235</gco:CharacterString>
                  </gmd:facsimile>
                </gmd:CI_Telephone>
              </gmd:phone>
              <gmd:address>
                <gmd:CI_Address>
                  <gmd:deliveryPoint>
                    <gco:CharacterString>Richard-Strauss-Allee 11</gco:CharacterString>
                  </gmd:deliveryPoint>
                  <gmd:city>
                    <gco:CharacterString>Frankfurt am Main</gco:CharacterString>
                  </gmd:city>
                  <gmd:postalCode>
                    <gco:CharacterString>60598</gco:CharacterString>
                  </gmd:postalCode>
                  <gmd:country>
                    <gco:CharacterString>DEU</gco:CharacterString>
                  </gmd:country>
                  <gmd:electronicMailAddress>
                    <gco:CharacterString>mailbox@bkg.bund.de</gco:CharacterString>
                  </gmd:electronicMailAddress>
                </gmd:CI_Address>
              </gmd:address>
              <gmd:onlineResource>
                <gmd:CI_OnlineResource>
                  <gmd:linkage>
                    <gmd:URL>https://www.bkg.bund.de</gmd:URL>
                  </gmd:linkage>
                </gmd:CI_OnlineResource>
              </gmd:onlineResource>
            </gmd:CI_Contact>
          </gmd:contactInfo>
          <gmd:role>
            <gmd:CI_RoleCode codeList="http://standards.iso.org/iso/19139/resources/gmxCodelists.xml#CI_RoleCode" codeListValue="resourceProvider" />
          </gmd:role>
        </gmd:CI_ResponsibleParty>
      </gmd:pointOfContact>
      <gmd:resourceMaintenance>
        <gmd:MD_MaintenanceInformation>
          <gmd:maintenanceAndUpdateFrequency>
            <gmd:MD_MaintenanceFrequencyCode codeList="http://standards.iso.org/iso/19139/resources/gmxCodelists.xml#MD_MaintenanceFrequencyCode" codeListValue="asNeeded" />
          </gmd:maintenanceAndUpdateFrequency>
          <gmd:updateScope>
            <gmd:MD_ScopeCode codeList="http://standards.iso.org/iso/19139/resources/gmxCodelists.xml#MD_ScopeCode" codeListValue="service" />
          </gmd:updateScope>
        </gmd:MD_MaintenanceInformation>
      </gmd:resourceMaintenance>
      <gmd:graphicOverview>
        <gmd:MD_BrowseGraphic>
          <gmd:fileName>
            <gco:CharacterString>https://mis.bkg.bund.de/preview/DEBKG00M00000125.jpg</gco:CharacterString>
          </gmd:fileName>
          <gmd:fileDescription>
            <gco:CharacterString>beispielhafter Ausschnitt</gco:CharacterString>
          </gmd:fileDescription>
        </gmd:MD_BrowseGraphic>
      </gmd:graphicOverview>
      <gmd:descriptiveKeywords>
        <gmd:MD_Keywords>
          <gmd:keyword xsi:type="gmd:PT_FreeText_PropertyType">
            <gmx:Anchor xlink:href="https://www.eionet.europa.eu/gemet/en/concept/15344">INSPIRE</gmx:Anchor>
            <gmd:PT_FreeText>
              <gmd:textGroup>
                <gmd:LocalisedCharacterString locale="#eng_utf8">Infrastructure for spatial information in Europe</gmd:LocalisedCharacterString>
              </gmd:textGroup>
            </gmd:PT_FreeText>
          </gmd:keyword>
          <gmd:type>
            <gmd:MD_KeywordTypeCode codeList="http://standards.iso.org/iso/19139/resources/gmxCodelists.xml#MD_KeywordTypeCode" codeListValue="theme" />
          </gmd:type>
          <gmd:thesaurusName>
            <gmd:CI_Citation>
              <gmd:title>
                <gco:CharacterString>GEMET - Concepts, version 3.1</gco:CharacterString>
              </gmd:title>
              <gmd:date>
                <gmd:CI_Date>
                  <gmd:date>
                    <gco:Date>2012-07-20</gco:Date>
                  </gmd:date>
                  <gmd:dateType>
                    <gmd:CI_DateTypeCode codeList="http://standards.iso.org/iso/19139/resources/gmxCodelists.xml#CI_DateTypeCode" codeListValue="publication">publication</gmd:CI_DateTypeCode>
                  </gmd:dateType>
                </gmd:CI_Date>
              </gmd:date>
            </gmd:CI_Citation>
          </gmd:thesaurusName>
        </gmd:MD_Keywords>
      </gmd:descriptiveKeywords>
      <gmd:descriptiveKeywords>
        <gmd:MD_Keywords>
          <gmd:keyword>
            <gco:CharacterString>WMS</gco:CharacterString>
          </gmd:keyword>
          <gmd:keyword>
            <gco:CharacterString>ViewService</gco:CharacterString>
          </gmd:keyword>
          <gmd:keyword>
            <gco:CharacterString>INSPIRE:ViewSevice</gco:CharacterString>
          </gmd:keyword>
          <gmd:keyword>
            <gco:CharacterString>DOP</gco:CharacterString>
          </gmd:keyword>
          <gmd:keyword>
            <gco:CharacterString>Digitale</gco:CharacterString>
          </gmd:keyword>
          <gmd:keyword>
            <gco:CharacterString>Orthophotos</gco:CharacterString>
          </gmd:keyword>
          <gmd:keyword>
            <gco:CharacterString>Hintergrundkarte</gco:CharacterString>
          </gmd:keyword>
          <gmd:keyword>
            <gco:CharacterString>Digitale Orthophotos</gco:CharacterString>
          </gmd:keyword>
        </gmd:MD_Keywords>
      </gmd:descriptiveKeywords>
      <gmd:descriptiveKeywords>
        <gmd:MD_Keywords>
          <gmd:keyword>
            <gco:CharacterString>infoMapAccessService</gco:CharacterString>
          </gmd:keyword>
          <gmd:type>
            <gmd:MD_KeywordTypeCode codeList="http://standards.iso.org/iso/19139/resources/gmxCodelists.xml#MD_KeywordTypeCode" codeListValue="theme" />
          </gmd:type>
          <gmd:thesaurusName>
            <gmd:CI_Citation>
              <gmd:title>
                <gco:CharacterString>Service Classification, version 1.0</gco:CharacterString>
              </gmd:title>
              <gmd:date>
                <gmd:CI_Date>
                  <gmd:date>
                    <gco:Date>2008-06-01</gco:Date>
                  </gmd:date>
                  <gmd:dateType>
                    <gmd:CI_DateTypeCode codeList="http://standards.iso.org/iso/19139/resources/gmxCodelists.xml#CI_DateTypeCode" codeListValue="publication">publication</gmd:CI_DateTypeCode>
                  </gmd:dateType>
                </gmd:CI_Date>
              </gmd:date>
            </gmd:CI_Citation>
          </gmd:thesaurusName>
        </gmd:MD_Keywords>
      </gmd:descriptiveKeywords>
      <gmd:resourceConstraints>
        <gmd:MD_LegalConstraints>
          <gmd:accessConstraints>
            <gmd:MD_RestrictionCode codeList="http://standards.iso.org/iso/19139/resources/gmxCodelists.xml#MD_RestrictionCode" codeListValue="otherRestrictions">otherRestrictions</gmd:MD_RestrictionCode>
          </gmd:accessConstraints>
          <gmd:otherConstraints>
            <gco:CharacterString>Es gelten Zugriffsbeschränkungen. Für den Erwerb von Nutzungsrechten wenden Sie sich deshalb bitte an die Zentrale Stelle Geotopographie der AdV (ZSGT) / Dienstleistungszentrum (DLZ) des Bundesamtes für Kartographie und Geodäsie: https://www.bkg.bund.de/DE/Service/Kontakt/kontakt.html.</gco:CharacterString>
          </gmd:otherConstraints>
        </gmd:MD_LegalConstraints>
      </gmd:resourceConstraints>
      <gmd:resourceConstraints>
        <gmd:MD_LegalConstraints>
          <gmd:useConstraints>
            <gmd:MD_RestrictionCode codeList="http://standards.iso.org/iso/19139/resources/gmxCodelists.xml#MD_RestrictionCode" codeListValue="otherRestrictions">otherRestrictions</gmd:MD_RestrictionCode>
          </gmd:useConstraints>
          <gmd:otherConstraints>
            <gco:CharacterString>Die Daten sind urheberrechtlich geschützt. Die Daten werden Nutzungsberechtigten nach V GeoBund und V GeoLänder geldleistungsfrei sowie Dritten gemäß V ZSGT gegen Gebühren zur Verfügung gestellt. Bitte informieren Sie sich unter nachfolgendem Link über die Details zu Nutzungsbedingungen und Quellenvermerk: https://gdz.bkg.bund.de/index.php/default/hinweise-zu-nutzungsbedingungen-und-quellenvermerken. Der Quellenvermerk ist zu beachten.</gco:CharacterString>
          </gmd:otherConstraints>
          <gmd:otherConstraints>
            <gco:CharacterString>Quellenvermerk: © GeoBasis-DE / BKG (Jahr)</gco:CharacterString>
          </gmd:otherConstraints>
        </gmd:MD_LegalConstraints>
      </gmd:resourceConstraints>
      <srv:serviceType>
        <gco:LocalName>view</gco:LocalName>
      </srv:serviceType>
      <srv:serviceTypeVersion>
        <gco:CharacterString>OGC:WMTS 1.0.0</gco:CharacterString>
      </srv:serviceTypeVersion>
      <srv:extent>
        <gmd:EX_Extent>
          <gmd:geographicElement>
            <gmd:EX_GeographicDescription>
              <gmd:extentTypeCode>
                <gco:Boolean>true</gco:Boolean>
              </gmd:extentTypeCode>
              <gmd:geographicIdentifier>
                <gmd:MD_Identifier>
                  <gmd:code>
                    <gco:CharacterString>Bundesrepublik Deutschland</gco:CharacterString>
                  </gmd:code>
                </gmd:MD_Identifier>
              </gmd:geographicIdentifier>
            </gmd:EX_GeographicDescription>
          </gmd:geographicElement>
          <gmd:geographicElement>
            <gmd:EX_GeographicBoundingBox>
              <gmd:extentTypeCode>
                <gco:Boolean>true</gco:Boolean>
              </gmd:extentTypeCode>
              <gmd:westBoundLongitude>
                <gco:Decimal>6.098034</gco:Decimal>
              </gmd:westBoundLongitude>
              <gmd:eastBoundLongitude>
                <gco:Decimal>15.578555</gco:Decimal>
              </gmd:eastBoundLongitude>
              <gmd:southBoundLatitude>
                <gco:Decimal>47.23942</gco:Decimal>
              </gmd:southBoundLatitude>
              <gmd:northBoundLatitude>
                <gco:Decimal>55.054344</gco:Decimal>
              </gmd:northBoundLatitude>
            </gmd:EX_GeographicBoundingBox>
          </gmd:geographicElement>
        </gmd:EX_Extent>
      </srv:extent>
      <srv:coupledResource>
        <srv:SV_CoupledResource>
          <srv:operationName>
            <gco:CharacterString>GetCapabilities</gco:CharacterString>
          </srv:operationName>
          <srv:identifier>
            <gco:CharacterString>https://registry.gdi-de.org/id/de.bund.bkg.csw/DEBKG00M00000197</gco:CharacterString>
          </srv:identifier>
        </srv:SV_CoupledResource>
      </srv:coupledResource>
      <srv:coupledResource>
        <srv:SV_CoupledResource>
          <srv:operationName>
            <gco:CharacterString>GetTile</gco:CharacterString>
          </srv:operationName>
          <srv:identifier>
            <gco:CharacterString>https://registry.gdi-de.org/id/de.bund.bkg.csw/DEBKG00M00000197</gco:CharacterString>
          </srv:identifier>
        </srv:SV_CoupledResource>
      </srv:coupledResource>
      <srv:couplingType>
        <srv:SV_CouplingType codeList="http://standards.iso.org/iso/19139/resources/gmxCodelists.xml#SV_CouplingType" codeListValue="tight" />
      </srv:couplingType>
      <srv:containsOperations>
        <srv:SV_OperationMetadata>
          <srv:operationName>
            <gco:CharacterString>GetCapabilities</gco:CharacterString>
          </srv:operationName>
          <srv:DCP>
            <srv:DCPList codeList="http://standards.iso.org/iso/19139/resources/gmxCodelists.xml#CSW_DCPCodeType" codeListValue="HTTPGet" />
          </srv:DCP>
          <srv:invocationName>
            <gco:CharacterString>GetCapabilities</gco:CharacterString>
          </srv:invocationName>
          <srv:parameters>
            <srv:SV_Parameter>
              <srv:name>
                <gco:aName>
                  <gco:CharacterString>ACCEPTVERSIONS=1.0.0,0.8.3</gco:CharacterString>
                </gco:aName>
                <gco:attributeType />
              </srv:name>
              <srv:description>
                <gco:CharacterString>Comma-separated prioritized sequence of one or more specification versions accepted by client, with preferred versions listed first</gco:CharacterString>
              </srv:description>
              <srv:optionality>
                <gco:CharacterString>1</gco:CharacterString>
              </srv:optionality>
              <srv:repeatability>
                <gco:Boolean>false</gco:Boolean>
              </srv:repeatability>
              <srv:valueType>
                <gco:TypeName>
                  <gco:aName>
                    <gco:CharacterString />
                  </gco:aName>
                </gco:TypeName>
              </srv:valueType>
            </srv:SV_Parameter>
          </srv:parameters>
          <srv:parameters>
            <srv:SV_Parameter>
              <srv:name>
                <gco:aName>
                  <gco:CharacterString>SERVICE=WMTS</gco:CharacterString>
                </gco:aName>
                <gco:attributeType />
              </srv:name>
              <srv:description>
                <gco:CharacterString>Service type</gco:CharacterString>
              </srv:description>
              <srv:optionality>
                <gco:CharacterString>0</gco:CharacterString>
              </srv:optionality>
              <srv:repeatability>
                <gco:Boolean>false</gco:Boolean>
              </srv:repeatability>
              <srv:valueType>
                <gco:TypeName>
                  <gco:aName>
                    <gco:CharacterString />
                  </gco:aName>
                </gco:TypeName>
              </srv:valueType>
            </srv:SV_Parameter>
          </srv:parameters>
          <srv:parameters>
            <srv:SV_Parameter>
              <srv:name>
                <gco:aName>
                  <gco:CharacterString>REQUEST=GetCapabilities</gco:CharacterString>
                </gco:aName>
                <gco:attributeType />
              </srv:name>
              <srv:description>
                <gco:CharacterString>Name of request</gco:CharacterString>
              </srv:description>
              <srv:optionality>
                <gco:CharacterString>0</gco:CharacterString>
              </srv:optionality>
              <srv:repeatability>
                <gco:Boolean>false</gco:Boolean>
              </srv:repeatability>
              <srv:valueType>
                <gco:TypeName>
                  <gco:aName>
                    <gco:CharacterString />
                  </gco:aName>
                </gco:TypeName>
              </srv:valueType>
            </srv:SV_Parameter>
          </srv:parameters>
          <srv:parameters>
            <srv:SV_Parameter>
              <srv:name>
                <gco:aName>
                  <gco:CharacterString>ACCEPTFORMATS= text/xml</gco:CharacterString>
                </gco:aName>
                <gco:attributeType />
              </srv:name>
              <srv:description>
                <gco:CharacterString>Comma-separated prioritized sequence of zero or more response formats desired by client, with preferred formats listed first</gco:CharacterString>
              </srv:description>
              <srv:optionality>
                <gco:CharacterString>1</gco:CharacterString>
              </srv:optionality>
              <srv:repeatability>
                <gco:Boolean>false</gco:Boolean>
              </srv:repeatability>
              <srv:valueType>
                <gco:TypeName>
                  <gco:aName>
                    <gco:CharacterString />
                  </gco:aName>
                </gco:TypeName>
              </srv:valueType>
            </srv:SV_Parameter>
          </srv:parameters>
          <srv:parameters>
            <srv:SV_Parameter>
              <srv:name>
                <gco:aName>
                  <gco:CharacterString>SECTIONS=Contents</gco:CharacterString>
                </gco:aName>
                <gco:attributeType />
              </srv:name>
              <srv:description>
                <gco:CharacterString>Comma-separated unordered list of zero or more names of sections of service metadata document to be returned in service metadata document</gco:CharacterString>
              </srv:description>
              <srv:optionality>
                <gco:CharacterString>1</gco:CharacterString>
              </srv:optionality>
              <srv:repeatability>
                <gco:Boolean>false</gco:Boolean>
              </srv:repeatability>
              <srv:valueType>
                <gco:TypeName>
                  <gco:aName>
                    <gco:CharacterString />
                  </gco:aName>
                </gco:TypeName>
              </srv:valueType>
            </srv:SV_Parameter>
          </srv:parameters>
          <srv:parameters>
            <srv:SV_Parameter>
              <srv:name>
                <gco:aName>
                  <gco:CharacterString>UPDATESEQUENCE=XXX (where XXX is character string previously provided by server)</gco:CharacterString>
                </gco:aName>
                <gco:attributeType />
              </srv:name>
              <srv:description>
                <gco:CharacterString>Service metadata document version, value is "increased" whenever any change is made in complete service metadata document</gco:CharacterString>
              </srv:description>
              <srv:optionality>
                <gco:CharacterString>1</gco:CharacterString>
              </srv:optionality>
              <srv:repeatability>
                <gco:Boolean>false</gco:Boolean>
              </srv:repeatability>
              <srv:valueType>
                <gco:TypeName>
                  <gco:aName>
                    <gco:CharacterString />
                  </gco:aName>
                </gco:TypeName>
              </srv:valueType>
            </srv:SV_Parameter>
          </srv:parameters>
          <srv:connectPoint>
            <gmd:CI_OnlineResource>
              <gmd:linkage>
                <gmd:URL>https://sg.geodatenzentrum.de/wmts_dop/1.0.0/WMTSCapabilities.xml</gmd:URL>
              </gmd:linkage>
            </gmd:CI_OnlineResource>
          </srv:connectPoint>
          <srv:connectPoint>
            <gmd:CI_OnlineResource>
              <gmd:linkage>
                <gmd:URL>https://sg.geodatenzentrum.de/wmts_dop?</gmd:URL>
              </gmd:linkage>
            </gmd:CI_OnlineResource>
          </srv:connectPoint>
        </srv:SV_OperationMetadata>
      </srv:containsOperations>
      <srv:containsOperations>
        <srv:SV_OperationMetadata>
          <srv:operationName>
            <gco:CharacterString>GetTile</gco:CharacterString>
          </srv:operationName>
          <srv:DCP>
            <srv:DCPList codeList="http://standards.iso.org/iso/19139/resources/gmxCodelists.xml#CSW_DCPCodeType" codeListValue="HTTPGet" />
          </srv:DCP>
          <srv:invocationName>
            <gco:CharacterString>GetTile</gco:CharacterString>
          </srv:invocationName>
          <srv:parameters>
            <srv:SV_Parameter>
              <srv:name>
                <gco:aName>
                  <gco:CharacterString>TileRow=X</gco:CharacterString>
                </gco:aName>
                <gco:attributeType />
              </srv:name>
              <srv:description>
                <gco:CharacterString>The Row location of the tile in the defined tileMatrixSet. The value must be in the valid range provided in the capabilities response.</gco:CharacterString>
              </srv:description>
              <srv:optionality>
                <gco:CharacterString>1</gco:CharacterString>
              </srv:optionality>
              <srv:repeatability>
                <gco:Boolean>false</gco:Boolean>
              </srv:repeatability>
              <srv:valueType>
                <gco:TypeName>
                  <gco:aName>
                    <gco:CharacterString />
                  </gco:aName>
                </gco:TypeName>
              </srv:valueType>
            </srv:SV_Parameter>
          </srv:parameters>
          <srv:parameters>
            <srv:SV_Parameter>
              <srv:name>
                <gco:aName>
                  <gco:CharacterString>SERVICE=WMTS</gco:CharacterString>
                </gco:aName>
                <gco:attributeType />
              </srv:name>
              <srv:description>
                <gco:CharacterString>Service type</gco:CharacterString>
              </srv:description>
              <srv:optionality>
                <gco:CharacterString>0</gco:CharacterString>
              </srv:optionality>
              <srv:repeatability>
                <gco:Boolean>false</gco:Boolean>
              </srv:repeatability>
              <srv:valueType>
                <gco:TypeName>
                  <gco:aName>
                    <gco:CharacterString />
                  </gco:aName>
                </gco:TypeName>
              </srv:valueType>
            </srv:SV_Parameter>
          </srv:parameters>
          <srv:parameters>
            <srv:SV_Parameter>
              <srv:name>
                <gco:aName>
                  <gco:CharacterString>REQUEST=GetTile</gco:CharacterString>
                </gco:aName>
                <gco:attributeType />
              </srv:name>
              <srv:description>
                <gco:CharacterString>Name of request</gco:CharacterString>
              </srv:description>
              <srv:optionality>
                <gco:CharacterString>0</gco:CharacterString>
              </srv:optionality>
              <srv:repeatability>
                <gco:Boolean>false</gco:Boolean>
              </srv:repeatability>
              <srv:valueType>
                <gco:TypeName>
                  <gco:aName>
                    <gco:CharacterString />
                  </gco:aName>
                </gco:TypeName>
              </srv:valueType>
            </srv:SV_Parameter>
          </srv:parameters>
          <srv:parameters>
            <srv:SV_Parameter>
              <srv:name>
                <gco:aName>
                  <gco:CharacterString>TileMatrix=EPSG:3857</gco:CharacterString>
                </gco:aName>
                <gco:attributeType />
              </srv:name>
              <srv:description>
                <gco:CharacterString>The Tile Matrix identifier of the tileMatrix in the tileMatrixSet requested that has the desired scale denominator that you want to request. 4326 is WGS84, that is, uses latitude/longitude, while 3857 provides tiles in the spherical mercator projection</gco:CharacterString>
              </srv:description>
              <srv:optionality>
                <gco:CharacterString>1</gco:CharacterString>
              </srv:optionality>
              <srv:repeatability>
                <gco:Boolean>false</gco:Boolean>
              </srv:repeatability>
              <srv:valueType>
                <gco:TypeName>
                  <gco:aName>
                    <gco:CharacterString />
                  </gco:aName>
                </gco:TypeName>
              </srv:valueType>
            </srv:SV_Parameter>
          </srv:parameters>
          <srv:parameters>
            <srv:SV_Parameter>
              <srv:name>
                <gco:aName>
                  <gco:CharacterString>Format=image/png</gco:CharacterString>
                </gco:aName>
                <gco:attributeType />
              </srv:name>
              <srv:description>
                <gco:CharacterString>The tile format to return.</gco:CharacterString>
              </srv:description>
              <srv:optionality>
                <gco:CharacterString>1</gco:CharacterString>
              </srv:optionality>
              <srv:repeatability>
                <gco:Boolean>false</gco:Boolean>
              </srv:repeatability>
              <srv:valueType>
                <gco:TypeName>
                  <gco:aName>
                    <gco:CharacterString />
                  </gco:aName>
                </gco:TypeName>
              </srv:valueType>
            </srv:SV_Parameter>
          </srv:parameters>
          <srv:parameters>
            <srv:SV_Parameter>
              <srv:name>
                <gco:aName>
                  <gco:CharacterString>TileCol=Y</gco:CharacterString>
                </gco:aName>
                <gco:attributeType />
              </srv:name>
              <srv:description>
                <gco:CharacterString>The Column location of the tile in the defined tileMatrixSet. The value must be in the valid range provided in the capabilities response.</gco:CharacterString>
              </srv:description>
              <srv:optionality>
                <gco:CharacterString>1</gco:CharacterString>
              </srv:optionality>
              <srv:repeatability>
                <gco:Boolean>false</gco:Boolean>
              </srv:repeatability>
              <srv:valueType>
                <gco:TypeName>
                  <gco:aName>
                    <gco:CharacterString />
                  </gco:aName>
                </gco:TypeName>
              </srv:valueType>
            </srv:SV_Parameter>
          </srv:parameters>
          <srv:parameters>
            <srv:SV_Parameter>
              <srv:name>
                <gco:aName>
                  <gco:CharacterString>VERSION=1.0.0</gco:CharacterString>
                </gco:aName>
                <gco:attributeType />
              </srv:name>
              <srv:description>
                <gco:CharacterString />
              </srv:description>
              <srv:optionality>
                <gco:CharacterString>1</gco:CharacterString>
              </srv:optionality>
              <srv:repeatability>
                <gco:Boolean>false</gco:Boolean>
              </srv:repeatability>
              <srv:valueType>
                <gco:TypeName>
                  <gco:aName>
                    <gco:CharacterString />
                  </gco:aName>
                </gco:TypeName>
              </srv:valueType>
            </srv:SV_Parameter>
          </srv:parameters>
          <srv:parameters>
            <srv:SV_Parameter>
              <srv:name>
                <gco:aName>
                  <gco:CharacterString>Style=default</gco:CharacterString>
                </gco:aName>
                <gco:attributeType />
              </srv:name>
              <srv:description>
                <gco:CharacterString>Some layers can be rendered in different ways; check the capabilities document for allowed values on a layer-by-layer basis.</gco:CharacterString>
              </srv:description>
              <srv:optionality>
                <gco:CharacterString>1</gco:CharacterString>
              </srv:optionality>
              <srv:repeatability>
                <gco:Boolean>false</gco:Boolean>
              </srv:repeatability>
              <srv:valueType>
                <gco:TypeName>
                  <gco:aName>
                    <gco:CharacterString />
                  </gco:aName>
                </gco:TypeName>
              </srv:valueType>
            </srv:SV_Parameter>
          </srv:parameters>
          <srv:parameters>
            <srv:SV_Parameter>
              <srv:name>
                <gco:aName>
                  <gco:CharacterString>Layer</gco:CharacterString>
                </gco:aName>
                <gco:attributeType />
              </srv:name>
              <srv:description>
                <gco:CharacterString>The layers available from the Online Catalogs; if more than one layer is requested they are in a comma-separated list. Available layers are advertised in the GetCapabilities response.</gco:CharacterString>
              </srv:description>
              <srv:optionality>
                <gco:CharacterString>1</gco:CharacterString>
              </srv:optionality>
              <srv:repeatability>
                <gco:Boolean>false</gco:Boolean>
              </srv:repeatability>
              <srv:valueType>
                <gco:TypeName>
                  <gco:aName>
                    <gco:CharacterString />
                  </gco:aName>
                </gco:TypeName>
              </srv:valueType>
            </srv:SV_Parameter>
          </srv:parameters>
          <srv:parameters>
            <srv:SV_Parameter>
              <srv:name>
                <gco:aName>
                  <gco:CharacterString>TileMatrixSet=EPSG:3857</gco:CharacterString>
                </gco:aName>
                <gco:attributeType />
              </srv:name>
              <srv:description>
                <gco:CharacterString>The Tile Matrix Set to be used to generate the response</gco:CharacterString>
              </srv:description>
              <srv:optionality>
                <gco:CharacterString>1</gco:CharacterString>
              </srv:optionality>
              <srv:repeatability>
                <gco:Boolean>false</gco:Boolean>
              </srv:repeatability>
              <srv:valueType>
                <gco:TypeName>
                  <gco:aName>
                    <gco:CharacterString />
                  </gco:aName>
                </gco:TypeName>
              </srv:valueType>
            </srv:SV_Parameter>
          </srv:parameters>
          <srv:connectPoint>
            <gmd:CI_OnlineResource>
              <gmd:linkage>
                <gmd:URL>https://sg.geodatenzentrum.de/wmts_dop/tile/1.0.0/</gmd:URL>
              </gmd:linkage>
            </gmd:CI_OnlineResource>
          </srv:connectPoint>
          <srv:connectPoint>
            <gmd:CI_OnlineResource>
              <gmd:linkage>
                <gmd:URL>https://sg.geodatenzentrum.de/wmts_dop?</gmd:URL>
              </gmd:linkage>
            </gmd:CI_OnlineResource>
          </srv:connectPoint>
        </srv:SV_OperationMetadata>
      </srv:containsOperations>
      <srv:operatesOn uuidref="44a98ccd-b258-438a-9119-6593775b5345" xlink:href="https://registry.gdi-de.org/id/de.bund.bkg.csw/DEBKG00M00000197" />
    </srv:SV_ServiceIdentification>
  </gmd:identificationInfo>
  <gmd:distributionInfo>
    <gmd:MD_Distribution>
      <gmd:distributionFormat>
        <gmd:MD_Format>
          <gmd:name>
            <gco:CharacterString>JPEG</gco:CharacterString>
          </gmd:name>
          <gmd:version gco:nilReason="unknown" />
        </gmd:MD_Format>
      </gmd:distributionFormat>
      <gmd:distributionFormat>
        <gmd:MD_Format>
          <gmd:name>
            <gco:CharacterString>PNG</gco:CharacterString>
          </gmd:name>
          <gmd:version gco:nilReason="unknown" />
        </gmd:MD_Format>
      </gmd:distributionFormat>
      <gmd:transferOptions>
        <gmd:MD_DigitalTransferOptions>
          <gmd:onLine>
            <gmd:CI_OnlineResource>
              <gmd:linkage>
                <gmd:URL>https://gdz.bkg.bund.de/index.php/default/webdienste/digitale-orthophotos/wmts-digitale-orthophotos-bodenauflosung-20cm-wmts-dop.html</gmd:URL>
              </gmd:linkage>
              <gmd:name>
                <gco:CharacterString>Geodatenzentrum</gco:CharacterString>
              </gmd:name>
              <gmd:function>
                <gmd:CI_OnLineFunctionCode codeList="http://standards.iso.org/iso/19139/resources/gmxCodelists.xml#CI_OnLineFunctionCode" codeListValue="information">information</gmd:CI_OnLineFunctionCode>
              </gmd:function>
            </gmd:CI_OnlineResource>
          </gmd:onLine>
        </gmd:MD_DigitalTransferOptions>
      </gmd:transferOptions>
      <gmd:transferOptions>
        <gmd:MD_DigitalTransferOptions>
          <gmd:onLine>
            <gmd:CI_OnlineResource>
              <gmd:linkage>
                <gmd:URL>https://sg.geodatenzentrum.de/web_public/gdz/dokumentation/deu/dop.pdf</gmd:URL>
              </gmd:linkage>
              <gmd:name>
                <gco:CharacterString>Dokumentation</gco:CharacterString>
              </gmd:name>
              <gmd:function>
                <gmd:CI_OnLineFunctionCode codeList="http://standards.iso.org/iso/19139/resources/gmxCodelists.xml#CI_OnLineFunctionCode" codeListValue="information">information</gmd:CI_OnLineFunctionCode>
              </gmd:function>
            </gmd:CI_OnlineResource>
          </gmd:onLine>
        </gmd:MD_DigitalTransferOptions>
      </gmd:transferOptions>
      <gmd:transferOptions>
        <gmd:MD_DigitalTransferOptions>
          <gmd:onLine>
            <gmd:CI_OnlineResource>
              <gmd:linkage>
                <gmd:URL>https://sg.geodatenzentrum.de/wmts_dop/1.0.0/WMTSCapabilities.xml</gmd:URL>
              </gmd:linkage>
              <gmd:name>
                <gco:CharacterString>Dienst "WMTS Digitale Orthophotos - Bodenauflösung 20 cm" (GetCapabilities)</gco:CharacterString>
              </gmd:name>
              <gmd:function>
                <gmd:CI_OnLineFunctionCode codeList="http://standards.iso.org/iso/19139/resources/gmxCodelists.xml#CI_OnLineFunctionCode" codeListValue="information">information</gmd:CI_OnLineFunctionCode>
              </gmd:function>
            </gmd:CI_OnlineResource>
          </gmd:onLine>
        </gmd:MD_DigitalTransferOptions>
      </gmd:transferOptions>
      <gmd:transferOptions>
        <gmd:MD_DigitalTransferOptions>
          <gmd:onLine>
            <gmd:CI_OnlineResource>
              <gmd:linkage>
                <gmd:URL>https://sg.geodatenzentrum.de/wmts_dop?SERVICE=WMTS&amp;Request=GetCapabilities</gmd:URL>
              </gmd:linkage>
              <gmd:name>
                <gco:CharacterString>Dienst "WMTS Digitale Orthophotos - Bodenauflösung 20 cm" (GetCapabilities)</gco:CharacterString>
              </gmd:name>
              <gmd:function>
                <gmd:CI_OnLineFunctionCode codeList="http://standards.iso.org/iso/19139/resources/gmxCodelists.xml#CI_OnLineFunctionCode" codeListValue="information">information</gmd:CI_OnLineFunctionCode>
              </gmd:function>
            </gmd:CI_OnlineResource>
          </gmd:onLine>
        </gmd:MD_DigitalTransferOptions>
      </gmd:transferOptions>
    </gmd:MD_Distribution>
  </gmd:distributionInfo>
</gmd:MD_Metadata>