<?xml version="1.0" encoding="UTF-8"?>
<info version="1.1">
  <general>
    <createDate>2017-01-03T14:43:09Z</createDate>
    <changeDate>2017-01-03T14:43:09Z</changeDate>
    <schema>iso19139</schema>
    <isTemplate>n</isTemplate>
    <localId>311</localId>
    <format>full</format>
    <rating>0</rating>
    <popularity>210</popularity>
    <uuid>2c97e3ba-2f99-4f0d-9009-f7cf3e877018</uuid>
    <siteId>3bef299d-cf82-4033-871b-875f6936b2e2</siteId>
    <siteName>GeoNetwork-UI Test Instance</siteName>
  </general>
  <categories />
  <privileges>
    <group name="all">
      <operation name="view" />
      <operation name="download" />
      <operation name="dynamic" />
    </group>
  </privileges>
  <public />
  <private />
</info>

