<?xml version="1.0" encoding="UTF-8"?>
<info version="1.1">
  <general>
    <createDate>2025-02-19</createDate>
    <changeDate>2025-03-25</changeDate>
    <schema>iso19139</schema>
    <isTemplate>n</isTemplate>
    <localId>1814373</localId>
    <format>full</format>
    <rating>0</rating>
    <popularity>0</popularity>
    <uuid>874c804f-5b94-43a3-84f7-02fbbeacb0ae</uuid>
    <siteId>ced677a6-0669-4623-b393-9aae5407006d</siteId>
    <siteName>www.geodatenkatalog.de (S2F)</siteName>
  </general>
  <categories />
  <privileges>
    <group name="all">
      <operation name="view" />
      <operation name="dynamic" />
      <operation name="download" />
    </group>
  </privileges>
  <public />
  <private />
</info>

