<?xml version="1.0" encoding="UTF-8"?>
<info version="1.1">
  <general>
    <createDate>2015-06-25T14:29:18Z</createDate>
    <changeDate>2023-10-18T11:59:52.866Z</changeDate>
    <schema>iso19115-3.2018</schema>
    <isTemplate>n</isTemplate>
    <localId>181</localId>
    <format>full</format>
    <rating>0</rating>
    <popularity>2003</popularity>
    <uuid>c05542aa-be9b-4989-93a7-2c496c048d9a</uuid>
    <siteId>3bef299d-cf82-4033-871b-875f6936b2e2</siteId>
    <siteName>GeoNetwork-UI Test Instance</siteName>
  </general>
  <categories />
  <privileges>
    <group name="all">
      <operation name="view" />
      <operation name="download" />
      <operation name="dynamic" />
    </group>
  </privileges>
  <public />
  <private />
</info>

