<?xml version="1.0" encoding="UTF-8"?>
<info version="1.1">
  <general>
    <createDate>2015-07-08T13:44:19Z</createDate>
    <changeDate>2015-07-08T13:44:19Z</changeDate>
    <schema>iso19139</schema>
    <isTemplate>n</isTemplate>
    <localId>291</localId>
    <format>full</format>
    <rating>0</rating>
    <popularity>353</popularity>
    <uuid>fr-120066022-ldd-39c023ac-06a0-4634-b874-9294c83820fb</uuid>
    <siteId>3bef299d-cf82-4033-871b-875f6936b2e2</siteId>
    <siteName>GeoNetwork-UI Test Instance</siteName>
  </general>
  <categories />
  <privileges>
    <group name="all">
      <operation name="view" />
      <operation name="download" />
      <operation name="dynamic" />
    </group>
  </privileges>
  <public />
  <private />
</info>

