<?xml version="1.0" encoding="UTF-8"?>
<info version="1.1">
  <general>
    <createDate>2015-10-02T09:27:56Z</createDate>
    <changeDate>2023-10-18T11:59:24.452Z</changeDate>
    <schema>iso19115-3.2018</schema>
    <isTemplate>n</isTemplate>
    <localId>185</localId>
    <format>full</format>
    <rating>0</rating>
    <popularity>1142</popularity>
    <uuid>8b0cd761-c38e-46d5-9db2-40327bafbdca</uuid>
    <siteId>3bef299d-cf82-4033-871b-875f6936b2e2</siteId>
    <siteName>GeoNetwork-UI Test Instance</siteName>
  </general>
  <categories />
  <privileges>
    <group name="all">
      <operation name="view" />
      <operation name="download" />
      <operation name="dynamic" />
    </group>
  </privileges>
  <public />
  <private />
</info>

