<?xml version="1.0" encoding="UTF-8"?>
<info version="1.1">
  <general>
    <createDate>2024-07-10</createDate>
    <changeDate>2025-03-24</changeDate>
    <schema>iso19139</schema>
    <isTemplate>n</isTemplate>
    <localId>1509089</localId>
    <format>full</format>
    <rating>0</rating>
    <popularity>0</popularity>
    <uuid>e2bb29df-1f83-4c22-80e7-29a1dcec08d5</uuid>
    <siteId>55b46b87-a850-4a39-b183-bb2c308b5dba</siteId>
    <siteName>www.geodatenkatalog.de (S2F)</siteName>
  </general>
  <categories />
  <privileges>
    <group name="all">
      <operation name="view" />
      <operation name="dynamic" />
      <operation name="download" />
    </group>
  </privileges>
  <public />
  <private />
</info>

