<?xml version="1.0" encoding="UTF-8"?>
<gmd:MD_Metadata xmlns:gmd="http://www.isotc211.org/2005/gmd" xmlns:xsi="http://www.w3.org/2001/XMLSchema-instance" xmlns:geonet="http://www.fao.org/geonetwork" xsi:schemaLocation="http://www.opengis.net/gml/3.2 http://schemas.opengis.net/gml/3.2.1/gml.xsd http://www.isotc211.org/2005/gmd http://schemas.opengis.net/iso/19139/20070417/gmd/gmd.xsd http://www.isotc211.org/2005/gco http://schemas.opengis.net/iso/19139/20070417/gco/gco.xsd http://www.isotc211.org/2005/srv http://schemas.opengis.net/iso/19139/20070417/srv/1.0/srv.xsd http://www.isotc211.org/2005/gmx http://schemas.opengis.net/iso/19139/20070417/gmx/gmx.xsd">
  <gmd:fileIdentifier>
    <gco:CharacterString xmlns:gco="http://www.isotc211.org/2005/gco">cf8007bd-1af9-4211-8bd8-bfbc97baacee</gco:CharacterString>
  </gmd:fileIdentifier>
  <gmd:language>
    <LanguageCode xmlns="http://www.isotc211.org/2005/gmd" codeList="http://www.loc.gov/standards/iso639-2/" codeListValue="ger" />
  </gmd:language>
  <gmd:characterSet>
    <MD_CharacterSetCode xmlns="http://www.isotc211.org/2005/gmd" codeList="http://metadata.dgiwg.org/codelistRegistry?MD_CharacterSetCode" codeListValue="utf8" />
  </gmd:characterSet>
  <gmd:hierarchyLevel>
    <MD_ScopeCode xmlns="http://www.isotc211.org/2005/gmd" codeList="http://metadata.dgiwg.org/codelistRegistry?MD_ScopeCode" codeListValue="dataset" />
  </gmd:hierarchyLevel>
  <gmd:hierarchyLevelName>
    <gco:CharacterString xmlns:gco="http://www.isotc211.org/2005/gco">BAU</gco:CharacterString>
  </gmd:hierarchyLevelName>
  <gmd:contact>
    <gmd:CI_ResponsibleParty>
      <gmd:individualName>
        <gco:CharacterString xmlns:gco="http://www.isotc211.org/2005/gco">Geesink, Lisa</gco:CharacterString>
      </gmd:individualName>
      <gmd:organisationName>
        <gco:CharacterString xmlns:gco="http://www.isotc211.org/2005/gco">Stadt Hamm</gco:CharacterString>
      </gmd:organisationName>
      <gmd:contactInfo>
        <gmd:CI_Contact>
          <gmd:phone>
            <gmd:CI_Telephone>
              <gmd:facsimile>
                <gco:CharacterString xmlns:gco="http://www.isotc211.org/2005/gco">+49 2381 17 2961</gco:CharacterString>
              </gmd:facsimile>
            </gmd:CI_Telephone>
          </gmd:phone>
          <gmd:address>
            <gmd:CI_Address>
              <gmd:deliveryPoint>
                <gco:CharacterString xmlns:gco="http://www.isotc211.org/2005/gco">PF 2449</gco:CharacterString>
              </gmd:deliveryPoint>
              <gmd:city>
                <gco:CharacterString xmlns:gco="http://www.isotc211.org/2005/gco">Hamm</gco:CharacterString>
              </gmd:city>
              <gmd:postalCode>
                <gco:CharacterString xmlns:gco="http://www.isotc211.org/2005/gco">59014</gco:CharacterString>
              </gmd:postalCode>
              <gmd:country>
                <gco:CharacterString xmlns:gco="http://www.isotc211.org/2005/gco">Deutschland</gco:CharacterString>
              </gmd:country>
              <gmd:electronicMailAddress>
                <gco:CharacterString xmlns:gco="http://www.isotc211.org/2005/gco">katasteramt@stadt.hamm.de</gco:CharacterString>
              </gmd:electronicMailAddress>
            </gmd:CI_Address>
          </gmd:address>
        </gmd:CI_Contact>
      </gmd:contactInfo>
      <gmd:role>
        <gmd:CI_RoleCode codeList="https://standards.iso.org/iso/19139/resources/gmxCodelists.xml#CI_RoleCode" codeListValue="pointOfContact">pointOfContact</gmd:CI_RoleCode>
      </gmd:role>
    </gmd:CI_ResponsibleParty>
  </gmd:contact>
  <gmd:dateStamp>
    <gco:Date xmlns:gco="http://www.isotc211.org/2005/gco">2025-03-24</gco:Date>
  </gmd:dateStamp>
  <gmd:metadataStandardName>
    <gco:CharacterString xmlns:gco="http://www.isotc211.org/2005/gco">ISO 19115</gco:CharacterString>
  </gmd:metadataStandardName>
  <gmd:metadataStandardVersion>
    <gco:CharacterString xmlns:gco="http://www.isotc211.org/2005/gco">2003/Cor.1:2006</gco:CharacterString>
  </gmd:metadataStandardVersion>
  <gmd:dataSetURI>
    <gco:CharacterString xmlns:gco="http://www.isotc211.org/2005/gco">urn:sde:Ceresneu:5151:sde:baugebietsplan</gco:CharacterString>
  </gmd:dataSetURI>
  <gmd:referenceSystemInfo>
    <gmd:MD_ReferenceSystem>
      <gmd:referenceSystemIdentifier>
        <gmd:RS_Identifier>
          <gmd:code>
            <gmx:Anchor xmlns:gmx="http://www.isotc211.org/2005/gmx" xmlns:xlink="http://www.w3.org/1999/xlink" xlink:href="http://www.opengis.net/def/crs/EPSG/0/25832">25832</gmx:Anchor>
          </gmd:code>
        </gmd:RS_Identifier>
      </gmd:referenceSystemIdentifier>
    </gmd:MD_ReferenceSystem>
  </gmd:referenceSystemInfo>
  <gmd:identificationInfo>
    <gmd:MD_DataIdentification>
      <gmd:citation>
        <gmd:CI_Citation>
          <gmd:title>
            <gco:CharacterString xmlns:gco="http://www.isotc211.org/2005/gco">Baugebietsplan Hamm-Mitte</gco:CharacterString>
          </gmd:title>
          <gmd:date>
            <gmd:CI_Date>
              <gmd:date>
                <gco:Date xmlns:gco="http://www.isotc211.org/2005/gco">1991-07-01</gco:Date>
              </gmd:date>
              <gmd:dateType>
                <CI_DateTypeCode xmlns="http://www.isotc211.org/2005/gmd" codeList="http://metadata.dgiwg.org/codelistRegistry?CI_DateTypeCode" codeListValue="creation" />
              </gmd:dateType>
            </gmd:CI_Date>
          </gmd:date>
          <gmd:date>
            <gmd:CI_Date>
              <gmd:date>
                <gco:Date xmlns:gco="http://www.isotc211.org/2005/gco">2002-07-01</gco:Date>
              </gmd:date>
              <gmd:dateType>
                <CI_DateTypeCode xmlns="http://www.isotc211.org/2005/gmd" codeList="http://metadata.dgiwg.org/codelistRegistry?CI_DateTypeCode" codeListValue="revision" />
              </gmd:dateType>
            </gmd:CI_Date>
          </gmd:date>
          <gmd:citedResponsibleParty>
            <gmd:CI_ResponsibleParty>
              <gmd:organisationName>
                <gco:CharacterString xmlns:gco="http://www.isotc211.org/2005/gco">Stadtplanungsamt</gco:CharacterString>
              </gmd:organisationName>
              <gmd:role>
                <gmd:CI_RoleCode codeList="http://metadata.dgiwg.org/codelistRegistry?CI_RoleCode" codeListValue="originator" />
              </gmd:role>
            </gmd:CI_ResponsibleParty>
          </gmd:citedResponsibleParty>
          <gmd:citedResponsibleParty>
            <gmd:CI_ResponsibleParty>
              <gmd:organisationName>
                <gco:CharacterString xmlns:gco="http://www.isotc211.org/2005/gco">Vermessungs- und Katasteramt</gco:CharacterString>
              </gmd:organisationName>
              <gmd:role>
                <gmd:CI_RoleCode codeList="http://metadata.dgiwg.org/codelistRegistry?CI_RoleCode" codeListValue="author" />
              </gmd:role>
            </gmd:CI_ResponsibleParty>
          </gmd:citedResponsibleParty>
          <gmd:citedResponsibleParty>
            <gmd:CI_ResponsibleParty>
              <gmd:organisationName>
                <gco:CharacterString xmlns:gco="http://www.isotc211.org/2005/gco">Stadtplanungsamt</gco:CharacterString>
              </gmd:organisationName>
              <gmd:role>
                <gmd:CI_RoleCode codeList="http://metadata.dgiwg.org/codelistRegistry?CI_RoleCode" codeListValue="user" />
              </gmd:role>
            </gmd:CI_ResponsibleParty>
          </gmd:citedResponsibleParty>
          <gmd:presentationForm>
            <CI_PresentationFormCode xmlns="http://www.isotc211.org/2005/gmd" codeList="http://standards.iso.org/ittf/PubliclyAvailableStandards/ISO_19139_Schemas/resources/codelist/gmxCodelists.xml#CI_PresentationFormCode" codeListValue="mapDigital" codeSpace="ISOTC211/19115" />
          </gmd:presentationForm>
        </gmd:CI_Citation>
      </gmd:citation>
      <gmd:abstract>
        <gco:CharacterString xmlns:gco="http://www.isotc211.org/2005/gco">beinhaltet die Baugebiete in Hamm-Mitte und deren Festsetzungen.</gco:CharacterString>
      </gmd:abstract>
      <gmd:status>
        <MD_ProgressCode xmlns="http://www.isotc211.org/2005/gmd" codeList="http://standards.iso.org/ittf/PubliclyAvailableStandards/ISO_19139_Schemas/resources/codelist/gmxCodelists.xml#MD_ProgressCode" codeListValue="completed" codeSpace="ISOTC211/19115" />
      </gmd:status>
      <gmd:pointOfContact>
        <gmd:CI_ResponsibleParty>
          <gmd:individualName>
            <gco:CharacterString xmlns:gco="http://www.isotc211.org/2005/gco">Abteilung Verbindliche Bauleitplanung</gco:CharacterString>
          </gmd:individualName>
          <gmd:organisationName>
            <gco:CharacterString xmlns:gco="http://www.isotc211.org/2005/gco">Stadt Hamm</gco:CharacterString>
          </gmd:organisationName>
          <gmd:positionName>
            <gco:CharacterString xmlns:gco="http://www.isotc211.org/2005/gco">Stadtplanungsamt</gco:CharacterString>
          </gmd:positionName>
          <gmd:contactInfo>
            <gmd:CI_Contact>
              <gmd:phone>
                <gmd:CI_Telephone>
                  <gmd:voice>
                    <gco:CharacterString xmlns:gco="http://www.isotc211.org/2005/gco">+492381 17 4101</gco:CharacterString>
                  </gmd:voice>
                  <gmd:facsimile>
                    <gco:CharacterString xmlns:gco="http://www.isotc211.org/2005/gco">+49 2381 17 104101</gco:CharacterString>
                  </gmd:facsimile>
                </gmd:CI_Telephone>
              </gmd:phone>
              <gmd:address>
                <gmd:CI_Address>
                  <gmd:deliveryPoint>
                    <gco:CharacterString xmlns:gco="http://www.isotc211.org/2005/gco">Gustav-Heinemann-Straße 10</gco:CharacterString>
                  </gmd:deliveryPoint>
                  <gmd:city>
                    <gco:CharacterString xmlns:gco="http://www.isotc211.org/2005/gco">Hamm</gco:CharacterString>
                  </gmd:city>
                  <gmd:administrativeArea>
                    <gco:CharacterString xmlns:gco="http://www.isotc211.org/2005/gco">Nordrhein-Westfalen</gco:CharacterString>
                  </gmd:administrativeArea>
                  <gmd:postalCode>
                    <gco:CharacterString xmlns:gco="http://www.isotc211.org/2005/gco">59065</gco:CharacterString>
                  </gmd:postalCode>
                  <gmd:country>
                    <gco:CharacterString xmlns:gco="http://www.isotc211.org/2005/gco">Deutschland</gco:CharacterString>
                  </gmd:country>
                  <gmd:electronicMailAddress>
                    <gco:CharacterString xmlns:gco="http://www.isotc211.org/2005/gco">stadtplanungsamt@stadt.hamm.de</gco:CharacterString>
                  </gmd:electronicMailAddress>
                </gmd:CI_Address>
              </gmd:address>
              <gmd:onlineResource>
                <gmd:CI_OnlineResource>
                  <gmd:linkage>
                    <gmd:URL>https://www.hamm.de</gmd:URL>
                  </gmd:linkage>
                </gmd:CI_OnlineResource>
              </gmd:onlineResource>
            </gmd:CI_Contact>
          </gmd:contactInfo>
          <gmd:role>
            <gmd:CI_RoleCode codeList="https://standards.iso.org/iso/19139/resources/gmxCodelists.xml#CI_RoleCode" codeListValue="pointOfContact">pointOfContact</gmd:CI_RoleCode>
          </gmd:role>
        </gmd:CI_ResponsibleParty>
      </gmd:pointOfContact>
      <gmd:resourceMaintenance>
        <gmd:MD_MaintenanceInformation>
          <gmd:maintenanceAndUpdateFrequency>
            <MD_MaintenanceFrequencyCode xmlns="http://www.isotc211.org/2005/gmd" codeList="http://metadata.dgiwg.org/codelistRegistry?MD_MaintenanceFrequencyCode" codeListValue="asNeeded" />
          </gmd:maintenanceAndUpdateFrequency>
        </gmd:MD_MaintenanceInformation>
      </gmd:resourceMaintenance>
      <gmd:resourceFormat>
        <gmd:MD_Format>
          <gmd:name>
            <gco:CharacterString xmlns:gco="http://www.isotc211.org/2005/gco">sde-featureClass</gco:CharacterString>
          </gmd:name>
          <gmd:version>
            <gco:CharacterString xmlns:gco="http://www.isotc211.org/2005/gco">ArcGIS 9.3.1</gco:CharacterString>
          </gmd:version>
        </gmd:MD_Format>
      </gmd:resourceFormat>
      <gmd:descriptiveKeywords>
        <gmd:MD_Keywords>
          <gmd:keyword>
            <gco:CharacterString xmlns:gco="http://www.isotc211.org/2005/gco">Bebauungsplan</gco:CharacterString>
          </gmd:keyword>
          <gmd:keyword>
            <gco:CharacterString xmlns:gco="http://www.isotc211.org/2005/gco">Bau</gco:CharacterString>
          </gmd:keyword>
          <gmd:keyword>
            <gco:CharacterString xmlns:gco="http://www.isotc211.org/2005/gco">Stadtentwicklung</gco:CharacterString>
          </gmd:keyword>
          <gmd:keyword>
            <gco:CharacterString xmlns:gco="http://www.isotc211.org/2005/gco">Baugebiet</gco:CharacterString>
          </gmd:keyword>
          <gmd:keyword>
            <gco:CharacterString xmlns:gco="http://www.isotc211.org/2005/gco">Baugebietsplan</gco:CharacterString>
          </gmd:keyword>
          <gmd:type>
            <MD_KeywordTypeCode xmlns="http://www.isotc211.org/2005/gmd" codeList="http://metadata.dgiwg.org/codelistRegistry?MD_KeywordTypeCode" codeListValue="theme" />
          </gmd:type>
        </gmd:MD_Keywords>
      </gmd:descriptiveKeywords>
      <gmd:descriptiveKeywords>
        <gmd:MD_Keywords>
          <gmd:keyword>
            <gco:CharacterString xmlns:gco="http://www.isotc211.org/2005/gco">Stadt Hamm</gco:CharacterString>
          </gmd:keyword>
          <gmd:keyword>
            <gco:CharacterString xmlns:gco="http://www.isotc211.org/2005/gco">Hamm</gco:CharacterString>
          </gmd:keyword>
          <gmd:keyword>
            <gco:CharacterString xmlns:gco="http://www.isotc211.org/2005/gco">Hamm-Mitte</gco:CharacterString>
          </gmd:keyword>
          <gmd:type>
            <MD_KeywordTypeCode xmlns="http://www.isotc211.org/2005/gmd" codeList="http://metadata.dgiwg.org/codelistRegistry?MD_KeywordTypeCode" codeListValue="place" />
          </gmd:type>
        </gmd:MD_Keywords>
      </gmd:descriptiveKeywords>
      <gmd:descriptiveKeywords>
        <gmd:MD_Keywords>
          <gmd:keyword>
            <gco:CharacterString xmlns:gco="http://www.isotc211.org/2005/gco">Planen</gco:CharacterString>
          </gmd:keyword>
          <gmd:keyword>
            <gco:CharacterString xmlns:gco="http://www.isotc211.org/2005/gco">Planung</gco:CharacterString>
          </gmd:keyword>
          <gmd:type>
            <MD_KeywordTypeCode xmlns="http://www.isotc211.org/2005/gmd" codeList="https://standards.iso.org/iso/19139/resources/gmxCodelists.xml#MD_KeywordTypeCode" codeListValue="discipline" />
          </gmd:type>
        </gmd:MD_Keywords>
      </gmd:descriptiveKeywords>
      <gmd:resourceConstraints xmlns:gmx="http://www.isotc211.org/2005/gmx" xmlns:xlink="http://www.w3.org/1999/xlink">
        <gmd:MD_LegalConstraints>
          <gmd:useLimitation>
            <gco:CharacterString xmlns:gco="http://www.isotc211.org/2005/gco">verwaltungsintern freigegeben</gco:CharacterString>
          </gmd:useLimitation>
        </gmd:MD_LegalConstraints>
      </gmd:resourceConstraints>
      <gmd:language>
        <LanguageCode xmlns="http://www.isotc211.org/2005/gmd" codeList="http://www.loc.gov/standards/iso639-2/" codeListValue="ger">de</LanguageCode>
      </gmd:language>
      <gmd:topicCategory>
        <gmd:MD_TopicCategoryCode>structure</gmd:MD_TopicCategoryCode>
      </gmd:topicCategory>
      <gmd:topicCategory>
        <gmd:MD_TopicCategoryCode>planningCadastre</gmd:MD_TopicCategoryCode>
      </gmd:topicCategory>
      <extent xmlns="http://www.isotc211.org/2005/gmd">
        <gmd:EX_Extent>
          <gmd:geographicElement>
            <gmd:EX_GeographicBoundingBox>
              <gmd:extentTypeCode>
                <gco:Boolean xmlns:gco="http://www.isotc211.org/2005/gco">true</gco:Boolean>
              </gmd:extentTypeCode>
              <gmd:westBoundLongitude>
                <gco:Decimal xmlns:gco="http://www.isotc211.org/2005/gco">7.67</gco:Decimal>
              </gmd:westBoundLongitude>
              <gmd:eastBoundLongitude>
                <gco:Decimal xmlns:gco="http://www.isotc211.org/2005/gco">8.01</gco:Decimal>
              </gmd:eastBoundLongitude>
              <gmd:southBoundLatitude>
                <gco:Decimal xmlns:gco="http://www.isotc211.org/2005/gco">51.58</gco:Decimal>
              </gmd:southBoundLatitude>
              <gmd:northBoundLatitude>
                <gco:Decimal xmlns:gco="http://www.isotc211.org/2005/gco">51.76</gco:Decimal>
              </gmd:northBoundLatitude>
            </gmd:EX_GeographicBoundingBox>
          </gmd:geographicElement>
        </gmd:EX_Extent>
      </extent>
    </gmd:MD_DataIdentification>
  </gmd:identificationInfo>
  <gmd:distributionInfo>
    <gmd:MD_Distribution>
      <gmd:distributor>
        <gmd:MD_Distributor>
          <gmd:distributorContact>
            <gmd:CI_ResponsibleParty>
              <gmd:individualName>
                <gco:CharacterString xmlns:gco="http://www.isotc211.org/2005/gco">Wittkamp, Michael</gco:CharacterString>
              </gmd:individualName>
              <gmd:organisationName>
                <gco:CharacterString xmlns:gco="http://www.isotc211.org/2005/gco">Stadt Hamm</gco:CharacterString>
              </gmd:organisationName>
              <gmd:contactInfo>
                <gmd:CI_Contact>
                  <gmd:phone>
                    <gmd:CI_Telephone>
                      <gmd:facsimile>
                        <gco:CharacterString xmlns:gco="http://www.isotc211.org/2005/gco">+49 2381 17 2961</gco:CharacterString>
                      </gmd:facsimile>
                    </gmd:CI_Telephone>
                  </gmd:phone>
                  <gmd:address>
                    <gmd:CI_Address>
                      <gmd:deliveryPoint>
                        <gco:CharacterString xmlns:gco="http://www.isotc211.org/2005/gco">PF 2449</gco:CharacterString>
                      </gmd:deliveryPoint>
                      <gmd:city>
                        <gco:CharacterString xmlns:gco="http://www.isotc211.org/2005/gco">Hamm</gco:CharacterString>
                      </gmd:city>
                      <gmd:postalCode>
                        <gco:CharacterString xmlns:gco="http://www.isotc211.org/2005/gco">59014</gco:CharacterString>
                      </gmd:postalCode>
                      <gmd:country>
                        <gco:CharacterString xmlns:gco="http://www.isotc211.org/2005/gco">Deutschland</gco:CharacterString>
                      </gmd:country>
                      <gmd:electronicMailAddress>
                        <gco:CharacterString xmlns:gco="http://www.isotc211.org/2005/gco">katasteramt@stadt.hamm.de</gco:CharacterString>
                      </gmd:electronicMailAddress>
                    </gmd:CI_Address>
                  </gmd:address>
                </gmd:CI_Contact>
              </gmd:contactInfo>
              <gmd:role>
                <gmd:CI_RoleCode codeList="https://standards.iso.org/iso/19139/resources/gmxCodelists.xml#CI_RoleCode" codeListValue="owner">owner</gmd:CI_RoleCode>
              </gmd:role>
            </gmd:CI_ResponsibleParty>
          </gmd:distributorContact>
        </gmd:MD_Distributor>
      </gmd:distributor>
    </gmd:MD_Distribution>
  </gmd:distributionInfo>
</gmd:MD_Metadata>