<?xml version="1.0" encoding="UTF-8"?>
<info version="1.1">
  <general>
    <createDate>2021-05-18</createDate>
    <changeDate>2025-03-20T09:25:46</changeDate>
    <schema>iso19139</schema>
    <isTemplate>n</isTemplate>
    <localId>591376</localId>
    <format>full</format>
    <rating>0</rating>
    <popularity>0</popularity>
    <uuid>f7769202-1a03-486f-a765-81def50acd32</uuid>
    <siteId>9a30bf0c-05a8-4b17-a8ff-cd8808490474</siteId>
    <siteName>www.geodatenkatalog.de (S2F)</siteName>
  </general>
  <categories />
  <privileges>
    <group name="all">
      <operation name="view" />
      <operation name="dynamic" />
      <operation name="download" />
    </group>
  </privileges>
  <public />
  <private />
</info>

