<?xml version="1.0" encoding="UTF-8"?>
<gmd:MD_Metadata xmlns:gmd="http://www.isotc211.org/2005/gmd" xmlns:gco="http://www.isotc211.org/2005/gco" xmlns:gml="http://www.opengis.net/gml/3.2" xmlns:gmx="http://www.isotc211.org/2005/gmx" xmlns:gts="http://www.isotc211.org/2005/gts" xmlns:igctx="https://www.ingrid-oss.eu/schemas/igctx" xmlns:srv="http://www.isotc211.org/2005/srv" xmlns:xlink="http://www.w3.org/1999/xlink" xmlns:xsi="http://www.w3.org/2001/XMLSchema-instance" xmlns:geonet="http://www.fao.org/geonetwork" xsi:schemaLocation="http://www.isotc211.org/2005/gmd http://repository.gdi-de.org/schemas/geonetwork/2020-12-11/csw/2.0.2/profiles/apiso/1.0.1/apiso.xsd https://www.ingrid-oss.eu/schemas/igctx https://www.ingrid-oss.eu/schemas/igctx/igctx.xsd">
  <gmd:fileIdentifier>
    <gco:CharacterString>a265b0b2-b72d-4c3b-9d2c-218521b33adf</gco:CharacterString>
  </gmd:fileIdentifier>
  <gmd:language>
    <gmd:LanguageCode codeList="http://www.loc.gov/standards/iso639-2/" codeListValue="ger" />
  </gmd:language>
  <gmd:characterSet>
    <gmd:MD_CharacterSetCode codeList="http://standards.iso.org/iso/19139/resources/gmxCodelists.xml#MD_CharacterSetCode" codeListValue="utf8" />
  </gmd:characterSet>
  <gmd:hierarchyLevel>
    <gmd:MD_ScopeCode codeList="http://standards.iso.org/iso/19139/resources/gmxCodelists.xml#MD_ScopeCode" codeListValue="dataset">dataset</gmd:MD_ScopeCode>
  </gmd:hierarchyLevel>
  <gmd:contact>
    <gmd:CI_ResponsibleParty uuid="6338618e-501c-4973-945f-240abca5f871">
      <gmd:organisationName>
        <gco:CharacterString>Kreis Wesel - FD 62 Geoinformation und Liegenschaftskataster - 62-1-3 Geobasisdaten/GIS</gco:CharacterString>
      </gmd:organisationName>
      <gmd:contactInfo>
        <gmd:CI_Contact>
          <gmd:phone>
            <gmd:CI_Telephone>
              <gmd:voice>
                <gco:CharacterString>+49281 207 2408</gco:CharacterString>
              </gmd:voice>
              <gmd:facsimile>
                <gco:CharacterString>+49281 20767 2408</gco:CharacterString>
              </gmd:facsimile>
            </gmd:CI_Telephone>
          </gmd:phone>
          <gmd:address>
            <gmd:CI_Address>
              <gmd:deliveryPoint>
                <gco:CharacterString>Reeser Landstraße 31</gco:CharacterString>
              </gmd:deliveryPoint>
              <gmd:city>
                <gco:CharacterString>Wesel</gco:CharacterString>
              </gmd:city>
              <gmd:administrativeArea>
                <gco:CharacterString>Nordrhein-Westfalen</gco:CharacterString>
              </gmd:administrativeArea>
              <gmd:postalCode>
                <gco:CharacterString>46483</gco:CharacterString>
              </gmd:postalCode>
              <gmd:electronicMailAddress>
                <gco:CharacterString>gis@kreis-wesel.de</gco:CharacterString>
              </gmd:electronicMailAddress>
            </gmd:CI_Address>
          </gmd:address>
        </gmd:CI_Contact>
      </gmd:contactInfo>
      <gmd:role>
        <gmd:CI_RoleCode codeList="http://standards.iso.org/iso/19139/resources/gmxCodelists.xml#CI_RoleCode" codeListValue="pointOfContact" />
      </gmd:role>
    </gmd:CI_ResponsibleParty>
  </gmd:contact>
  <gmd:dateStamp>
    <gco:Date>2025-03-25</gco:Date>
  </gmd:dateStamp>
  <gmd:metadataStandardName>
    <gco:CharacterString>ISO19115</gco:CharacterString>
  </gmd:metadataStandardName>
  <gmd:metadataStandardVersion>
    <gco:CharacterString>2003/Cor.1:2006</gco:CharacterString>
  </gmd:metadataStandardVersion>
  <gmd:referenceSystemInfo>
    <gmd:MD_ReferenceSystem>
      <gmd:referenceSystemIdentifier>
        <gmd:RS_Identifier>
          <gmd:code>
            <gmx:Anchor xlink:href="http://www.opengis.net/def/crs/EPSG/0/25832">EPSG 25832: ETRS89 / UTM Zone 32N</gmx:Anchor>
          </gmd:code>
        </gmd:RS_Identifier>
      </gmd:referenceSystemIdentifier>
    </gmd:MD_ReferenceSystem>
  </gmd:referenceSystemInfo>
  <gmd:identificationInfo>
    <gmd:MD_DataIdentification uuid="https://registry.gdi-de.org/id/de.nw/681ea4df-77f1-4990-b443-2f21be3baeed">
      <gmd:citation>
        <gmd:CI_Citation>
          <gmd:title>
            <gco:CharacterString>Regionale Bio-Produkte in der Außer-Haus-Verpflegung Kreis Wesel</gco:CharacterString>
          </gmd:title>
          <gmd:date>
            <gmd:CI_Date>
              <gmd:date>
                <gco:DateTime>2024-04-22T00:00:00.000+02:00</gco:DateTime>
              </gmd:date>
              <gmd:dateType>
                <gmd:CI_DateTypeCode codeList="http://standards.iso.org/iso/19139/resources/gmxCodelists.xml#CI_DateTypeCode" codeListValue="revision" />
              </gmd:dateType>
            </gmd:CI_Date>
          </gmd:date>
          <gmd:identifier>
            <gmd:MD_Identifier>
              <gmd:code>
                <gco:CharacterString>https://registry.gdi-de.org/id/de.nw/681ea4df-77f1-4990-b443-2f21be3baeed</gco:CharacterString>
              </gmd:code>
            </gmd:MD_Identifier>
          </gmd:identifier>
        </gmd:CI_Citation>
      </gmd:citation>
      <gmd:abstract>
        <gco:CharacterString>Der Datensatz beinhaltet regionale Bio-Produzenten und Händler aus den Kreisen Kleve und Wesel.
Der Datensatz erhebt keinen Anspruch auf Vollständigkeit.</gco:CharacterString>
      </gmd:abstract>
      <gmd:pointOfContact>
        <gmd:CI_ResponsibleParty uuid="1d156cce-d44e-4a75-84d2-d4dfce12a34f">
          <gmd:organisationName>
            <gco:CharacterString>Kreis Wesel</gco:CharacterString>
          </gmd:organisationName>
          <gmd:contactInfo>
            <gmd:CI_Contact>
              <gmd:phone>
                <gmd:CI_Telephone>
                  <gmd:voice>
                    <gco:CharacterString>+49 281 207 0</gco:CharacterString>
                  </gmd:voice>
                </gmd:CI_Telephone>
              </gmd:phone>
              <gmd:address>
                <gmd:CI_Address>
                  <gmd:deliveryPoint>
                    <gco:CharacterString>Reeser Landstraße 31</gco:CharacterString>
                  </gmd:deliveryPoint>
                  <gmd:city>
                    <gco:CharacterString>Wesel</gco:CharacterString>
                  </gmd:city>
                  <gmd:administrativeArea>
                    <gco:CharacterString>Nordrhein-Westfalen</gco:CharacterString>
                  </gmd:administrativeArea>
                  <gmd:postalCode>
                    <gco:CharacterString>46483</gco:CharacterString>
                  </gmd:postalCode>
                  <gmd:country>
                    <gco:CharacterString>DEU</gco:CharacterString>
                  </gmd:country>
                  <gmd:electronicMailAddress>
                    <gco:CharacterString>post@kreis-wesel.de</gco:CharacterString>
                  </gmd:electronicMailAddress>
                </gmd:CI_Address>
              </gmd:address>
              <gmd:onlineResource>
                <gmd:CI_OnlineResource>
                  <gmd:linkage>
                    <gmd:URL>https://www.kreis-wesel.de/</gmd:URL>
                  </gmd:linkage>
                </gmd:CI_OnlineResource>
              </gmd:onlineResource>
            </gmd:CI_Contact>
          </gmd:contactInfo>
          <gmd:role>
            <gmd:CI_RoleCode codeList="http://standards.iso.org/iso/19139/resources/gmxCodelists.xml#CI_RoleCode" codeListValue="publisher" />
          </gmd:role>
        </gmd:CI_ResponsibleParty>
      </gmd:pointOfContact>
      <gmd:pointOfContact>
        <gmd:CI_ResponsibleParty uuid="805cfb6f-250e-47cd-a3bb-10527a1b5c6f">
          <gmd:organisationName>
            <gco:CharacterString>EntwicklungsAgentur Wirtschaft</gco:CharacterString>
          </gmd:organisationName>
          <gmd:contactInfo>
            <gmd:CI_Contact>
              <gmd:phone>
                <gmd:CI_Telephone>
                  <gmd:voice>
                    <gco:CharacterString>+49 281 207 2022</gco:CharacterString>
                  </gmd:voice>
                </gmd:CI_Telephone>
              </gmd:phone>
              <gmd:address>
                <gmd:CI_Address>
                  <gmd:deliveryPoint>
                    <gco:CharacterString>Reeser Landstraße 41</gco:CharacterString>
                  </gmd:deliveryPoint>
                  <gmd:city>
                    <gco:CharacterString>Wesel</gco:CharacterString>
                  </gmd:city>
                  <gmd:administrativeArea>
                    <gco:CharacterString>Nordrhein-Westfalen</gco:CharacterString>
                  </gmd:administrativeArea>
                  <gmd:postalCode>
                    <gco:CharacterString>46483</gco:CharacterString>
                  </gmd:postalCode>
                  <gmd:electronicMailAddress>
                    <gco:CharacterString>eaw@kreis-wesel.de</gco:CharacterString>
                  </gmd:electronicMailAddress>
                </gmd:CI_Address>
              </gmd:address>
            </gmd:CI_Contact>
          </gmd:contactInfo>
          <gmd:role>
            <gmd:CI_RoleCode codeList="http://standards.iso.org/iso/19139/resources/gmxCodelists.xml#CI_RoleCode" codeListValue="pointOfContact" />
          </gmd:role>
        </gmd:CI_ResponsibleParty>
      </gmd:pointOfContact>
      <gmd:resourceMaintenance>
        <gmd:MD_MaintenanceInformation>
          <gmd:maintenanceAndUpdateFrequency>
            <gmd:MD_MaintenanceFrequencyCode codeList="http://standards.iso.org/iso/19139/resources/gmxCodelists.xml#MD_MaintenanceFrequencyCode" codeListValue="asNeeded" />
          </gmd:maintenanceAndUpdateFrequency>
          <gmd:updateScope>
            <gmd:MD_ScopeCode codeList="http://standards.iso.org/iso/19139/resources/gmxCodelists.xml#MD_ScopeCode" codeListValue="dataset" />
          </gmd:updateScope>
        </gmd:MD_MaintenanceInformation>
      </gmd:resourceMaintenance>
      <gmd:graphicOverview>
        <gmd:MD_BrowseGraphic>
          <gmd:fileName>
            <gco:CharacterString>https://geodatenkatalog-niederrhein.de/documents/geodatenkatalog_niederrhein/a265b0b2-b72d-4c3b-9d2c-218521b33adf/Vorschau_regionale_bio_produkte_kwes.png</gco:CharacterString>
          </gmd:fileName>
        </gmd:MD_BrowseGraphic>
      </gmd:graphicOverview>
      <gmd:descriptiveKeywords>
        <gmd:MD_Keywords>
          <gmd:keyword>
            <gco:CharacterString>Kreis Wesel</gco:CharacterString>
          </gmd:keyword>
          <gmd:keyword>
            <gco:CharacterString>Alpen</gco:CharacterString>
          </gmd:keyword>
          <gmd:keyword>
            <gco:CharacterString>Dinslaken</gco:CharacterString>
          </gmd:keyword>
          <gmd:keyword>
            <gco:CharacterString>Hamminkeln</gco:CharacterString>
          </gmd:keyword>
          <gmd:keyword>
            <gco:CharacterString>Hünxe</gco:CharacterString>
          </gmd:keyword>
          <gmd:keyword>
            <gco:CharacterString>Kamp-Lintfort</gco:CharacterString>
          </gmd:keyword>
          <gmd:keyword>
            <gco:CharacterString>Moers</gco:CharacterString>
          </gmd:keyword>
          <gmd:keyword>
            <gco:CharacterString>Neukirchen-Vluyn</gco:CharacterString>
          </gmd:keyword>
          <gmd:keyword>
            <gco:CharacterString>Rheinberg</gco:CharacterString>
          </gmd:keyword>
          <gmd:keyword>
            <gco:CharacterString>Schermbeck</gco:CharacterString>
          </gmd:keyword>
          <gmd:keyword>
            <gco:CharacterString>Sonsbeck</gco:CharacterString>
          </gmd:keyword>
          <gmd:keyword>
            <gco:CharacterString>Voerde</gco:CharacterString>
          </gmd:keyword>
          <gmd:keyword>
            <gco:CharacterString>Wesel</gco:CharacterString>
          </gmd:keyword>
          <gmd:keyword>
            <gco:CharacterString>Xanten</gco:CharacterString>
          </gmd:keyword>
          <gmd:keyword>
            <gco:CharacterString>Ökomodellregion Niederrhein</gco:CharacterString>
          </gmd:keyword>
          <gmd:keyword>
            <gco:CharacterString>Ökomodellregion</gco:CharacterString>
          </gmd:keyword>
          <gmd:keyword>
            <gco:CharacterString>Kreis Kleve</gco:CharacterString>
          </gmd:keyword>
          <gmd:keyword>
            <gco:CharacterString>Bedburg-Hau</gco:CharacterString>
          </gmd:keyword>
          <gmd:keyword>
            <gco:CharacterString>Emmerich am Rhein</gco:CharacterString>
          </gmd:keyword>
          <gmd:keyword>
            <gco:CharacterString>Geldern</gco:CharacterString>
          </gmd:keyword>
          <gmd:keyword>
            <gco:CharacterString>Goch</gco:CharacterString>
          </gmd:keyword>
          <gmd:keyword>
            <gco:CharacterString>Issum</gco:CharacterString>
          </gmd:keyword>
          <gmd:keyword>
            <gco:CharacterString>Kalkar</gco:CharacterString>
          </gmd:keyword>
          <gmd:keyword>
            <gco:CharacterString>Kerken</gco:CharacterString>
          </gmd:keyword>
          <gmd:keyword>
            <gco:CharacterString>Kleve</gco:CharacterString>
          </gmd:keyword>
          <gmd:keyword>
            <gco:CharacterString>Kranenburg</gco:CharacterString>
          </gmd:keyword>
          <gmd:keyword>
            <gco:CharacterString>Rees</gco:CharacterString>
          </gmd:keyword>
          <gmd:keyword>
            <gco:CharacterString>Rheurdt</gco:CharacterString>
          </gmd:keyword>
          <gmd:keyword>
            <gco:CharacterString>Straelen</gco:CharacterString>
          </gmd:keyword>
          <gmd:keyword>
            <gco:CharacterString>Uedem</gco:CharacterString>
          </gmd:keyword>
          <gmd:keyword>
            <gco:CharacterString>Wachtendonk</gco:CharacterString>
          </gmd:keyword>
          <gmd:keyword>
            <gco:CharacterString>Kevelaer</gco:CharacterString>
          </gmd:keyword>
          <gmd:keyword>
            <gco:CharacterString>Weeze</gco:CharacterString>
          </gmd:keyword>
          <gmd:keyword>
            <gco:CharacterString>Bio</gco:CharacterString>
          </gmd:keyword>
          <gmd:keyword>
            <gco:CharacterString>opendata</gco:CharacterString>
          </gmd:keyword>
        </gmd:MD_Keywords>
      </gmd:descriptiveKeywords>
      <gmd:descriptiveKeywords>
        <gmd:MD_Keywords>
          <gmd:keyword>
            <gco:CharacterString>AGRI</gco:CharacterString>
          </gmd:keyword>
          <gmd:type>
            <gmd:MD_KeywordTypeCode codeList="http://standards.iso.org/iso/19139/resources/gmxCodelists.xml#MD_KeywordTypeCode" codeListValue="theme" />
          </gmd:type>
        </gmd:MD_Keywords>
      </gmd:descriptiveKeywords>
      <gmd:resourceConstraints>
        <gmd:MD_LegalConstraints>
          <gmd:useConstraints>
            <gmd:MD_RestrictionCode codeList="http://standards.iso.org/iso/19139/resources/gmxCodelists.xml#MD_RestrictionCode" codeListValue="otherRestrictions" />
          </gmd:useConstraints>
          <gmd:otherConstraints>
            <gco:CharacterString>Datenlizenz Deutschland Namensnennung 2.0</gco:CharacterString>
          </gmd:otherConstraints>
          <gmd:otherConstraints>
            <gco:CharacterString>{"id":"dl-by-de/2.0","name":"Datenlizenz Deutschland Namensnennung 2.0","url":"https://www.govdata.de/dl-de/by-2-0","quelle":""}</gco:CharacterString>
          </gmd:otherConstraints>
        </gmd:MD_LegalConstraints>
      </gmd:resourceConstraints>
      <gmd:resourceConstraints>
        <gmd:MD_LegalConstraints>
          <gmd:accessConstraints>
            <gmd:MD_RestrictionCode codeList="http://standards.iso.org/iso/19139/resources/gmxCodelists.xml#MD_RestrictionCode" codeListValue="otherRestrictions">otherRestrictions</gmd:MD_RestrictionCode>
          </gmd:accessConstraints>
          <gmd:otherConstraints>
            <gmx:Anchor xlink:href="http://inspire.ec.europa.eu/metadata-codelist/LimitationsOnPublicAccess/noLimitations">Es gelten keine Zugriffsbeschränkungen</gmx:Anchor>
          </gmd:otherConstraints>
        </gmd:MD_LegalConstraints>
      </gmd:resourceConstraints>
      <gmd:spatialRepresentationType>
        <gmd:MD_SpatialRepresentationTypeCode codeList="http://standards.iso.org/iso/19139/resources/gmxCodelists.xml#MD_SpatialRepresentationTypeCode" codeListValue="vector" />
      </gmd:spatialRepresentationType>
      <gmd:language>
        <gmd:LanguageCode codeList="http://www.loc.gov/standards/iso639-2/" codeListValue="ger" />
      </gmd:language>
      <gmd:topicCategory>
        <gmd:MD_TopicCategoryCode>farming</gmd:MD_TopicCategoryCode>
      </gmd:topicCategory>
      <gmd:topicCategory>
        <gmd:MD_TopicCategoryCode>economy</gmd:MD_TopicCategoryCode>
      </gmd:topicCategory>
      <gmd:extent>
        <gmd:EX_Extent>
          <gmd:geographicElement>
            <gmd:EX_GeographicDescription>
              <gmd:extentTypeCode>
                <gco:Boolean>true</gco:Boolean>
              </gmd:extentTypeCode>
              <gmd:geographicIdentifier>
                <gmd:MD_Identifier>
                  <gmd:code>
                    <gco:CharacterString>Wesel, Kreis (05170)</gco:CharacterString>
                  </gmd:code>
                </gmd:MD_Identifier>
              </gmd:geographicIdentifier>
            </gmd:EX_GeographicDescription>
          </gmd:geographicElement>
          <gmd:geographicElement>
            <gmd:EX_GeographicBoundingBox>
              <gmd:extentTypeCode>
                <gco:Boolean>true</gco:Boolean>
              </gmd:extentTypeCode>
              <gmd:westBoundLongitude>
                <gco:Decimal>6.282474</gco:Decimal>
              </gmd:westBoundLongitude>
              <gmd:eastBoundLongitude>
                <gco:Decimal>6.954858</gco:Decimal>
              </gmd:eastBoundLongitude>
              <gmd:southBoundLatitude>
                <gco:Decimal>51.3839</gco:Decimal>
              </gmd:southBoundLatitude>
              <gmd:northBoundLatitude>
                <gco:Decimal>51.825123</gco:Decimal>
              </gmd:northBoundLatitude>
            </gmd:EX_GeographicBoundingBox>
          </gmd:geographicElement>
          <gmd:geographicElement>
            <gmd:EX_GeographicDescription>
              <gmd:geographicIdentifier>
                <gmd:MD_Identifier>
                  <gmd:code>
                    <gmx:Anchor xlink:href="https://registry.gdi-de.org/id/de.bund.bkg.regschluessel/05170">051700000000</gmx:Anchor>
                  </gmd:code>
                </gmd:MD_Identifier>
              </gmd:geographicIdentifier>
            </gmd:EX_GeographicDescription>
          </gmd:geographicElement>
          <gmd:geographicElement>
            <gmd:EX_BoundingPolygon>
              <gmd:extentTypeCode>
                <gco:Boolean>true</gco:Boolean>
              </gmd:extentTypeCode>
              <gmd:polygon>
                <gml:MultiSurface>
                  <gml:surfaceMember>
                    <gml:Polygon gml:id="Polygon_ID_bddd978e-6f93-4494-a8c5-334e6d101d29" srsDimension="2">
                      <gml:exterior>
                        <gml:LinearRing>
                          <gml:posList>6.627822 51.503536 6.634187 51.50596 6.639884 51.507365 6.639543 51.50791 6.638327 51.507926 6.637511 51.50929 6.640662 51.510118 6.641055 51.509079 6.644412 51.509623 6.644784 51.509039 6.648687 51.509664 6.652703 51.510792 6.653157 51.51083 6.65337 51.510497 6.653397 51.510454 6.654666 51.51066 6.654943 51.510141 6.656527 51.510487 6.656905 51.509972 6.660262 51.511115 6.660637 51.510237 6.664045 51.510972 6.664141 51.510774 6.665176 51.510983 6.665935 51.510817 6.666792 51.511806 6.669788 51.511427 6.670924 51.511555 6.673375 51.5135 6.674989 51.514183 6.675623 51.514427 6.681284 51.517289 6.686151 51.519136 6.690263 51.519965 6.692864 51.518467 6.693459 51.518897 6.694487 51.518412 6.696508 51.519122 6.69562 51.520487 6.699566 51.524427 6.690434 51.527648 6.68366 51.531002 6.679309 51.534148 6.67684 51.537862 6.676393 51.541477 6.677954 51.546933 6.680308 51.551162 6.685019 51.557201 6.686475 51.560069 6.691349 51.559665 6.69248 51.559015 6.693086 51.558021 6.696675 51.557504 6.702151 51.554571 6.703728 51.553163 6.707403 51.550834 6.708938 51.551484 6.709056 51.5519 6.7098 51.55167 6.709579 51.552101 6.710049 51.552313 6.710153 51.552122 6.712555 51.552629 6.713325 51.550453 6.717104 51.551357 6.718166 51.550867 6.718903 51.550924 6.719885 51.551502 6.721046 51.551021 6.72081 51.550242 6.721942 51.549749 6.721965 51.549716 6.722128 51.54889 6.725057 51.549172 6.725578 51.548995 6.725859 51.54834 6.727097 51.548518 6.727049 51.547475 6.730482 51.545807 6.730041 51.546275 6.733342 51.545974 6.733723 51.545532 6.734518 51.545719 6.73696 51.543776 6.738274 51.544889 6.744578 51.540523 6.747496 51.538049 6.747126 51.536036 6.751737 51.535646 6.753782 51.536422 6.755159 51.534845 6.756278 51.534757 6.75725 51.53396 6.758301 51.533651 6.760621 51.533624 6.761869 51.532422 6.762794 51.532774 6.763819 51.534168 6.770343 51.534226 6.772514 51.534506 6.772954 51.535514 6.773642 51.53485 6.775967 51.53454 6.77599 51.534052 6.778976 51.533537 6.780899 51.532781 6.784008 51.533393 6.783653 51.535558 6.783106 51.53593 6.785439 51.537181 6.784092 51.538341 6.783168 51.538425 6.783752 51.539658 6.784135 51.539675 6.783907 51.54141 6.78442 51.54172 6.783203 51.545574 6.782679 51.545599 6.783106 51.546772 6.787265 51.550538 6.795036 51.55494 6.795508 51.554785 6.796909 51.556069 6.796604 51.556309 6.79719 51.556983 6.79894 51.55682 6.807279 51.558041 6.806446 51.560493 6.808095 51.560712 6.809706 51.561313 6.809723 51.561608 6.821619 51.565247 6.818687 51.569021 6.817363 51.570062 6.815668 51.57302 6.814698 51.573577 6.814467 51.574116 6.816442 51.574198 6.819142 51.575507 6.823595 51.576981 6.827593 51.577544 6.832583 51.580002 6.833859 51.580045 6.834416 51.580216 6.834308 51.58043 6.834788 51.580204 6.835448 51.580342 6.834648 51.580559 6.835434 51.581164 6.835782 51.580863 6.836128 51.581152 6.836227 51.580788 6.836361 51.581091 6.836784 51.580858 6.83781 51.581215 6.838387 51.581034 6.838587 51.581671 6.839249 51.581773 6.83944 51.582229 6.84002 51.582128 6.840181 51.582551 6.841553 51.582471 6.841756 51.582133 6.842567 51.582336 6.84284 51.582792 6.843451 51.582758 6.843107 51.583208 6.843609 51.583042 6.844457 51.583771 6.845279 51.583708 6.845086 51.584109 6.845543 51.584366 6.847381 51.584633 6.847588 51.584974 6.848055 51.584737 6.848459 51.585429 6.849255 51.585196 6.849239 51.585702 6.85008 51.585784 6.850321 51.586118 6.849959 51.586263 6.850992 51.586391 6.851441 51.587109 6.851973 51.587276 6.852559 51.587043 6.852699 51.587411 6.853185 51.587123 6.853482 51.587551 6.854284 51.587693 6.854265 51.588112 6.855684 51.588133 6.856895 51.58915 6.857356 51.588905 6.857283 51.589346 6.858025 51.589465 6.85803 51.58972 6.85861 51.589616 6.85935 51.590132 6.859738 51.589847 6.859416 51.590762 6.860196 51.591126 6.859717 51.591155 6.860221 51.591385 6.85976 51.591968 6.860797 51.592265 6.860646 51.593212 6.86207 51.59349 6.86272 51.595381 6.86454 51.595608 6.866001 51.596758 6.865833 51.597417 6.862449 51.600765 6.859135 51.602568 6.857195 51.602906 6.852056 51.605883 6.851031 51.607019 6.850819 51.60817 6.853462 51.608276 6.852731 51.610227 6.856925 51.61045 6.856034 51.612322 6.863888 51.613724 6.863011 51.615562 6.863661 51.615569 6.869284 51.619884 6.87139 51.622092 6.871528 51.622387 6.868042 51.625311 6.868202 51.626268 6.866101 51.629046 6.866156 51.629918 6.867281 51.630459 6.867489 51.631025 6.882472 51.632854 6.882982 51.632695 6.883377 51.632964 6.890964 51.633877 6.891042 51.633627 6.893403 51.634205 6.899508 51.634928 6.902155 51.63582 6.900379 51.637685 6.901871 51.639103 6.901505 51.63998 6.902023 51.643634 6.900766 51.644812 6.901285 51.645253 6.899235 51.646128 6.901185 51.647475 6.899115 51.649319 6.899809 51.653371 6.893401 51.65339 6.893873 51.653429 6.894168 51.655762 6.896739 51.658711 6.896415 51.658811 6.897058 51.659508 6.897172 51.66056 6.898868 51.660514 6.898764 51.662585 6.897918 51.662848 6.898459 51.663847 6.898754 51.664062 6.900497 51.663708 6.900459 51.665678 6.901482 51.665517 6.902205 51.667195 6.901494 51.669606 6.901843 51.670509 6.903526 51.671706 6.904911 51.671888 6.906465 51.671592 6.906636 51.671911 6.906698 51.672027 6.906609 51.672068 6.90573 51.6724 6.90446 51.672504 6.903684 51.673285 6.900995 51.673899 6.900973 51.675018 6.90215 51.675843 6.904632 51.676292 6.904182 51.676348 6.905376 51.677832 6.912325 51.676776 6.913252 51.677911 6.912315 51.67806 6.914084 51.681516 6.913476 51.681723 6.913795 51.681744 6.914391 51.683433 6.914157 51.686297 6.914795 51.68739 6.915742 51.687962 6.91443 51.692459 6.915432 51.699811 6.924942 51.701019 6.925036 51.701031 6.926256 51.701192 6.926303 51.70142 6.937113 51.702776 6.937109 51.703014 6.937082 51.704573 6.936909 51.714329 6.940634 51.715383 6.937751 51.718803 6.928376 51.72058 6.930243 51.721454 6.927615 51.722383 6.923133 51.726452 6.921571 51.728539 6.920968 51.728639 6.925116 51.731243 6.925492 51.732517 6.916324 51.741907 6.91655 51.742112 6.914403 51.743272 6.912239 51.744921 6.912433 51.745084 6.910475 51.746014 6.90166 51.742517 6.890853 51.738937 6.875865 51.735453 6.86604 51.731218 6.85805 51.728903 6.858268 51.731813 6.855631 51.734202 6.85538 51.735508 6.85366 51.736153 6.849793 51.73548 6.848623 51.736881 6.841199 51.735366 6.841191 51.73641 6.834117 51.733157 6.832621 51.731462 6.827536 51.72983 6.81967 51.737918 6.818625 51.741611 6.818702 51.742917 6.818378 51.742617 6.818135 51.74296 6.817735 51.742746 6.817714 51.742999 6.817317 51.742943 6.817447 51.743225 6.816384 51.743036 6.815701 51.743352 6.814438 51.743064 6.814052 51.743594 6.812463 51.743434 6.811254 51.743793 6.810574 51.743292 6.808861 51.743325 6.808828 51.742989 6.80773 51.743483 6.806921 51.742941 6.806801 51.743132 6.80581 51.742785 6.804922 51.742837 6.8046 51.742383 6.803882 51.74239 6.803811 51.742324 6.803715 51.742226 6.80287 51.742359 6.801452 51.741799 6.800993 51.742211 6.799223 51.742053 6.797568 51.742861 6.796769 51.742719 6.794253 51.744966 6.79327 51.745047 6.792844 51.745762 6.792813 51.745744 6.792327 51.745734 6.791185 51.746669 6.791658 51.746873 6.791098 51.747552 6.788709 51.748293 6.788388 51.748704 6.78799 51.74854 6.787236 51.748835 6.785197 51.748423 6.785124 51.747639 6.784606 51.747796 6.784637 51.747508 6.783601 51.747214 6.783181 51.747431 6.780373 51.746987 6.779575 51.747262 6.778764 51.746877 6.777392 51.746869 6.776453 51.746318 6.77526 51.746455 6.772492 51.745856 6.772667 51.747706 6.771584 51.750546 6.771985 51.753343 6.769285 51.759134 6.769506 51.762279 6.768863 51.764654 6.769394 51.765915 6.764442 51.770905 6.76291 51.773379 6.760674 51.774215 6.758336 51.776315 6.757422 51.776377 6.755934 51.775955 6.751115 51.775272 6.74882 51.774596 6.748436 51.774172 6.749025 51.772868 6.748713 51.771917 6.746448 51.770226 6.74155 51.770074 6.740417 51.769695 6.722004 51.768502 6.72123 51.769121 6.707482 51.771938 6.708407 51.772185 6.708662 51.773298 6.707189 51.774819 6.712518 51.775843 6.714114 51.778463 6.713943 51.779822 6.713935 51.78001 6.713766 51.780517 6.713157 51.780481 6.713297 51.779827 6.707932 51.781007 6.700329 51.779309 6.698926 51.778591 6.697631 51.777328 6.697533 51.777349 6.69624 51.777597 6.677405 51.778073 6.668274 51.777176 6.665246 51.783302 6.65841 51.788878 6.658188 51.789046 6.653662 51.791254 6.652436 51.791339 6.65211 51.792236 6.648515 51.793827 6.638783 51.798235 6.632024 51.799338 6.630714 51.798867 6.622122 51.797359 6.622452 51.797193 6.62133 51.796516 6.617466 51.795213 6.617133 51.795695 6.615008 51.795082 6.614731 51.795484 6.611332 51.794257 6.611043 51.794722 6.609211 51.79424 6.608893 51.799977 6.601642 51.799745 6.595875 51.800844 6.592774 51.802257 6.591721 51.802089 6.590074 51.799146 6.588119 51.79972 6.587087 51.797128 6.587701 51.796651 6.585955 51.795908 6.586708 51.795227 6.584442 51.79366 6.583882 51.793426 6.58352 51.793577 6.581504 51.795625 6.57992 51.795624 6.578089 51.794973 6.577212 51.795186 6.576855 51.795937 6.570623 51.795037 6.572406 51.792413 6.568666 51.789822 6.564733 51.793288 6.56194 51.792304 6.560734 51.793137 6.559372 51.793488 6.557619 51.795254 6.554159 51.795677 6.551859 51.798256 6.55053 51.798479 6.549468 51.798289 6.547137 51.799512 6.544614 51.799984 6.54341 51.800438 6.543075 51.800928 6.540843 51.801392 6.533951 51.805274 6.527718 51.809647 6.525679 51.810089 6.523914 51.810264 6.522755 51.810821 6.522164 51.811743 6.522162 51.813665 6.519774 51.81555 6.517818 51.816577 6.514756 51.8142 6.509891 51.812457 6.497538 51.810921 6.492752 51.810509 6.489152 51.810526 6.489192 51.810463 6.489304 51.810328 6.491487 51.804187 6.493148 51.802187 6.496921 51.800312 6.497868 51.796921 6.50184 51.791052 6.504913 51.784796 6.508197 51.78199 6.513556 51.778547 6.519562 51.777291 6.523819 51.775462 6.52595 51.771869 6.529158 51.767905 6.531783 51.765814 6.534164 51.764543 6.533132 51.763553 6.529364 51.762286 6.528768 51.763111 6.52816 51.76257 6.525766 51.763687 6.522847 51.761503 6.521029 51.762274 6.519615 51.760528 6.517224 51.761145 6.517287 51.761391 6.515169 51.761332 6.51495 51.762 6.514822 51.762391 6.514751 51.762606 6.513879 51.762373 6.514784 51.76134 6.512473 51.761041 6.512605 51.760652 6.510826 51.760408 6.510873 51.759685 6.509524 51.759698 6.509368 51.758594 6.50579 51.758225 6.502466 51.759172 6.501909 51.75826 6.500932 51.758597 6.500134 51.756841 6.492499 51.757147 6.491396 51.755961 6.489566 51.75492 6.48903 51.75522 6.487422 51.754432 6.486829 51.754875 6.486116 51.754521 6.486656 51.754252 6.485405 51.753748 6.484521 51.754594 6.482082 51.753588 6.486546 51.7497 6.489065 51.744869 6.488951 51.742016 6.489571 51.741791 6.489275 51.739484 6.487638 51.737029 6.48473 51.735872 6.485161 51.734045 6.484594 51.733573 6.486201 51.731583 6.485563 51.731377 6.487375 51.730381 6.487404 51.729906 6.485653 51.729739 6.488234 51.723886 6.488604 51.722133 6.48906 51.721786 6.488932 51.720332 6.486855 51.719936 6.48577 51.720105 6.483561 51.719884 6.476551 51.717827 6.464308 51.704952 6.463591 51.703491 6.463026 51.703819 6.460289 51.702078 6.454688 51.704969 6.448107 51.707054 6.443696 51.707887 6.429537 51.709719 6.418117 51.712059 6.41421 51.713578 6.411104 51.715724 6.409494 51.7176 6.408528 51.719671 6.408274 51.721807 6.408733 51.723929 6.410605 51.726782 6.418362 51.733729 6.420308 51.736008 6.421888 51.739621 6.421893 51.74338 6.421084 51.745687 6.419683 51.747865 6.417762 51.749839 6.415295 51.75163 6.41259 51.753041 6.409542 51.754125 6.406245 51.75485 6.402727 51.755202 6.402251 51.750778 6.406025 51.750424 6.405117 51.747915 6.403848 51.748049 6.403025 51.745966 6.403475 51.745825 6.404223 51.745537 6.404925 51.74522 6.404958 51.745204 6.405637 51.744874 6.406396 51.744477 6.406813 51.744259 6.407203 51.744049 6.407647 51.743764 6.411329 51.74123 6.406527 51.738004 6.406174 51.73812 6.403573 51.736278 6.403839 51.736146 6.403425 51.736287 6.400414 51.7349 6.400058 51.734986 6.397004 51.731541 6.395699 51.731949 6.391433 51.727107 6.389526 51.727844 6.387289 51.726622 6.390752 51.724433 6.387927 51.722338 6.388771 51.721855 6.386733 51.720246 6.384086 51.722128 6.380915 51.720144 6.380233 51.720414 6.377384 51.718494 6.378671 51.717031 6.378356 51.716665 6.379947 51.71566 6.381484 51.713947 6.375764 51.71145 6.365824 51.708567 6.363433 51.70686 6.362745 51.705732 6.363091 51.705443 6.361374 51.705864 6.359749 51.703621 6.355955 51.702838 6.354903 51.699631 6.357491 51.698306 6.359024 51.698001 6.359258 51.697596 6.358185 51.696342 6.359876 51.696102 6.358696 51.694843 6.36441 51.693677 6.369191 51.693703 6.371578 51.693276 6.377331 51.689619 6.379687 51.687662 6.380609 51.686214 6.38112 51.684207 6.380858 51.681902 6.37684 51.678072 6.37405 51.673291 6.372874 51.67142 6.373178 51.6712 6.372488 51.670863 6.371866 51.668608 6.371201 51.6686 6.369889 51.666678 6.370547 51.666578 6.367108 51.665722 6.364002 51.663935 6.362442 51.662548 6.365161 51.662483 6.365506 51.662096 6.365375 51.66086 6.354008 51.660529 6.353585 51.656296 6.353621 51.65569 6.353642 51.655355 6.354852 51.651945 6.35439 51.647371 6.354806 51.645496 6.339359 51.641792 6.339905 51.640695 6.339183 51.640503 6.338357 51.641547 6.327877 51.639055 6.328981 51.636994 6.32441 51.636109 6.323708 51.637429 6.322143 51.637082 6.321176 51.638501 6.32064 51.638693 6.299505 51.641941 6.299566 51.642199 6.298597 51.642523 6.29886 51.642936 6.298229 51.643073 6.295903 51.64208 6.295556 51.642499 6.295147 51.642408 6.293156 51.641067 6.291968 51.637465 6.29394 51.636621 6.294651 51.634921 6.298563 51.632811 6.297382 51.632254 6.29864 51.630973 6.300146 51.628268 6.302471 51.627831 6.30086 51.627377 6.300669 51.626761 6.302215 51.625822 6.301596 51.625445 6.301527 51.623415 6.300014 51.62194 6.302111 51.621281 6.313939 51.61935 6.315703 51.618891 6.315469 51.61811 6.320091 51.617705 6.321301 51.617877 6.321333 51.617087 6.322987 51.61618 6.327487 51.616 6.330262 51.614959 6.333204 51.613087 6.334756 51.611083 6.334973 51.610541 6.334519 51.609719 6.329196 51.608171 6.327959 51.607436 6.327375 51.60753 6.32171 51.603597 6.321854 51.602791 6.323347 51.601353 6.324931 51.600442 6.32595 51.60034 6.334828 51.59727 6.33952 51.599994 6.348352 51.60332 6.351263 51.603918 6.367599 51.59405 6.374807 51.590391 6.372107 51.584168 6.373196 51.583618 6.374346 51.58142 6.377958 51.578243 6.369132 51.57406 6.36958 51.573394 6.369684 51.570421 6.371796 51.568177 6.37589 51.566384 6.37746 51.566004 6.377315 51.565818 6.380354 51.565035 6.382368 51.564866 6.384736 51.563928 6.387372 51.562262 6.38934 51.561821 6.39865 51.561261 6.402681 51.56029 6.403008 51.560695 6.40448 51.561138 6.407459 51.561399 6.40908 51.563055 6.410481 51.563064 6.414069 51.565062 6.418042 51.567314 6.422684 51.575977 6.430721 51.574175 6.430681 51.573988 6.464218 51.567192 6.497692 51.56814 6.49067 51.564883 6.490179 51.56465 6.462738 51.551969 6.487043 51.538416 6.480661 51.531582 6.479605 51.531333 6.479303 51.530319 6.478531 51.530439 6.478044 51.52985 6.478856 51.529369 6.478136 51.52788 6.477468 51.527536 6.474301 51.527179 6.479052 51.522555 6.480361 51.521808 6.477864 51.519957 6.477078 51.519747 6.474545 51.521011 6.472687 51.521537 6.469622 51.521434 6.469468 51.522031 6.464919 51.524633 6.462378 51.524262 6.461098 51.527154 6.457793 51.527388 6.457921 51.527782 6.455223 51.529558 6.448389 51.529308 6.448815 51.527938 6.449736 51.527391 6.449891 51.52689 6.452623 51.525617 6.453309 51.52424 6.453213 51.522836 6.451391 51.521095 6.449069 51.520146 6.448666 51.519681 6.45233 51.518198 6.455688 51.515452 6.455512 51.512996 6.45434 51.511065 6.454641 51.508496 6.455482 51.507657 6.459813 51.506825 6.462627 51.505712 6.464152 51.503154 6.464639 51.503225 6.464184 51.502961 6.464609 51.501693 6.467665 51.498236 6.469992 51.496613 6.473369 51.49525 6.473998 51.492762 6.473625 51.490077 6.475037 51.486236 6.47652 51.483848 6.47606 51.483602 6.478743 51.481369 6.481427 51.480095 6.481208 51.479639 6.48344 51.478867 6.484703 51.479411 6.485309 51.480537 6.485374 51.480583 6.486531 51.480814 6.488379 51.478857 6.491084 51.47733 6.492034 51.477533 6.499132 51.476504 6.497521 51.473901 6.498441 51.473844 6.498838 51.47143 6.503767 51.469996 6.507187 51.468078 6.506508 51.466711 6.505557 51.466973 6.505734 51.464747 6.501812 51.458941 6.502635 51.455899 6.502541 51.449641 6.50294 51.447848 6.504105 51.446753 6.507948 51.447647 6.509521 51.445689 6.51224 51.444284 6.511791 51.443174 6.513187 51.443019 6.514405 51.442361 6.520693 51.44071 6.521654 51.438908 6.521863 51.437872 6.520247 51.436321 6.520679 51.435987 6.518935 51.434502 6.519763 51.434402 6.516522 51.432799 6.516663 51.432595 6.515444 51.431788 6.514742 51.430203 6.514665 51.426949 6.51652 51.42502 6.518673 51.42434 6.525042 51.424445 6.527234 51.421904 6.52821 51.41678 6.527775 51.415804 6.528979 51.412827 6.532327 51.408873 6.531814 51.408638 6.533335 51.407036 6.535567 51.405491 6.538643 51.404059 6.536554 51.40287 6.541197 51.400467 6.546296 51.400547 6.543903 51.397714 6.548376 51.393013 6.55386 51.39505 6.557964 51.390936 6.557885 51.38984 6.560037 51.389783 6.562148 51.389159 6.562813 51.389618 6.564171 51.389527 6.56761 51.390751 6.571542 51.391533 6.56943 51.392452 6.573762 51.393353 6.574667 51.392823 6.574432 51.39335 6.580772 51.394189 6.582837 51.392166 6.587377 51.392385 6.592015 51.392841 6.592263 51.393394 6.59317 51.393547 6.593631 51.393068 6.597584 51.393926 6.599825 51.393761 6.601222 51.393927 6.601141 51.394136 6.604446 51.394308 6.604177 51.396881 6.608221 51.397064 6.613125 51.396843 6.615754 51.396592 6.616685 51.394805 6.620196 51.395514 6.635609 51.393536 6.636149 51.3908 6.635554 51.39434 6.640236 51.394644 6.639862 51.397996 6.640483 51.398156 6.639306 51.399526 6.63693 51.401115 6.629477 51.404293 6.628425 51.405505 6.625607 51.41098 6.6257 51.411902 6.626778 51.412109 6.628446 51.418396 6.629357 51.41963 6.636573 51.41836 6.643492 51.41649 6.651465 51.41064 6.656892 51.408363 6.661345 51.408154 6.664523 51.408814 6.665773 51.410464 6.665654 51.410855 6.666397 51.41127 6.662094 51.410744 6.662912 51.413226 6.662963 51.4134 6.66746 51.428348 6.667213 51.430161 6.67127 51.430695 6.671359 51.430446 6.67253 51.43052 6.672901 51.430929 6.672618 51.432324 6.673493 51.434302 6.671512 51.434571 6.671871 51.435815 6.669443 51.436841 6.668361 51.436954 6.668973 51.438986 6.671072 51.439139 6.671624 51.438934 6.672119 51.439298 6.675987 51.439975 6.67767 51.440681 6.677163 51.441278 6.673298 51.441548 6.672977 51.441881 6.673802 51.443839 6.674095 51.443767 6.675242 51.447231 6.678326 51.449073 6.677814 51.451607 6.678741 51.45159 6.676637 51.457999 6.674538 51.457955 6.675317 51.459709 6.670776 51.459111 6.670218 51.459755 6.666964 51.472251 6.667326 51.474185 6.66614 51.474417 6.663257 51.473352 6.661445 51.473153 6.654899 51.473937 6.666208 51.48361 6.654899 51.48896 6.652695 51.489333 6.650004 51.4884 6.646577 51.484296 6.642771 51.481494 6.640038 51.487134 6.63634 51.490766 6.639227 51.491505 6.638743 51.493674 6.642239 51.495179 6.642097 51.496675 6.640305 51.498054 6.635663 51.499656 6.632265 51.502738 6.630563 51.503265 6.627822 51.503536</gml:posList>
                        </gml:LinearRing>
                      </gml:exterior>
                    </gml:Polygon>
                  </gml:surfaceMember>
                </gml:MultiSurface>
              </gmd:polygon>
            </gmd:EX_BoundingPolygon>
          </gmd:geographicElement>
          <gmd:geographicElement>
            <gmd:EX_GeographicDescription>
              <gmd:extentTypeCode>
                <gco:Boolean>true</gco:Boolean>
              </gmd:extentTypeCode>
              <gmd:geographicIdentifier>
                <gmd:MD_Identifier>
                  <gmd:code>
                    <gco:CharacterString>Kleve, Kreis (05154)</gco:CharacterString>
                  </gmd:code>
                </gmd:MD_Identifier>
              </gmd:geographicIdentifier>
            </gmd:EX_GeographicDescription>
          </gmd:geographicElement>
          <gmd:geographicElement>
            <gmd:EX_GeographicBoundingBox>
              <gmd:extentTypeCode>
                <gco:Boolean>true</gco:Boolean>
              </gmd:extentTypeCode>
              <gmd:westBoundLongitude>
                <gco:Decimal>5.939865</gco:Decimal>
              </gmd:westBoundLongitude>
              <gmd:eastBoundLongitude>
                <gco:Decimal>6.556302</gco:Decimal>
              </gmd:eastBoundLongitude>
              <gmd:southBoundLatitude>
                <gco:Decimal>51.34791</gco:Decimal>
              </gmd:southBoundLatitude>
              <gmd:northBoundLatitude>
                <gco:Decimal>51.913567</gco:Decimal>
              </gmd:northBoundLatitude>
            </gmd:EX_GeographicBoundingBox>
          </gmd:geographicElement>
          <gmd:geographicElement>
            <gmd:EX_GeographicDescription>
              <gmd:geographicIdentifier>
                <gmd:MD_Identifier>
                  <gmd:code>
                    <gmx:Anchor xlink:href="https://registry.gdi-de.org/id/de.bund.bkg.regschluessel/05154">051540000000</gmx:Anchor>
                  </gmd:code>
                </gmd:MD_Identifier>
              </gmd:geographicIdentifier>
            </gmd:EX_GeographicDescription>
          </gmd:geographicElement>
          <gmd:geographicElement>
            <gmd:EX_BoundingPolygon>
              <gmd:extentTypeCode>
                <gco:Boolean>true</gco:Boolean>
              </gmd:extentTypeCode>
              <gmd:polygon>
                <gml:MultiSurface>
                  <gml:surfaceMember>
                    <gml:Polygon gml:id="Polygon_ID_ea590558-cc91-4d9f-a6d2-92034124fd17" srsDimension="2">
                      <gml:exterior>
                        <gml:LinearRing>
                          <gml:posList>6.298229 51.643073 6.29886 51.642936 6.298597 51.642523 6.299566 51.642199 6.299505 51.641941 6.32064 51.638693 6.321176 51.638501 6.322143 51.637082 6.323708 51.637429 6.32441 51.636109 6.328981 51.636994 6.327877 51.639055 6.338357 51.641547 6.339183 51.640503 6.339905 51.640695 6.339359 51.641792 6.354806 51.645496 6.35439 51.647371 6.354852 51.651945 6.353642 51.655355 6.353621 51.65569 6.353585 51.656296 6.354008 51.660529 6.365375 51.66086 6.365506 51.662096 6.365161 51.662483 6.362442 51.662548 6.364002 51.663935 6.367108 51.665722 6.370547 51.666578 6.369889 51.666678 6.371201 51.6686 6.371866 51.668608 6.372488 51.670863 6.373178 51.6712 6.372874 51.67142 6.37405 51.673291 6.37684 51.678072 6.380858 51.681902 6.38112 51.684207 6.380609 51.686214 6.379687 51.687662 6.377331 51.689619 6.371578 51.693276 6.369191 51.693703 6.36441 51.693677 6.358696 51.694843 6.359876 51.696102 6.358185 51.696342 6.359258 51.697596 6.359024 51.698001 6.357491 51.698306 6.354903 51.699631 6.355955 51.702838 6.359749 51.703621 6.361374 51.705864 6.363091 51.705443 6.362745 51.705732 6.363433 51.70686 6.365824 51.708567 6.375764 51.71145 6.381484 51.713947 6.379947 51.71566 6.378356 51.716665 6.378671 51.717031 6.377384 51.718494 6.380233 51.720414 6.380915 51.720144 6.384086 51.722128 6.386733 51.720246 6.388771 51.721855 6.387927 51.722338 6.390752 51.724433 6.387289 51.726622 6.389526 51.727844 6.391433 51.727107 6.395699 51.731949 6.397004 51.731541 6.400058 51.734986 6.400414 51.7349 6.403425 51.736287 6.403839 51.736146 6.403573 51.736278 6.406174 51.73812 6.406527 51.738004 6.411329 51.74123 6.407647 51.743764 6.407203 51.744049 6.406813 51.744259 6.406396 51.744477 6.405637 51.744874 6.404958 51.745204 6.404925 51.74522 6.404223 51.745537 6.403475 51.745825 6.403025 51.745966 6.403848 51.748049 6.405117 51.747915 6.406025 51.750424 6.402251 51.750778 6.402727 51.755202 6.406245 51.75485 6.409542 51.754125 6.41259 51.753041 6.415295 51.75163 6.417762 51.749839 6.419683 51.747865 6.421084 51.745687 6.421893 51.74338 6.421888 51.739621 6.420308 51.736008 6.418362 51.733729 6.410605 51.726782 6.408733 51.723929 6.408274 51.721807 6.408528 51.719671 6.409494 51.7176 6.411104 51.715724 6.41421 51.713578 6.418117 51.712059 6.429537 51.709719 6.443696 51.707887 6.448107 51.707054 6.454688 51.704969 6.460289 51.702078 6.463026 51.703819 6.463591 51.703491 6.464308 51.704952 6.476551 51.717827 6.483561 51.719884 6.48577 51.720105 6.486855 51.719936 6.488932 51.720332 6.48906 51.721786 6.488604 51.722133 6.488234 51.723886 6.485653 51.729739 6.487404 51.729906 6.487375 51.730381 6.485563 51.731377 6.486201 51.731583 6.484594 51.733573 6.485161 51.734045 6.48473 51.735872 6.487638 51.737029 6.489275 51.739484 6.489571 51.741791 6.488951 51.742016 6.489065 51.744869 6.486546 51.7497 6.482082 51.753588 6.484521 51.754594 6.485405 51.753748 6.486656 51.754252 6.486116 51.754521 6.486829 51.754875 6.487422 51.754432 6.48903 51.75522 6.489566 51.75492 6.491396 51.755961 6.492499 51.757147 6.500134 51.756841 6.500932 51.758597 6.501909 51.75826 6.502466 51.759172 6.50579 51.758225 6.509368 51.758594 6.509524 51.759698 6.510873 51.759685 6.510826 51.760408 6.512605 51.760652 6.512473 51.761041 6.514784 51.76134 6.513879 51.762373 6.514751 51.762606 6.514822 51.762391 6.51495 51.762 6.515169 51.761332 6.517287 51.761391 6.517224 51.761145 6.519615 51.760528 6.521029 51.762274 6.522847 51.761503 6.525766 51.763687 6.52816 51.76257 6.528768 51.763111 6.529364 51.762286 6.533132 51.763553 6.534164 51.764543 6.531783 51.765814 6.529158 51.767905 6.52595 51.771869 6.523819 51.775462 6.519562 51.777291 6.513556 51.778547 6.508197 51.78199 6.504913 51.784796 6.50184 51.791052 6.497868 51.796921 6.496921 51.800312 6.493148 51.802187 6.491487 51.804187 6.489304 51.810328 6.489192 51.810463 6.489152 51.810526 6.488542 51.811432 6.487331 51.811392 6.485448 51.811841 6.474951 51.808469 6.465747 51.804879 6.45999 51.804137 6.4589 51.804393 6.456478 51.804221 6.45217 51.803453 6.449408 51.80446 6.443602 51.802862 6.442574 51.803024 6.442531 51.803708 6.440988 51.803786 6.437196 51.802962 6.436985 51.803226 6.434807 51.802896 6.433676 51.802766 6.433307 51.802814 6.430443 51.80387 6.42844 51.805989 6.422868 51.805554 6.421793 51.806795 6.420115 51.810159 6.424663 51.810406 6.423084 51.812473 6.420496 51.812901 6.421373 51.816077 6.42599 51.816422 6.425238 51.817963 6.427299 51.817922 6.427087 51.819025 6.424168 51.818335 6.421598 51.818356 6.41845 51.818706 6.414406 51.819932 6.410041 51.82666 6.408192 51.828154 6.407485 51.828095 6.401803 51.827255 6.399944 51.828688 6.396116 51.830146 6.395139 51.83009 6.392579 51.831166 6.392027 51.832163 6.390848 51.832692 6.390002 51.832725 6.389389 51.833328 6.382968 51.834329 6.382226 51.83478 6.378782 51.835006 6.373471 51.834729 6.368503 51.833273 6.363326 51.835159 6.36285 51.835805 6.364041 51.838574 6.362486 51.842865 6.360286 51.845783 6.358276 51.847237 6.356041 51.848136 6.347111 51.850697 6.343344 51.851052 6.339395 51.850746 6.333122 51.851594 6.324574 51.851411 6.320437 51.851689 6.31254 51.85028 6.309212 51.850024 6.306244 51.849078 6.302434 51.856677 6.302849 51.856913 6.300713 51.861974 6.300496 51.864487 6.298792 51.865138 6.298199 51.865985 6.299097 51.867143 6.298977 51.867808 6.295777 51.868273 6.287575 51.871642 6.283545 51.872148 6.282271 51.873035 6.279634 51.874145 6.272685 51.874712 6.269808 51.874084 6.26533 51.869992 6.261841 51.868137 6.25637 51.868466 6.246297 51.869955 6.242005 51.868977 6.239381 51.8691 6.233738 51.8702 6.224634 51.868543 6.215058 51.867626 6.215054 51.867626 6.215047 51.867624 6.215046 51.867624 6.215039 51.867622 6.215038 51.867622 6.215031 51.867621 6.215029 51.86762 6.215022 51.867619 6.215015 51.867618 6.215013 51.867618 6.215006 51.867617 6.215005 51.867617 6.214998 51.867616 6.214996 51.867616 6.214988 51.867615 6.214985 51.867615 6.214981 51.867615 6.214973 51.867614 6.214972 51.867614 6.214965 51.867614 6.214964 51.867614 6.214956 51.867614 6.214954 51.867614 6.214947 51.867614 6.214939 51.867614 6.214938 51.867614 6.21493 51.867614 6.214929 51.867614 6.214922 51.867615 6.214921 51.867615 6.214913 51.867615 6.214909 51.867616 6.205458 51.870631 6.197163 51.874148 6.18964 51.878279 6.183549 51.882531 6.183618 51.883251 6.18201 51.885777 6.18599 51.886851 6.191428 51.88735 6.189517 51.888941 6.191315 51.891207 6.191079 51.891658 6.187485 51.892151 6.182561 51.893909 6.182704 51.894163 6.169768 51.901286 6.168908 51.900819 6.167911 51.900941 6.165632 51.898595 6.163023 51.901139 6.162281 51.900939 6.157385 51.905099 6.154287 51.9052 6.154056 51.904553 6.130548 51.899857 6.125668 51.898202 6.118195 51.901691 6.11482 51.897716 6.112345 51.898962 6.111801 51.898812 6.109273 51.895846 6.110159 51.894873 6.103458 51.892471 6.106331 51.891653 6.113099 51.892567 6.118225 51.892012 6.12115 51.891065 6.1223 51.890107 6.124397 51.890152 6.126906 51.889454 6.128662 51.888512 6.130113 51.888272 6.131819 51.887001 6.133445 51.886476 6.135447 51.886383 6.137128 51.885802 6.137859 51.885026 6.138053 51.883596 6.141841 51.879021 6.143034 51.876584 6.143611 51.87625 6.143296 51.874979 6.143751 51.87322 6.14462 51.872067 6.144541 51.869744 6.148427 51.86823 6.149878 51.866501 6.150887 51.866168 6.152057 51.866245 6.155193 51.865748 6.161515 51.862987 6.16453 51.862296 6.16545 51.861736 6.167001 51.861621 6.167154 51.860839 6.16536 51.860008 6.164441 51.859092 6.163598 51.853679 6.164253 51.851959 6.165641 51.850209 6.166562 51.840722 6.166343 51.840781 6.166123 51.840839 6.166056 51.840857 6.16595 51.840884 6.165926 51.84089 6.165829 51.840915 6.165815 51.840919 6.165708 51.840946 6.165683 51.840953 6.165581 51.840979 6.165575 51.840981 6.165467 51.841008 6.165442 51.841014 6.165334 51.841042 6.165329 51.841043 6.165226 51.841069 6.1652 51.841075 6.165093 51.841102 6.165079 51.841106 6.164982 51.84113 6.164958 51.841136 6.164851 51.841162 6.164783 51.841179 6.164713 51.841196 6.164606 51.841223 6.164581 51.841229 6.164482 51.841253 6.164471 51.841255 6.164363 51.841281 6.164337 51.841287 6.164229 51.841314 6.16412 51.841339 6.164094 51.841346 6.163986 51.841371 6.163975 51.841374 6.163875 51.841397 6.163851 51.841403 6.163743 51.841428 6.163672 51.841445 6.146622 51.845446 6.146573 51.845457 6.146478 51.845479 6.146462 51.845483 6.146372 51.845504 6.14636 51.845506 6.146264 51.845529 6.146244 51.845533 6.146148 51.845555 6.146136 51.845558 6.146046 51.845578 6.14603 51.845582 6.145934 51.845604 6.145885 51.845615 6.14584 51.845625 6.145747 51.845646 6.145741 51.845647 6.145644 51.845669 6.14562 51.845674 6.145524 51.845695 6.145521 51.845696 6.145424 51.845717 6.1454 51.845722 6.145302 51.845744 6.145302 51.845744 6.145204 51.845765 6.14518 51.84577 6.145082 51.845791 6.145082 51.845791 6.144984 51.845812 6.14496 51.845817 6.144862 51.845838 6.14486 51.845839 6.144763 51.845859 6.144739 51.845864 6.144641 51.845885 6.144635 51.845886 6.144541 51.845905 6.144496 51.845915 6.144451 51.845924 6.144357 51.845943 6.144351 51.845945 6.144252 51.845965 6.144228 51.84597 6.144132 51.845989 6.144129 51.84599 6.14403 51.84601 6.144006 51.846014 6.143908 51.846034 6.143907 51.846034 6.143809 51.846054 6.143784 51.846059 6.143686 51.846078 6.143685 51.846078 6.143587 51.846097 6.143562 51.846102 6.143464 51.846121 6.143461 51.846122 6.143364 51.846141 6.14334 51.846145 6.143241 51.846164 6.143234 51.846165 6.14314 51.846183 6.143095 51.846192 6.143046 51.846201 6.142946 51.84622 6.142946 51.84622 6.142846 51.846239 6.142822 51.846244 6.142722 51.846262 6.142721 51.846262 6.142623 51.846281 6.142598 51.846285 6.142499 51.846303 6.142498 51.846304 6.1424 51.846321 6.142375 51.846326 6.142277 51.846344 6.142276 51.846344 6.142176 51.846362 6.142152 51.846366 6.142053 51.846384 6.142052 51.846384 6.141952 51.846402 6.141927 51.846406 6.141827 51.846424 6.141827 51.846424 6.141727 51.846441 6.141678 51.84645 6.141633 51.846458 6.141539 51.846474 6.141531 51.846475 6.141432 51.846492 6.141407 51.846496 6.141311 51.846513 6.141307 51.846513 6.141207 51.84653 6.141182 51.846534 6.141083 51.846551 6.141082 51.846551 6.140982 51.846567 6.140958 51.846571 6.140858 51.846588 6.140857 51.846588 6.140757 51.846604 6.140733 51.846608 6.140633 51.846624 6.140629 51.846625 6.140532 51.84664 6.140507 51.846644 6.140407 51.84666 6.140399 51.846661 6.140305 51.846676 6.14026 51.846683 6.140205 51.846691 6.140105 51.846707 6.140095 51.846708 6.140003 51.846723 6.139977 51.846727 6.139877 51.846742 6.13987 51.846743 6.139775 51.846757 6.13975 51.846761 6.139649 51.846776 6.139646 51.846777 6.139549 51.846791 6.139523 51.846795 6.139426 51.846809 6.139422 51.84681 6.139322 51.846824 6.139296 51.846828 6.139202 51.846842 6.139194 51.846843 6.139094 51.846857 6.139068 51.846861 6.138975 51.846874 6.138966 51.846875 6.138865 51.846889 6.13881 51.846897 6.138752 51.846905 6.138652 51.846919 6.138639 51.846921 6.138548 51.846933 6.138523 51.846937 6.138422 51.84695 6.138412 51.846951 6.13832 51.846964 6.138294 51.846967 6.138193 51.846981 6.138189 51.846981 6.138092 51.846994 6.138066 51.846997 6.137969 51.84701 6.137964 51.847011 6.137863 51.847024 6.137837 51.847027 6.137745 51.847039 6.137735 51.84704 6.137634 51.847053 6.137608 51.847056 6.137517 51.847067 6.137505 51.847069 6.137403 51.847081 6.137346 51.847089 6.137301 51.847094 6.137206 51.847106 6.137197 51.847107 6.137096 51.847119 6.137071 51.847122 6.136973 51.847133 6.136968 51.847134 6.136867 51.847146 6.136841 51.847149 6.136741 51.847161 6.13674 51.847161 6.136638 51.847172 6.136613 51.847175 6.136511 51.847187 6.13651 51.847187 6.136409 51.847198 6.136384 51.847201 6.136282 51.847212 6.136278 51.847213 6.13618 51.847224 6.136155 51.847227 6.136053 51.847238 6.136044 51.847239 6.135949 51.847249 6.135904 51.847254 6.135867 51.847257 6.135777 51.847267 6.135761 51.847269 6.135659 51.847279 6.135636 51.847282 6.135542 51.847291 6.135532 51.847292 6.13543 51.847303 6.135406 51.847305 6.135307 51.847315 6.135303 51.847315 6.135201 51.847326 6.135176 51.847328 6.135075 51.847338 6.135071 51.847338 6.134972 51.847348 6.134947 51.84735 6.134846 51.84736 6.134835 51.847361 6.134741 51.84737 6.134718 51.847372 6.134616 51.847381 6.1346 51.847383 6.134509 51.847391 6.134473 51.847394 6.13443 51.847398 6.134338 51.847406 6.134325 51.847408 6.134223 51.847417 6.134199 51.847419 6.134102 51.847427 6.134095 51.847428 6.133993 51.847437 6.133968 51.847439 6.133867 51.847447 6.133865 51.847447 6.133763 51.847456 6.133738 51.847458 6.133636 51.847466 6.133633 51.847466 6.133533 51.847475 6.133508 51.847477 6.133405 51.847485 6.133398 51.847485 6.133301 51.847493 6.133277 51.847495 6.133175 51.847503 6.133162 51.847504 6.133069 51.847511 6.133027 51.847514 6.13295 51.847519 6.132847 51.847527 6.132821 51.847529 6.132718 51.847536 6.132718 51.847536 6.132615 51.847544 6.13259 51.847545 6.132487 51.847552 6.132486 51.847553 6.132384 51.847559 6.132358 51.847561 6.132257 51.847568 6.132256 51.847568 6.132153 51.847575 6.132127 51.847576 6.132025 51.847583 6.132024 51.847583 6.131921 51.84759 6.131895 51.847591 6.131792 51.847598 6.131715 51.847602 6.131617 51.847608 6.131591 51.84761 6.131494 51.847615 6.131487 51.847616 6.131383 51.847622 6.131358 51.847623 6.131258 51.847629 6.131254 51.847629 6.131151 51.847634 6.131126 51.847636 6.131023 51.847641 6.131023 51.847641 6.13092 51.847647 6.130894 51.847648 6.130791 51.847653 6.13079 51.847653 6.130688 51.847658 6.130662 51.84766 6.130559 51.847665 6.130556 51.847665 6.130455 51.84767 6.13043 51.847671 6.130327 51.847676 6.130319 51.847676 6.130222 51.84768 6.130196 51.847681 6.130098 51.847686 6.130051 51.847688 6.129953 51.847692 6.129946 51.847692 6.129842 51.847696 6.129817 51.847697 6.129716 51.847701 6.129713 51.847701 6.12961 51.847705 6.129584 51.847706 6.129481 51.84771 6.129481 51.84771 6.129378 51.847714 6.129352 51.847715 6.129249 51.847718 6.129248 51.847718 6.129146 51.847722 6.12912 51.847722 6.129017 51.847726 6.129014 51.847726 6.128913 51.847729 6.128887 51.84773 6.128784 51.847733 6.128777 51.847733 6.128679 51.847736 6.128632 51.847737 6.128579 51.847738 6.128475 51.847741 6.12847 51.847741 6.12837 51.847744 6.128344 51.847744 6.128241 51.847747 6.128237 51.847747 6.128137 51.847749 6.128111 51.84775 6.128007 51.847752 6.128005 51.847752 6.127904 51.847754 6.127878 51.847754 6.127776 51.847756 6.127774 51.847756 6.127671 51.847758 6.127645 51.847759 6.127545 51.84776 6.127541 51.84776 6.127437 51.847762 6.127411 51.847762 6.127311 51.847764 6.127306 51.847764 6.127202 51.847765 6.127149 51.847765 6.127056 51.847766 6.127031 51.847767 6.126938 51.847768 6.126925 51.847768 6.126823 51.847769 6.126798 51.847769 6.1267 51.847769 6.126694 51.84777 6.126591 51.84777 6.126566 51.84777 6.126462 51.847771 6.126359 51.847771 6.126334 51.847771 6.126231 51.847771 6.126224 51.847771 6.126127 51.847771 6.126102 51.847771 6.125999 51.847771 6.125987 51.847771 6.125893 51.847771 6.125869 51.847771 6.125776 51.847771 6.125724 51.847771 6.12562 51.84777 6.12562 51.84777 6.125516 51.84777 6.12549 51.84777 6.125386 51.847769 6.125385 51.847769 6.125283 51.847768 6.125257 51.847768 6.125153 51.847767 6.125152 51.847767 6.12505 51.847766 6.125024 51.847765 6.124922 51.847764 6.124921 51.847764 6.124817 51.847763 6.124791 51.847762 6.124689 51.847761 6.124688 51.847761 6.124584 51.847759 6.124558 51.847759 6.124454 51.847757 6.124454 51.847757 6.12435 51.847755 6.124298 51.847754 6.124247 51.847753 6.124144 51.847751 6.124143 51.847751 6.124039 51.847749 6.124014 51.847748 6.12391 51.847746 6.12391 51.847746 6.123807 51.847744 6.123781 51.847743 6.123678 51.84774 6.123677 51.84774 6.123574 51.847738 6.123548 51.847737 6.123444 51.847734 6.123444 51.847734 6.12334 51.847731 6.123289 51.84773 6.123215 51.847727 6.123102 51.847724 6.123077 51.847724 6.122964 51.84772 6.122891 51.847718 6.122867 51.847718 6.122766 51.847715 6.122737 51.847714 6.122622 51.847712 6.122609 51.847711 6.122505 51.847709 6.122475 51.847708 6.12236 51.847705 6.122354 51.847705 6.122245 51.847703 6.122215 51.847702 6.122105 51.8477 6.122099 51.8477 6.121984 51.847698 6.121954 51.847697 6.12185 51.847695 6.121837 51.847695 6.121722 51.847693 6.121693 51.847693 6.121592 51.847691 6.121569 51.847691 6.121554 51.84769 6.121447 51.847689 6.121418 51.847689 6.121302 51.847687 6.121293 51.847687 6.121185 51.847685 6.121156 51.847685 6.12104 51.847684 6.121036 51.847684 6.120924 51.847683 6.120894 51.847682 6.120782 51.847681 6.120778 51.847681 6.120663 51.84768 6.120633 51.84768 6.120525 51.847679 6.120516 51.847679 6.120401 51.847679 6.120371 51.847679 6.120265 51.847678 6.12025 51.847678 6.120197 51.847678 6.120088 51.847677 6.12008 51.847677 6.119965 51.847677 6.119936 51.847677 6.119824 51.847677 6.11982 51.847677 6.119705 51.847677 6.119676 51.847677 6.119561 51.847677 6.119446 51.847678 6.119417 51.847678 6.119302 51.847678 6.119298 51.847678 6.119186 51.847679 6.119157 51.847679 6.119042 51.847679 6.119034 51.84768 6.118925 51.84768 6.118872 51.847681 6.118788 51.847681 6.118673 51.847682 6.118644 51.847683 6.118532 51.847684 6.118528 51.847684 6.118412 51.847685 6.118384 51.847685 6.118269 51.847687 6.118268 51.847687 6.118153 51.847688 6.118124 51.847689 6.118009 51.847691 6.118008 51.847691 6.117893 51.847692 6.117865 51.847693 6.117749 51.847695 6.117745 51.847695 6.117633 51.847697 6.117604 51.847697 6.117489 51.8477 6.117405 51.847701 6.117323 51.847703 6.117208 51.847705 6.11718 51.847706 6.11707 51.847709 6.117063 51.847709 6.116948 51.847711 6.116919 51.847712 6.116805 51.847715 6.116803 51.847715 6.116688 51.847718 6.11666 51.847719 6.116544 51.847722 6.116542 51.847722 6.116428 51.847725 6.1164 51.847726 6.116285 51.847729 6.116278 51.84773 6.116168 51.847733 6.11614 51.847734 6.116025 51.847737 6.115943 51.84774 6.115867 51.847743 6.115753 51.847746 6.115726 51.847747 6.115621 51.847751 6.115608 51.847751 6.115494 51.847756 6.115466 51.847757 6.115355 51.847761 6.11535 51.847761 6.115235 51.847765 6.115208 51.847766 6.115093 51.847771 6.115088 51.847771 6.114977 51.847776 6.114949 51.847777 6.114835 51.847782 6.114822 51.847782 6.114717 51.847787 6.114691 51.847788 6.114577 51.847793 6.114501 51.847796 6.11441 51.8478 6.114397 51.847801 6.114292 51.847806 6.114263 51.847807 6.114147 51.847813 6.114138 51.847813 6.114031 51.847818 6.114002 51.84782 6.113887 51.847826 6.113882 51.847826 6.113771 51.847831 6.113741 51.847833 6.11363 51.847839 6.113626 51.847839 6.113511 51.847845 6.113482 51.847847 6.113375 51.847852 6.113365 51.847853 6.11325 51.847859 6.113221 51.847861 6.113116 51.847867 6.113104 51.847868 6.113013 51.847873 6.112905 51.847879 6.112877 51.847881 6.11277 51.847887 6.11276 51.847888 6.112645 51.847895 6.112617 51.847896 6.112506 51.847903 6.112501 51.847904 6.112387 51.847911 6.112358 51.847913 6.112243 51.84792 6.112129 51.847928 6.1121 51.847929 6.111986 51.847937 6.111981 51.847937 6.11187 51.847945 6.111842 51.847947 6.111728 51.847955 6.111718 51.847955 6.111611 51.847963 6.111583 51.847965 6.111475 51.847972 6.111391 51.847978 6.111277 51.847987 6.111248 51.847989 6.111136 51.847997 6.111133 51.847997 6.111018 51.848006 6.11099 51.848008 6.110876 51.848017 6.110875 51.848017 6.110761 51.848025 6.110733 51.848028 6.110618 51.848037 6.110618 51.848037 6.110504 51.848046 6.110475 51.848048 6.110361 51.848057 6.110358 51.848057 6.110246 51.848066 6.110217 51.848069 6.110103 51.848078 6.110019 51.848085 6.109937 51.848092 6.109823 51.848102 6.109795 51.848104 6.109685 51.848114 6.10968 51.848114 6.109565 51.848125 6.109537 51.848127 6.109424 51.848137 6.109422 51.848137 6.109308 51.848148 6.10928 51.84815 6.109166 51.848161 6.109164 51.848161 6.109051 51.848171 6.109023 51.848174 6.108909 51.848184 6.108904 51.848185 6.108794 51.848195 6.108766 51.848198 6.108652 51.848209 6.10857 51.848217 6.108477 51.848226 6.108459 51.848228 6.108359 51.848237 6.10833 51.84824 6.108217 51.848251 6.108204 51.848253 6.108101 51.848263 6.108071 51.848266 6.107958 51.848278 6.107952 51.848278 6.107843 51.848289 6.107813 51.848292 6.107705 51.848304 6.107699 51.848304 6.107585 51.848316 6.107556 51.848319 6.107453 51.84833 6.10744 51.848331 6.107327 51.848344 6.107298 51.848347 6.107198 51.848357 6.10718 51.848359 6.107088 51.848369 6.107023 51.848377 6.10691 51.848389 6.106896 51.848391 6.106794 51.848402 6.106765 51.848405 6.106651 51.848418 6.106643 51.848419 6.106537 51.848431 6.106508 51.848435 6.106394 51.848448 6.10628 51.848461 6.106251 51.848465 6.106145 51.848477 6.106137 51.848478 6.106023 51.848492 6.105994 51.848495 6.105892 51.848507 6.105879 51.848509 6.105766 51.848523 6.105701 51.84853 6.10562 51.84854 6.105507 51.848554 6.105479 51.848558 6.10537 51.848571 6.105365 51.848572 6.105252 51.848586 6.105224 51.84859 6.105112 51.848604 6.105111 51.848604 6.104998 51.848619 6.10497 51.848622 6.104857 51.848637 6.104856 51.848637 6.104744 51.848651 6.104716 51.848655 6.104603 51.84867 6.104598 51.848671 6.104489 51.848685 6.104462 51.848689 6.104349 51.848704 6.104268 51.848715 6.104189 51.848726 6.104076 51.848741 6.104049 51.848745 6.103942 51.848759 6.103934 51.84876 6.103822 51.848776 6.103794 51.84878 6.103683 51.848795 6.103681 51.848796 6.103569 51.848812 6.103541 51.848816 6.103428 51.848832 6.103426 51.848832 6.103315 51.848848 6.103288 51.848852 6.103176 51.848868 6.103168 51.848869 6.103062 51.848885 6.103034 51.848889 6.102922 51.848905 6.102843 51.848917 6.102818 51.848921 6.10272 51.848935 6.102692 51.84894 6.102581 51.848956 6.102566 51.848959 6.102466 51.848974 6.102438 51.848978 6.102326 51.848995 6.102316 51.848997 6.102213 51.849012 6.102184 51.849017 6.102072 51.849034 6.10196 51.849052 6.101931 51.849056 6.101828 51.849073 6.101818 51.849074 6.101707 51.849092 6.101678 51.849096 6.101579 51.849112 6.101564 51.849115 6.101453 51.849132 6.101425 51.849137 6.101328 51.849153 6.101303 51.849157 6.10121 51.849172 6.101186 51.849176 6.101073 51.849195 6.10096 51.849214 6.100937 51.849217 6.100844 51.849233 6.100807 51.849239 6.100736 51.849251 6.100732 51.849252 6.100664 51.849263 6.100646 51.849266 6.100576 51.849279 6.100573 51.849279 6.100505 51.849291 6.100487 51.849294 6.100417 51.849307 6.100346 51.849319 6.100328 51.849322 6.100261 51.849334 6.100258 51.849335 6.100187 51.849348 6.10017 51.849351 6.100102 51.849363 6.100099 51.849364 6.100028 51.849377 6.099991 51.849384 6.099946 51.849393 6.099876 51.849406 6.099861 51.849409 6.099802 51.84942 6.099785 51.849423 6.099716 51.849437 6.099702 51.849439 6.099643 51.849451 6.099626 51.849454 6.099556 51.849468 6.099545 51.84947 6.099485 51.849482 6.099467 51.849486 6.099397 51.8495 6.099392 51.849501 6.099328 51.849514 6.099309 51.849518 6.099245 51.849531 6.099239 51.849532 6.09917 51.849546 6.099152 51.84955 6.099092 51.849563 6.099081 51.849565 6.099012 51.84958 6.098995 51.849583 6.098936 51.849596 6.098923 51.849598 6.098854 51.849613 6.098838 51.849617 6.098779 51.84963 6.098765 51.849633 6.098695 51.849648 6.098651 51.849658 6.098608 51.849667 6.098539 51.849683 6.098526 51.849686 6.098467 51.849699 6.09845 51.849703 6.098381 51.849718 6.098369 51.849721 6.09831 51.849734 6.098293 51.849738 6.098225 51.849754 6.098215 51.849756 6.098155 51.84977 6.098137 51.849775 6.098069 51.849791 6.098064 51.849792 6.098 51.849807 6.097982 51.849811 6.097918 51.849827 6.097914 51.849828 6.097846 51.849844 6.097828 51.849848 6.097768 51.849863 6.097759 51.849865 6.097691 51.849882 6.097674 51.849886 6.097615 51.8499 6.097604 51.849903 6.097536 51.84992 6.097519 51.849924 6.097461 51.849939 6.097448 51.849942 6.09738 51.84996 6.097338 51.84997 6.097294 51.849982 6.097226 51.849999 6.097212 51.850003 6.097155 51.850018 6.097139 51.850022 6.097071 51.850039 6.097058 51.850043 6.097001 51.850058 6.096985 51.850062 6.096918 51.85008 6.096907 51.850083 6.096849 51.850099 6.096831 51.850103 6.096765 51.850121 6.09676 51.850123 6.096697 51.85014 6.09668 51.850144 6.096617 51.850162 6.096612 51.850163 6.096546 51.850181 6.096528 51.850186 6.096471 51.850202 6.09646 51.850205 6.096394 51.850224 6.096377 51.850228 6.096321 51.850244 6.096308 51.850248 6.096241 51.850267 6.096226 51.850271 6.09617 51.850288 6.096155 51.850292 6.096089 51.850311 6.096046 51.850323 6.095978 51.850343 6.095968 51.850346 6.095904 51.850365 6.095892 51.850369 6.095827 51.850388 6.095817 51.850391 6.09575 51.850411 6.095708 51.850424 6.095643 51.850444 6.095628 51.850448 6.095569 51.850466 6.09556 51.850469 6.095495 51.850489 6.09548 51.850494 6.095418 51.850513 6.095413 51.850514 6.095348 51.850534 6.095332 51.850539 6.095267 51.85056 6.095202 51.85058 6.095186 51.850585 6.095121 51.850606 6.095116 51.850608 6.095055 51.850627 6.09504 51.850632 6.094976 51.850653 6.094966 51.850656 6.094908 51.850675 6.094894 51.850679 6.09483 51.8507 6.094789 51.850714 6.09476 51.850723 6.094698 51.850744 6.094695 51.850745 6.09463 51.850766 6.094614 51.850772 6.09455 51.850793 6.094547 51.850794 6.094485 51.850815 6.094456 51.850825 6.094439 51.850831 6.094348 51.850862 6.094335 51.850866 6.094241 51.850899 6.094222 51.850906 6.094128 51.850938 6.094115 51.850943 6.094025 51.850974 6.094008 51.85098 6.093952 51.850999 6.093859 51.851031 6.09384 51.851038 6.093744 51.851071 6.093648 51.851104 6.093628 51.851111 6.093535 51.851144 6.09348 51.851163 6.093449 51.851174 6.093365 51.851204 6.093349 51.85121 6.093255 51.851243 6.093233 51.851251 6.093147 51.851281 6.093136 51.851286 6.093042 51.851319 6.093019 51.851327 6.092929 51.85136 6.092924 51.851362 6.09283 51.851396 6.092807 51.851404 6.092713 51.851438 6.092709 51.85144 6.092618 51.851473 6.092596 51.851481 6.092502 51.851516 6.092491 51.85152 6.092406 51.851551 6.092384 51.851559 6.092291 51.851593 6.092275 51.8516 6.092192 51.85163 6.092161 51.851642 6.092111 51.851661 6.092017 51.851696 6.092009 51.851699 6.091921 51.851731 6.091898 51.85174 6.091804 51.851776 6.091798 51.851778 6.09171 51.851811 6.091686 51.85182 6.091593 51.851856 6.09159 51.851857 6.091499 51.851891 6.091475 51.851901 6.091385 51.851935 6.091382 51.851936 6.091289 51.851972 6.091265 51.851981 6.091178 51.852015 6.091171 51.852017 6.091078 51.852054 6.091055 51.852063 6.090969 51.852096 6.090961 51.852099 6.090868 51.852136 6.090818 51.852155 6.090781 51.85217 6.090698 51.852203 6.090686 51.852208 6.090594 51.852244 6.090572 51.852253 6.090486 51.852287 6.090478 51.85229 6.090386 51.852327 6.090364 51.852336 6.090274 51.852372 6.090272 51.852373 6.09018 51.85241 6.090158 51.852419 6.090066 51.852456 6.090064 51.852457 6.089974 51.852494 6.089952 51.852503 6.089861 51.85254 6.089853 51.852543 6.089768 51.852578 6.089746 51.852587 6.089655 51.852625 6.089643 51.85263 6.089561 51.852664 6.089525 51.852679 6.089481 51.852697 6.089392 51.852734 6.089389 51.852735 6.089297 51.852774 6.089275 51.852783 6.089184 51.852821 6.089184 51.852821 6.089093 51.85286 6.08907 51.852869 6.088979 51.852907 6.088979 51.852908 6.088889 51.852946 6.088866 51.852955 6.088776 51.852994 6.088776 51.852994 6.088686 51.853033 6.088663 51.853042 6.088573 51.853081 6.088572 51.853081 6.088482 51.85312 6.08846 51.85313 6.08837 51.853169 6.088367 51.85317 6.088279 51.853208 6.088236 51.853227 6.088161 51.85326 6.088145 51.853267 6.088068 51.8533 6.088046 51.85331 6.087957 51.85335 6.087945 51.853355 6.087866 51.85339 6.087843 51.8534 6.087754 51.853439 6.087748 51.853442 6.087664 51.853479 6.087641 51.85349 6.087557 51.853527 6.087552 51.85353 6.087463 51.853569 6.08744 51.85358 6.087362 51.853615 6.08735 51.85362 6.087261 51.85366 6.087239 51.85367 6.087163 51.853705 6.087147 51.853712 6.087074 51.853746 6.087009 51.853775 6.086921 51.853816 6.086899 51.853826 6.086813 51.853866 6.086811 51.853867 6.086723 51.853907 6.086701 51.853917 6.086614 51.853958 6.086614 51.853958 6.086526 51.853999 6.086504 51.854009 6.086417 51.85405 6.086417 51.85405 6.08633 51.854091 6.086308 51.854101 6.086221 51.854142 6.086219 51.854143 6.086133 51.854184 6.086112 51.854194 6.086025 51.854235 6.085961 51.854266 6.08591 51.85429 6.085824 51.854331 6.085811 51.854337 6.085735 51.854374 6.085713 51.854385 6.085627 51.854426 6.085619 51.85443 6.08554 51.854469 6.085517 51.854479 6.085431 51.854521 6.085345 51.854563 6.085323 51.854574 6.085244 51.854613 6.085236 51.854617 6.085151 51.854659 6.085129 51.85467 6.085054 51.854707 6.085041 51.854713 6.084956 51.854755 6.084906 51.85478 6.084899 51.854784 6.084818 51.854824 6.084796 51.854835 6.084711 51.854878 6.084707 51.85488 6.084625 51.854921 6.084604 51.854932 6.084519 51.854975 6.084434 51.855018 6.084412 51.855029 6.084331 51.85507 6.084327 51.855072 6.084242 51.855115 6.084221 51.855126 6.084141 51.855167 6.084134 51.855171 6.084082 51.855198 6.083998 51.855241 6.08398 51.85525 6.083897 51.855293 6.083844 51.855321 6.083792 51.855348 6.083709 51.855391 6.08369 51.855401 6.083615 51.85544 6.083604 51.855446 6.083521 51.85549 6.083502 51.8555 6.083422 51.855542 6.083418 51.855545 6.083335 51.855588 6.083315 51.855599 6.083232 51.855643 6.083228 51.855645 6.083148 51.855688 6.083129 51.855698 6.083047 51.855742 6.083036 51.855748 6.082962 51.855788 6.082943 51.855798 6.082862 51.855842 6.08281 51.85587 6.08275 51.855902 6.082668 51.855947 6.082648 51.855958 6.082568 51.856002 6.082565 51.856004 6.082483 51.856049 6.082463 51.85606 6.082381 51.856105 6.08238 51.856105 6.082299 51.85615 6.082279 51.856161 6.082197 51.856207 6.082196 51.856207 6.082115 51.856252 6.082095 51.856263 6.082014 51.856309 6.08201 51.856311 6.081932 51.856355 6.081912 51.856366 6.081831 51.856412 6.081772 51.856445 6.081712 51.856479 6.081711 51.85648 6.08163 51.856526 6.08161 51.856537 6.081529 51.856583 6.081528 51.856584 6.081449 51.856629 6.081428 51.856641 6.081348 51.856687 6.081347 51.856688 6.081268 51.856733 6.081248 51.856745 6.081169 51.856791 6.081168 51.856791 6.081088 51.856838 6.081068 51.85685 6.080989 51.856895 6.080988 51.856896 6.080908 51.856943 6.080888 51.856955 6.080809 51.857002 6.080808 51.857002 6.080749 51.857037 6.080739 51.857043 6.080658 51.85709 6.080647 51.857097 6.080554 51.857152 6.080528 51.857167 6.080425 51.857227 6.080418 51.857231 6.080322 51.857288 6.080295 51.857303 6.080192 51.857363 6.080089 51.857423 6.080063 51.857439 6.079966 51.857495 6.079959 51.857499 6.079856 51.857559 6.079829 51.857574 6.079735 51.857628 6.079724 51.857635 6.079642 51.857682 6.07957 51.857723 6.079466 51.857782 6.079441 51.857797 6.079343 51.857853 6.079336 51.857857 6.079232 51.857916 6.079207 51.85793 6.079102 51.85799 6.078998 51.858049 6.078972 51.858063 6.078868 51.858122 6.078861 51.858126 6.078762 51.858182 6.078737 51.858196 6.078633 51.858255 6.078559 51.858296 6.078476 51.858342 6.078465 51.858348 6.078369 51.858402 6.078343 51.858417 6.078238 51.858475 6.078231 51.858479 6.078132 51.858534 6.078105 51.858549 6.077999 51.858607 6.077893 51.858665 6.077866 51.85868 6.077767 51.858735 6.07776 51.858738 6.077654 51.858796 6.077627 51.858811 6.077531 51.858864 6.077519 51.85887 6.077435 51.858916 6.077363 51.858955 6.077258 51.859012 6.077233 51.859026 6.077133 51.859079 6.077125 51.859084 6.077019 51.859141 6.076993 51.859155 6.076886 51.859212 6.076779 51.85927 6.076753 51.859283 6.076647 51.85934 6.076638 51.859345 6.076538 51.859398 6.076513 51.859412 6.076407 51.859468 6.076334 51.859507 6.076272 51.85954 6.076166 51.859596 6.076144 51.859607 6.076047 51.859658 6.076032 51.859666 6.075926 51.859722 6.075901 51.859734 6.075793 51.859791 6.075684 51.859848 6.07566 51.859861 6.075553 51.859916 6.075538 51.859924 6.07544 51.859975 6.075419 51.859986 6.075312 51.860041 6.075249 51.860074 6.075187 51.860106 6.07508 51.860161 6.075058 51.860172 6.074961 51.860222 6.074945 51.86023 6.074838 51.860285 6.074813 51.860297 6.074704 51.860353 6.074594 51.860408 6.07457 51.860421 6.074462 51.860475 6.074446 51.860483 6.074348 51.860533 6.074326 51.860544 6.074218 51.860598 6.074155 51.86063 6.074092 51.860662 6.073984 51.860716 6.073962 51.860727 6.073864 51.860776 6.073848 51.860784 6.073739 51.860838 6.073714 51.86085 6.073604 51.860905 6.073493 51.86096 6.073468 51.860972 6.073359 51.861026 6.073343 51.861034 6.073244 51.861083 6.073222 51.861093 6.073113 51.861147 6.073049 51.861178 6.072983 51.861211 6.072874 51.861264 6.07285 51.861275 6.07275 51.861324 6.072736 51.861331 6.072626 51.861384 6.0726 51.861397 6.072489 51.861451 6.072377 51.861504 6.072352 51.861517 6.072242 51.86157 6.072227 51.861577 6.072126 51.861625 6.072103 51.861636 6.071993 51.861689 6.071926 51.861721 6.071868 51.861748 6.071756 51.861801 6.071753 51.861802 6.071642 51.861855 6.071614 51.861868 6.071501 51.861921 6.0715 51.861922 6.071388 51.861974 6.07136 51.861988 6.071248 51.86204 6.071247 51.862041 6.071133 51.862093 6.071105 51.862107 6.070993 51.862158 6.070991 51.862159 6.070877 51.862212 6.07082 51.862239 6.070759 51.862267 6.070646 51.862319 6.070638 51.862323 6.070531 51.862372 6.070502 51.862385 6.070388 51.862438 6.070385 51.862439 6.070274 51.86249 6.070245 51.862503 6.070134 51.862554 6.070131 51.862555 6.070017 51.862607 6.069988 51.86262 6.06988 51.862669 6.069873 51.862672 6.069758 51.862724 6.069697 51.862752 6.069634 51.86278 6.06952 51.862831 6.06951 51.862836 6.069405 51.862883 6.069375 51.862896 6.069261 51.862948 6.069257 51.86295 6.069146 51.862999 6.069117 51.863012 6.069006 51.863061 6.069002 51.863063 6.068887 51.863114 6.068858 51.863127 6.068751 51.863174 6.068741 51.863178 6.068626 51.863229 6.068563 51.863257 6.068476 51.863295 6.068474 51.863296 6.068359 51.863346 6.06833 51.863359 6.068214 51.863409 6.068213 51.86341 6.068098 51.86346 6.068069 51.863472 6.067953 51.863523 6.067837 51.863573 6.067808 51.863586 6.067693 51.863635 6.067691 51.863636 6.067575 51.863686 6.067545 51.863698 6.06743 51.863748 6.067428 51.863748 6.06734 51.863786 6.067251 51.863824 6.067244 51.863827 6.067133 51.863874 6.067104 51.863887 6.066987 51.863936 6.066983 51.863938 6.06687 51.863985 6.06684 51.863998 6.066724 51.864047 6.066607 51.864096 6.066577 51.864108 6.066464 51.864156 6.06646 51.864158 6.066342 51.864206 6.066313 51.864219 6.066201 51.864265 6.066194 51.864268 6.066104 51.864305 6.066017 51.864341 6.065899 51.86439 6.06587 51.864402 6.065753 51.86445 6.065751 51.864451 6.065633 51.864499 6.065603 51.864511 6.065485 51.86456 6.065367 51.864608 6.065337 51.86462 6.065219 51.864668 6.065217 51.864669 6.065099 51.864716 6.06507 51.864728 6.064951 51.864776 6.064864 51.864811 6.06481 51.864833 6.064698 51.864878 6.06469 51.864881 6.064571 51.864928 6.064542 51.86494 6.064426 51.864986 6.064423 51.864987 6.064304 51.865035 6.064275 51.865046 6.064156 51.865093 6.064154 51.865094 6.064037 51.86514 6.064008 51.865152 6.063889 51.865199 6.063881 51.865202 6.063768 51.865246 6.063714 51.865267 6.063619 51.865304 6.063525 51.86534 6.06164 51.86118 6.060434 51.861291 6.059596 51.857627 6.05401 51.857363 6.051346 51.856632 6.055262 51.852369 6.041775 51.847037 6.036956 51.844126 6.035608 51.842646 6.033434 51.843419 6.032674 51.842362 6.029131 51.845118 6.020275 51.841666 6.017602 51.841454 6.015878 51.838072 6.010082 51.8351 6.005663 51.833992 6.001942 51.832411 5.994524 51.83092 5.987077 51.830631 5.976337 51.832982 5.973094 51.833393 5.971145 51.83334 5.968175 51.834357 5.963016 51.836902 5.94545 51.824256 5.945779 51.824079 5.945017 51.823536 5.958107 51.816893 5.955704 51.81547 5.954771 51.815906 5.95286 51.814767 5.950661 51.816237 5.949595 51.815436 5.948081 51.816453 5.94592 51.81511 5.946998 51.814368 5.946534 51.813451 5.948286 51.812508 5.948742 51.812795 5.94939 51.812438 5.948481 51.811413 5.947984 51.811379 5.950941 51.810582 5.956547 51.810038 5.957776 51.809056 5.958994 51.808779 5.965042 51.806003 5.966911 51.804379 5.967333 51.804538 5.967968 51.803698 5.971891 51.801259 5.975632 51.799043 5.977191 51.798629 5.979071 51.797655 5.974391 51.795618 5.974591 51.795207 5.976788 51.794274 5.972619 51.789563 5.975077 51.788789 5.973981 51.788465 5.974549 51.785058 5.979546 51.785978 5.980851 51.785533 5.981756 51.784137 5.984674 51.785056 5.98479 51.784427 5.987891 51.782881 5.989756 51.78373 5.990217 51.783413 5.990434 51.783199 5.983439 51.778724 5.984546 51.777789 5.983677 51.775582 5.984021 51.775355 5.982351 51.773697 5.986804 51.772228 5.990746 51.769688 5.992059 51.770246 5.99049 51.766277 5.97919 51.760057 5.978281 51.759706 5.976571 51.759697 5.974938 51.759045 5.974082 51.759257 5.958333 51.751463 5.956813 51.751942 5.951981 51.748953 5.953319 51.747932 5.952512 51.745481 5.952381 51.742275 5.953129 51.741553 5.953139 51.740927 5.954677 51.739421 5.955143 51.738117 5.95686 51.738648 5.959155 51.738284 5.961112 51.738782 5.968414 51.738498 5.970855 51.73911 5.973367 51.739297 5.979196 51.738745 5.985505 51.739264 5.994193 51.738304 6.003809 51.733701 6.013432 51.730761 6.017475 51.729038 6.021043 51.728352 6.025972 51.726811 6.028966 51.725755 6.032257 51.723823 6.033 51.721415 6.033655 51.721085 6.034618 51.721424 6.035035 51.721225 6.034742 51.720312 6.035424 51.717769 6.038388 51.718118 6.037878 51.719928 6.044939 51.716909 6.042021 51.713336 6.038263 51.713728 6.037851 51.713702 6.037723 51.71275 6.034535 51.712719 6.033313 51.713339 6.031521 51.71299 6.028326 51.711718 6.028219 51.710836 6.026851 51.710041 6.026068 51.708679 6.02712 51.706773 6.026821 51.704262 6.028047 51.702817 6.027764 51.700536 6.028926 51.699256 6.030637 51.698351 6.031786 51.69252 6.030314 51.690174 6.028243 51.68962 6.032239 51.684796 6.031845 51.684417 6.032309 51.683918 6.030368 51.682942 6.030257 51.678937 6.029815 51.678095 6.031961 51.67615 6.03326 51.676116 6.034672 51.675144 6.034282 51.674676 6.03154 51.674581 6.032349 51.674054 6.034947 51.673987 6.036641 51.672759 6.072381 51.663834 6.075725 51.664824 6.076358 51.664174 6.078437 51.663447 6.079664 51.66346 6.078987 51.661944 6.079545 51.661589 6.083097 51.661715 6.084676 51.662844 6.085345 51.66291 6.08653 51.662539 6.087197 51.661836 6.087318 51.660263 6.087889 51.65985 6.095035 51.659696 6.099653 51.658116 6.101964 51.660606 6.102837 51.660502 6.106037 51.659237 6.108383 51.65899 6.118083 51.655973 6.115767 51.653227 6.116524 51.651388 6.117254 51.65074 6.109416 51.646867 6.111685 51.644729 6.108043 51.641931 6.100009 51.624078 6.097225 51.620883 6.093925 51.622148 6.094272 51.616101 6.09398 51.613672 6.091419 51.605856 6.117083 51.593844 6.119282 51.593664 6.121485 51.592736 6.130545 51.581102 6.140799 51.574149 6.147032 51.570564 6.157006 51.566581 6.176903 51.538552 6.188675 51.533476 6.19993 51.52738 6.200616 51.526649 6.20771 51.519096 6.212025 51.513392 6.213073 51.509786 6.214195 51.502911 6.212764 51.491306 6.218515 51.484339 6.219032 51.484981 6.219434 51.484084 6.223557 51.474963 6.222844 51.469467 6.223675 51.468713 6.222295 51.46616 6.222213 51.464026 6.2222 51.463701 6.222186 51.463322 6.222017 51.460849 6.221367 51.458964 6.221161 51.458367 6.221058 51.458068 6.220899 51.457604 6.220446 51.456277 6.22032 51.45591 6.220002 51.455346 6.220592 51.446645 6.21424 51.446736 6.213949 51.446283 6.214761 51.43388 6.205254 51.399519 6.21136 51.400925 6.226664 51.400269 6.226028 51.399533 6.226765 51.399376 6.223701 51.396553 6.21764 51.391602 6.214421 51.389635 6.216364 51.388833 6.214739 51.387516 6.224413 51.364994 6.227713 51.365941 6.257526 51.362078 6.261345 51.358123 6.263881 51.356676 6.262795 51.356076 6.26382 51.355986 6.266168 51.354917 6.268179 51.354944 6.275686 51.356572 6.276875 51.356632 6.278413 51.357289 6.279346 51.357266 6.280238 51.357528 6.280372 51.357892 6.281285 51.357665 6.282666 51.35859 6.283101 51.358305 6.28354 51.358528 6.283935 51.358346 6.28391 51.358906 6.284814 51.359009 6.28539 51.359608 6.286707 51.359919 6.288904 51.360067 6.29319 51.359603 6.300702 51.35985 6.301552 51.359677 6.304057 51.360002 6.307726 51.360453 6.313491 51.362742 6.31568 51.362843 6.316933 51.363657 6.319325 51.363734 6.320922 51.364282 6.326328 51.369619 6.330493 51.37282 6.332328 51.375562 6.332324 51.376652 6.338251 51.375412 6.340537 51.375201 6.347413 51.375017 6.353213 51.376232 6.35756 51.375625 6.35804 51.377254 6.357637 51.379147 6.358412 51.379273 6.360876 51.379471 6.360297 51.383073 6.360693 51.383124 6.361474 51.385761 6.362812 51.386729 6.369412 51.386799 6.373272 51.387749 6.375387 51.38903 6.374693 51.38942 6.376223 51.390356 6.376637 51.39054 6.377305 51.390157 6.380625 51.391771 6.385454 51.393389 6.386364 51.393783 6.386182 51.394025 6.387595 51.394557 6.387093 51.395007 6.387389 51.395249 6.386579 51.396907 6.383906 51.397986 6.382775 51.398043 6.38281 51.399279 6.381302 51.399329 6.381295 51.400249 6.38072 51.400955 6.394158 51.404319 6.396706 51.410526 6.398159 51.413146 6.401144 51.413449 6.428653 51.409924 6.430471 51.408478 6.43349 51.407976 6.441315 51.408301 6.461751 51.405646 6.462514 51.407715 6.465308 51.408161 6.466765 51.409369 6.465759 51.412805 6.466204 51.415341 6.467498 51.415281 6.467099 51.415818 6.467333 51.416488 6.469244 51.41858 6.472011 51.419433 6.473237 51.418741 6.476844 51.420651 6.477464 51.42014 6.477859 51.420344 6.47833 51.419899 6.478069 51.41975 6.479567 51.419003 6.482256 51.420014 6.48618 51.416279 6.493178 51.418112 6.493582 51.417906 6.499861 51.419324 6.503483 51.42205 6.505679 51.421128 6.50741 51.419573 6.514234 51.424756 6.514693 51.424456 6.51652 51.42502 6.514665 51.426949 6.514742 51.430203 6.515444 51.431788 6.516663 51.432595 6.516522 51.432799 6.519763 51.434402 6.518935 51.434502 6.520679 51.435987 6.520247 51.436321 6.521863 51.437872 6.521654 51.438908 6.520693 51.44071 6.514405 51.442361 6.513187 51.443019 6.511791 51.443174 6.51224 51.444284 6.509521 51.445689 6.507948 51.447647 6.504105 51.446753 6.50294 51.447848 6.502541 51.449641 6.502635 51.455899 6.501812 51.458941 6.505734 51.464747 6.505557 51.466973 6.506508 51.466711 6.507187 51.468078 6.503767 51.469996 6.498838 51.47143 6.498441 51.473844 6.497521 51.473901 6.499132 51.476504 6.492034 51.477533 6.491084 51.47733 6.488379 51.478857 6.486531 51.480814 6.485374 51.480583 6.485309 51.480537 6.484703 51.479411 6.48344 51.478867 6.481208 51.479639 6.481427 51.480095 6.478743 51.481369 6.47606 51.483602 6.47652 51.483848 6.475037 51.486236 6.473625 51.490077 6.473998 51.492762 6.473369 51.49525 6.469992 51.496613 6.467665 51.498236 6.464609 51.501693 6.464184 51.502961 6.464639 51.503225 6.464152 51.503154 6.462627 51.505712 6.459813 51.506825 6.455482 51.507657 6.454641 51.508496 6.45434 51.511065 6.455512 51.512996 6.455688 51.515452 6.45233 51.518198 6.448666 51.519681 6.449069 51.520146 6.451391 51.521095 6.453213 51.522836 6.453309 51.52424 6.452623 51.525617 6.449891 51.52689 6.449736 51.527391 6.448815 51.527938 6.448389 51.529308 6.455223 51.529558 6.457921 51.527782 6.457793 51.527388 6.461098 51.527154 6.462378 51.524262 6.464919 51.524633 6.469468 51.522031 6.469622 51.521434 6.472687 51.521537 6.474545 51.521011 6.477078 51.519747 6.477864 51.519957 6.480361 51.521808 6.479052 51.522555 6.474301 51.527179 6.477468 51.527536 6.478136 51.52788 6.478856 51.529369 6.478044 51.52985 6.478531 51.530439 6.479303 51.530319 6.479605 51.531333 6.480661 51.531582 6.487043 51.538416 6.462738 51.551969 6.490179 51.56465 6.49067 51.564883 6.497692 51.56814 6.464218 51.567192 6.430681 51.573988 6.430721 51.574175 6.422684 51.575977 6.418042 51.567314 6.414069 51.565062 6.410481 51.563064 6.40908 51.563055 6.407459 51.561399 6.40448 51.561138 6.403008 51.560695 6.402681 51.56029 6.39865 51.561261 6.38934 51.561821 6.387372 51.562262 6.384736 51.563928 6.382368 51.564866 6.380354 51.565035 6.377315 51.565818 6.37746 51.566004 6.37589 51.566384 6.371796 51.568177 6.369684 51.570421 6.36958 51.573394 6.369132 51.57406 6.377958 51.578243 6.374346 51.58142 6.373196 51.583618 6.372107 51.584168 6.374807 51.590391 6.367599 51.59405 6.351263 51.603918 6.348352 51.60332 6.33952 51.599994 6.334828 51.59727 6.32595 51.60034 6.324931 51.600442 6.323347 51.601353 6.321854 51.602791 6.32171 51.603597 6.327375 51.60753 6.327959 51.607436 6.329196 51.608171 6.334519 51.609719 6.334973 51.610541 6.334756 51.611083 6.333204 51.613087 6.330262 51.614959 6.327487 51.616 6.322987 51.61618 6.321333 51.617087 6.321301 51.617877 6.320091 51.617705 6.315469 51.61811 6.315703 51.618891 6.313939 51.61935 6.302111 51.621281 6.300014 51.62194 6.301527 51.623415 6.301596 51.625445 6.302215 51.625822 6.300669 51.626761 6.30086 51.627377 6.302471 51.627831 6.300146 51.628268 6.29864 51.630973 6.297382 51.632254 6.298563 51.632811 6.294651 51.634921 6.29394 51.636621 6.291968 51.637465 6.293156 51.641067 6.295147 51.642408 6.295556 51.642499 6.295903 51.64208 6.298229 51.643073</gml:posList>
                        </gml:LinearRing>
                      </gml:exterior>
                    </gml:Polygon>
                  </gml:surfaceMember>
                </gml:MultiSurface>
              </gmd:polygon>
            </gmd:EX_BoundingPolygon>
          </gmd:geographicElement>
        </gmd:EX_Extent>
      </gmd:extent>
    </gmd:MD_DataIdentification>
  </gmd:identificationInfo>
  <gmd:distributionInfo>
    <gmd:MD_Distribution>
      <gmd:distributionFormat>
        <gmd:MD_Format>
          <gmd:name gco:nilReason="unknown" />
          <gmd:version gco:nilReason="unknown" />
        </gmd:MD_Format>
      </gmd:distributionFormat>
      <gmd:transferOptions>
        <gmd:MD_DigitalTransferOptions>
          <gmd:onLine>
            <gmd:CI_OnlineResource>
              <gmd:linkage>
                <gmd:URL>https://geoportal-niederrhein.de/lgv-config/geojson/kreis_wesel/produkte2.geojson</gmd:URL>
              </gmd:linkage>
              <gmd:applicationProfile>
                <gco:CharacterString>GeoJSON</gco:CharacterString>
              </gmd:applicationProfile>
              <gmd:name>
                <gco:CharacterString>GeoJSON - Regionale Bioprodukte ÖMR</gco:CharacterString>
              </gmd:name>
              <gmd:function>
                <gmd:CI_OnLineFunctionCode codeList="http://standards.iso.org/iso/19139/resources/gmxCodelists.xml#CI_OnLineFunctionCode" codeListValue="download">download</gmd:CI_OnLineFunctionCode>
              </gmd:function>
            </gmd:CI_OnlineResource>
          </gmd:onLine>
        </gmd:MD_DigitalTransferOptions>
      </gmd:transferOptions>
      <gmd:transferOptions>
        <gmd:MD_DigitalTransferOptions>
          <gmd:onLine>
            <gmd:CI_OnlineResource>
              <gmd:linkage>
                <gmd:URL>https://xn--mr-eka.de/niederrhein</gmd:URL>
              </gmd:linkage>
              <gmd:name>
                <gco:CharacterString>Ökomodellregion Niederrhein - Infoseite</gco:CharacterString>
              </gmd:name>
              <gmd:function>
                <gmd:CI_OnLineFunctionCode codeList="http://standards.iso.org/iso/19139/resources/gmxCodelists.xml#CI_OnLineFunctionCode" codeListValue="information">information</gmd:CI_OnLineFunctionCode>
              </gmd:function>
            </gmd:CI_OnlineResource>
          </gmd:onLine>
        </gmd:MD_DigitalTransferOptions>
      </gmd:transferOptions>
    </gmd:MD_Distribution>
  </gmd:distributionInfo>
  <gmd:dataQualityInfo>
    <gmd:DQ_DataQuality>
      <gmd:scope>
        <gmd:DQ_Scope>
          <gmd:level>
            <gmd:MD_ScopeCode codeList="http://standards.iso.org/iso/19139/resources/gmxCodelists.xml#MD_ScopeCode" codeListValue="dataset" />
          </gmd:level>
        </gmd:DQ_Scope>
      </gmd:scope>
      <gmd:lineage>
        <gmd:LI_Lineage>
          <gmd:statement>
            <gco:CharacterString>Bio-Zertifizierung in der Ökomodellregion Niederrhein.</gco:CharacterString>
          </gmd:statement>
        </gmd:LI_Lineage>
      </gmd:lineage>
    </gmd:DQ_DataQuality>
  </gmd:dataQualityInfo>
</gmd:MD_Metadata>