<?xml version="1.0" encoding="UTF-8"?>
<gmd:MD_Metadata xmlns:gmd="http://www.isotc211.org/2005/gmd" xmlns:gco="http://www.isotc211.org/2005/gco" xmlns:gml="http://www.opengis.net/gml/3.2" xmlns:gmx="http://www.isotc211.org/2005/gmx" xmlns:gts="http://www.isotc211.org/2005/gts" xmlns:igctx="https://www.ingrid-oss.eu/schemas/igctx" xmlns:srv="http://www.isotc211.org/2005/srv" xmlns:xlink="http://www.w3.org/1999/xlink" xmlns:xsi="http://www.w3.org/2001/XMLSchema-instance" xmlns:geonet="http://www.fao.org/geonetwork" xsi:schemaLocation="http://www.isotc211.org/2005/gmd http://repository.gdi-de.org/schemas/geonetwork/2020-12-11/csw/2.0.2/profiles/apiso/1.0.1/apiso.xsd https://www.ingrid-oss.eu/schemas/igctx https://www.ingrid-oss.eu/schemas/igctx/igctx.xsd">
  <gmd:fileIdentifier>
    <gco:CharacterString>537c518d-b3ae-470e-8a16-3f2321950706</gco:CharacterString>
  </gmd:fileIdentifier>
  <gmd:language>
    <gmd:LanguageCode codeList="http://www.loc.gov/standards/iso639-2/" codeListValue="ger" />
  </gmd:language>
  <gmd:characterSet>
    <gmd:MD_CharacterSetCode codeList="http://standards.iso.org/iso/19139/resources/gmxCodelists.xml#MD_CharacterSetCode" codeListValue="utf8" />
  </gmd:characterSet>
  <gmd:hierarchyLevel>
    <gmd:MD_ScopeCode codeList="http://standards.iso.org/iso/19139/resources/gmxCodelists.xml#MD_ScopeCode" codeListValue="dataset">dataset</gmd:MD_ScopeCode>
  </gmd:hierarchyLevel>
  <gmd:contact>
    <gmd:CI_ResponsibleParty uuid="6338618e-501c-4973-945f-240abca5f871">
      <gmd:organisationName>
        <gco:CharacterString>Kreis Wesel - FD 62 Geoinformation und Liegenschaftskataster - 62-1-3 Geobasisdaten/GIS</gco:CharacterString>
      </gmd:organisationName>
      <gmd:contactInfo>
        <gmd:CI_Contact>
          <gmd:phone>
            <gmd:CI_Telephone>
              <gmd:voice>
                <gco:CharacterString>+49281 207 2408</gco:CharacterString>
              </gmd:voice>
              <gmd:facsimile>
                <gco:CharacterString>+49281 20767 2408</gco:CharacterString>
              </gmd:facsimile>
            </gmd:CI_Telephone>
          </gmd:phone>
          <gmd:address>
            <gmd:CI_Address>
              <gmd:deliveryPoint>
                <gco:CharacterString>Reeser Landstraße 31</gco:CharacterString>
              </gmd:deliveryPoint>
              <gmd:city>
                <gco:CharacterString>Wesel</gco:CharacterString>
              </gmd:city>
              <gmd:administrativeArea>
                <gco:CharacterString>Nordrhein-Westfalen</gco:CharacterString>
              </gmd:administrativeArea>
              <gmd:postalCode>
                <gco:CharacterString>46483</gco:CharacterString>
              </gmd:postalCode>
              <gmd:electronicMailAddress>
                <gco:CharacterString>gis@kreis-wesel.de</gco:CharacterString>
              </gmd:electronicMailAddress>
            </gmd:CI_Address>
          </gmd:address>
        </gmd:CI_Contact>
      </gmd:contactInfo>
      <gmd:role>
        <gmd:CI_RoleCode codeList="http://standards.iso.org/iso/19139/resources/gmxCodelists.xml#CI_RoleCode" codeListValue="pointOfContact" />
      </gmd:role>
    </gmd:CI_ResponsibleParty>
  </gmd:contact>
  <gmd:dateStamp>
    <gco:Date>2025-03-25</gco:Date>
  </gmd:dateStamp>
  <gmd:metadataStandardName>
    <gco:CharacterString>ISO19115</gco:CharacterString>
  </gmd:metadataStandardName>
  <gmd:metadataStandardVersion>
    <gco:CharacterString>2003/Cor.1:2006</gco:CharacterString>
  </gmd:metadataStandardVersion>
  <gmd:referenceSystemInfo>
    <gmd:MD_ReferenceSystem>
      <gmd:referenceSystemIdentifier>
        <gmd:RS_Identifier>
          <gmd:code>
            <gmx:Anchor xlink:href="http://www.opengis.net/def/crs/EPSG/0/25832">EPSG 25832: ETRS89 / UTM Zone 32N</gmx:Anchor>
          </gmd:code>
        </gmd:RS_Identifier>
      </gmd:referenceSystemIdentifier>
    </gmd:MD_ReferenceSystem>
  </gmd:referenceSystemInfo>
  <gmd:identificationInfo>
    <gmd:MD_DataIdentification uuid="https://registry.gdi-de.org/id/de.nw/8e9540f1-4c80-4d88-9327-59cdee12ad62">
      <gmd:citation>
        <gmd:CI_Citation>
          <gmd:title>
            <gco:CharacterString>Deichbauwerke Verband</gco:CharacterString>
          </gmd:title>
          <gmd:date>
            <gmd:CI_Date>
              <gmd:date>
                <gco:DateTime>2024-12-09T00:00:00.000+01:00</gco:DateTime>
              </gmd:date>
              <gmd:dateType>
                <gmd:CI_DateTypeCode codeList="http://standards.iso.org/iso/19139/resources/gmxCodelists.xml#CI_DateTypeCode" codeListValue="revision" />
              </gmd:dateType>
            </gmd:CI_Date>
          </gmd:date>
          <gmd:identifier>
            <gmd:MD_Identifier>
              <gmd:code>
                <gco:CharacterString>https://registry.gdi-de.org/id/de.nw/8e9540f1-4c80-4d88-9327-59cdee12ad62</gco:CharacterString>
              </gmd:code>
            </gmd:MD_Identifier>
          </gmd:identifier>
        </gmd:CI_Citation>
      </gmd:citation>
      <gmd:abstract>
        <gco:CharacterString>Bauwerke an den Deichen und sonstigen Hochwasserschutzanlagen.</gco:CharacterString>
      </gmd:abstract>
      <gmd:pointOfContact>
        <gmd:CI_ResponsibleParty uuid="1d156cce-d44e-4a75-84d2-d4dfce12a34f">
          <gmd:organisationName>
            <gco:CharacterString>Kreis Wesel</gco:CharacterString>
          </gmd:organisationName>
          <gmd:contactInfo>
            <gmd:CI_Contact>
              <gmd:phone>
                <gmd:CI_Telephone>
                  <gmd:voice>
                    <gco:CharacterString>+49 281 207 0</gco:CharacterString>
                  </gmd:voice>
                </gmd:CI_Telephone>
              </gmd:phone>
              <gmd:address>
                <gmd:CI_Address>
                  <gmd:deliveryPoint>
                    <gco:CharacterString>Reeser Landstraße 31</gco:CharacterString>
                  </gmd:deliveryPoint>
                  <gmd:city>
                    <gco:CharacterString>Wesel</gco:CharacterString>
                  </gmd:city>
                  <gmd:administrativeArea>
                    <gco:CharacterString>Nordrhein-Westfalen</gco:CharacterString>
                  </gmd:administrativeArea>
                  <gmd:postalCode>
                    <gco:CharacterString>46483</gco:CharacterString>
                  </gmd:postalCode>
                  <gmd:country>
                    <gco:CharacterString>DEU</gco:CharacterString>
                  </gmd:country>
                  <gmd:electronicMailAddress>
                    <gco:CharacterString>post@kreis-wesel.de</gco:CharacterString>
                  </gmd:electronicMailAddress>
                </gmd:CI_Address>
              </gmd:address>
              <gmd:onlineResource>
                <gmd:CI_OnlineResource>
                  <gmd:linkage>
                    <gmd:URL>https://www.kreis-wesel.de/</gmd:URL>
                  </gmd:linkage>
                </gmd:CI_OnlineResource>
              </gmd:onlineResource>
            </gmd:CI_Contact>
          </gmd:contactInfo>
          <gmd:role>
            <gmd:CI_RoleCode codeList="http://standards.iso.org/iso/19139/resources/gmxCodelists.xml#CI_RoleCode" codeListValue="publisher" />
          </gmd:role>
        </gmd:CI_ResponsibleParty>
      </gmd:pointOfContact>
      <gmd:pointOfContact>
        <gmd:CI_ResponsibleParty uuid="6338618e-501c-4973-945f-240abca5f871">
          <gmd:organisationName>
            <gco:CharacterString>Kreis Wesel - FD 62 Geoinformation und Liegenschaftskataster - 62-1-3 Geobasisdaten/GIS</gco:CharacterString>
          </gmd:organisationName>
          <gmd:contactInfo>
            <gmd:CI_Contact>
              <gmd:phone>
                <gmd:CI_Telephone>
                  <gmd:voice>
                    <gco:CharacterString>+49281 207 2408</gco:CharacterString>
                  </gmd:voice>
                  <gmd:facsimile>
                    <gco:CharacterString>+49281 20767 2408</gco:CharacterString>
                  </gmd:facsimile>
                </gmd:CI_Telephone>
              </gmd:phone>
              <gmd:address>
                <gmd:CI_Address>
                  <gmd:deliveryPoint>
                    <gco:CharacterString>Reeser Landstraße 31</gco:CharacterString>
                  </gmd:deliveryPoint>
                  <gmd:city>
                    <gco:CharacterString>Wesel</gco:CharacterString>
                  </gmd:city>
                  <gmd:administrativeArea>
                    <gco:CharacterString>Nordrhein-Westfalen</gco:CharacterString>
                  </gmd:administrativeArea>
                  <gmd:postalCode>
                    <gco:CharacterString>46483</gco:CharacterString>
                  </gmd:postalCode>
                  <gmd:electronicMailAddress>
                    <gco:CharacterString>gis@kreis-wesel.de</gco:CharacterString>
                  </gmd:electronicMailAddress>
                </gmd:CI_Address>
              </gmd:address>
            </gmd:CI_Contact>
          </gmd:contactInfo>
          <gmd:role>
            <gmd:CI_RoleCode codeList="http://standards.iso.org/iso/19139/resources/gmxCodelists.xml#CI_RoleCode" codeListValue="pointOfContact" />
          </gmd:role>
        </gmd:CI_ResponsibleParty>
      </gmd:pointOfContact>
      <gmd:resourceMaintenance>
        <gmd:MD_MaintenanceInformation>
          <gmd:maintenanceAndUpdateFrequency>
            <gmd:MD_MaintenanceFrequencyCode codeList="http://standards.iso.org/iso/19139/resources/gmxCodelists.xml#MD_MaintenanceFrequencyCode" codeListValue="asNeeded" />
          </gmd:maintenanceAndUpdateFrequency>
          <gmd:updateScope>
            <gmd:MD_ScopeCode codeList="http://standards.iso.org/iso/19139/resources/gmxCodelists.xml#MD_ScopeCode" codeListValue="dataset" />
          </gmd:updateScope>
        </gmd:MD_MaintenanceInformation>
      </gmd:resourceMaintenance>
      <gmd:descriptiveKeywords>
        <gmd:MD_Keywords>
          <gmd:keyword>
            <gco:CharacterString>Kreis Wesel</gco:CharacterString>
          </gmd:keyword>
          <gmd:keyword>
            <gco:CharacterString>Alpen</gco:CharacterString>
          </gmd:keyword>
          <gmd:keyword>
            <gco:CharacterString>Dinslaken</gco:CharacterString>
          </gmd:keyword>
          <gmd:keyword>
            <gco:CharacterString>Hamminkeln</gco:CharacterString>
          </gmd:keyword>
          <gmd:keyword>
            <gco:CharacterString>Hünxe</gco:CharacterString>
          </gmd:keyword>
          <gmd:keyword>
            <gco:CharacterString>Kamp-Lintfort</gco:CharacterString>
          </gmd:keyword>
          <gmd:keyword>
            <gco:CharacterString>Moers</gco:CharacterString>
          </gmd:keyword>
          <gmd:keyword>
            <gco:CharacterString>Neukirchen-Vluyn</gco:CharacterString>
          </gmd:keyword>
          <gmd:keyword>
            <gco:CharacterString>Rheinberg</gco:CharacterString>
          </gmd:keyword>
          <gmd:keyword>
            <gco:CharacterString>Schermbeck</gco:CharacterString>
          </gmd:keyword>
          <gmd:keyword>
            <gco:CharacterString>Sonsbeck</gco:CharacterString>
          </gmd:keyword>
          <gmd:keyword>
            <gco:CharacterString>Voerde</gco:CharacterString>
          </gmd:keyword>
          <gmd:keyword>
            <gco:CharacterString>Wesel</gco:CharacterString>
          </gmd:keyword>
          <gmd:keyword>
            <gco:CharacterString>Xanten</gco:CharacterString>
          </gmd:keyword>
          <gmd:keyword>
            <gco:CharacterString>Hochwasser</gco:CharacterString>
          </gmd:keyword>
          <gmd:keyword>
            <gco:CharacterString>Deich</gco:CharacterString>
          </gmd:keyword>
          <gmd:keyword>
            <gco:CharacterString>Rettung</gco:CharacterString>
          </gmd:keyword>
          <gmd:keyword>
            <gco:CharacterString>Kalkar</gco:CharacterString>
          </gmd:keyword>
          <gmd:keyword>
            <gco:CharacterString>Krefeld</gco:CharacterString>
          </gmd:keyword>
          <gmd:keyword>
            <gco:CharacterString>Viersen</gco:CharacterString>
          </gmd:keyword>
          <gmd:keyword>
            <gco:CharacterString>Gemeinde</gco:CharacterString>
          </gmd:keyword>
          <gmd:keyword>
            <gco:CharacterString>Gemeinden</gco:CharacterString>
          </gmd:keyword>
          <gmd:keyword>
            <gco:CharacterString>GemeindegrenzenKreis</gco:CharacterString>
          </gmd:keyword>
          <gmd:keyword>
            <gco:CharacterString>Kleve</gco:CharacterString>
          </gmd:keyword>
          <gmd:keyword>
            <gco:CharacterString>Bedburg-Hau</gco:CharacterString>
          </gmd:keyword>
          <gmd:keyword>
            <gco:CharacterString>Emmerich</gco:CharacterString>
          </gmd:keyword>
          <gmd:keyword>
            <gco:CharacterString>Geldern</gco:CharacterString>
          </gmd:keyword>
          <gmd:keyword>
            <gco:CharacterString>Goch</gco:CharacterString>
          </gmd:keyword>
          <gmd:keyword>
            <gco:CharacterString>Issum</gco:CharacterString>
          </gmd:keyword>
          <gmd:keyword>
            <gco:CharacterString>Kerken</gco:CharacterString>
          </gmd:keyword>
          <gmd:keyword>
            <gco:CharacterString>Kevelaer</gco:CharacterString>
          </gmd:keyword>
          <gmd:keyword>
            <gco:CharacterString>Kranenburg</gco:CharacterString>
          </gmd:keyword>
          <gmd:keyword>
            <gco:CharacterString>Rees</gco:CharacterString>
          </gmd:keyword>
          <gmd:keyword>
            <gco:CharacterString>Rheurdt</gco:CharacterString>
          </gmd:keyword>
          <gmd:keyword>
            <gco:CharacterString>Straelen</gco:CharacterString>
          </gmd:keyword>
          <gmd:keyword>
            <gco:CharacterString>Uedem</gco:CharacterString>
          </gmd:keyword>
          <gmd:keyword>
            <gco:CharacterString>Wachtendonk</gco:CharacterString>
          </gmd:keyword>
          <gmd:keyword>
            <gco:CharacterString>Weeze</gco:CharacterString>
          </gmd:keyword>
          <gmd:keyword>
            <gco:CharacterString>Kreis</gco:CharacterString>
          </gmd:keyword>
          <gmd:keyword>
            <gco:CharacterString>Brüggen</gco:CharacterString>
          </gmd:keyword>
          <gmd:keyword>
            <gco:CharacterString>Grefrath</gco:CharacterString>
          </gmd:keyword>
          <gmd:keyword>
            <gco:CharacterString>Kempen</gco:CharacterString>
          </gmd:keyword>
          <gmd:keyword>
            <gco:CharacterString>Nettetal</gco:CharacterString>
          </gmd:keyword>
          <gmd:keyword>
            <gco:CharacterString>Niederkrüchten</gco:CharacterString>
          </gmd:keyword>
          <gmd:keyword>
            <gco:CharacterString>Schwalmtal</gco:CharacterString>
          </gmd:keyword>
          <gmd:keyword>
            <gco:CharacterString>Tönisvorst</gco:CharacterString>
          </gmd:keyword>
          <gmd:keyword>
            <gco:CharacterString>Willich</gco:CharacterString>
          </gmd:keyword>
          <gmd:keyword>
            <gco:CharacterString>Kreis Viersen</gco:CharacterString>
          </gmd:keyword>
          <gmd:keyword>
            <gco:CharacterString>Emmerich am Rhein</gco:CharacterString>
          </gmd:keyword>
          <gmd:keyword>
            <gco:CharacterString>Wallfahrtsstadt Kevelaer</gco:CharacterString>
          </gmd:keyword>
        </gmd:MD_Keywords>
      </gmd:descriptiveKeywords>
      <gmd:resourceConstraints>
        <gmd:MD_LegalConstraints>
          <gmd:useLimitation>
            <gco:CharacterString>Nur interner Gebrauch! Keine Weitergabe an Dritte!</gco:CharacterString>
          </gmd:useLimitation>
        </gmd:MD_LegalConstraints>
      </gmd:resourceConstraints>
      <gmd:resourceConstraints>
        <gmd:MD_LegalConstraints>
          <gmd:useConstraints>
            <gmd:MD_RestrictionCode codeList="http://standards.iso.org/iso/19139/resources/gmxCodelists.xml#MD_RestrictionCode" codeListValue="otherRestrictions" />
          </gmd:useConstraints>
          <gmd:otherConstraints>
            <gco:CharacterString>Andere geschlossene Lizenz</gco:CharacterString>
          </gmd:otherConstraints>
          <gmd:otherConstraints>
            <gco:CharacterString>{"id":"other-closed","name":"Andere geschlossene Lizenz","url":"","quelle":""}</gco:CharacterString>
          </gmd:otherConstraints>
        </gmd:MD_LegalConstraints>
      </gmd:resourceConstraints>
      <gmd:resourceConstraints>
        <gmd:MD_LegalConstraints>
          <gmd:accessConstraints>
            <gmd:MD_RestrictionCode codeList="http://standards.iso.org/iso/19139/resources/gmxCodelists.xml#MD_RestrictionCode" codeListValue="otherRestrictions">otherRestrictions</gmd:MD_RestrictionCode>
          </gmd:accessConstraints>
          <gmd:otherConstraints>
            <gmx:Anchor xlink:href="http://inspire.ec.europa.eu/metadata-codelist/LimitationsOnPublicAccess/INSPIRE_Directive_Article13_1d">Öffentlicher Zugriff beschränkt entsprechend Artikel 13(1)(d) der INSPIRE-Richtlinie: d) aufgrund nachteiliger Auswirkungen auf die Vertraulichkeit von Geschäfts- oder Betriebsinformationen</gmx:Anchor>
          </gmd:otherConstraints>
        </gmd:MD_LegalConstraints>
      </gmd:resourceConstraints>
      <gmd:spatialRepresentationType>
        <gmd:MD_SpatialRepresentationTypeCode codeList="http://standards.iso.org/iso/19139/resources/gmxCodelists.xml#MD_SpatialRepresentationTypeCode" codeListValue="vector" />
      </gmd:spatialRepresentationType>
      <gmd:language>
        <gmd:LanguageCode codeList="http://www.loc.gov/standards/iso639-2/" codeListValue="ger" />
      </gmd:language>
      <gmd:topicCategory>
        <gmd:MD_TopicCategoryCode>structure</gmd:MD_TopicCategoryCode>
      </gmd:topicCategory>
      <gmd:extent>
        <gmd:EX_Extent>
          <gmd:geographicElement>
            <gmd:EX_GeographicDescription>
              <gmd:extentTypeCode>
                <gco:Boolean>true</gco:Boolean>
              </gmd:extentTypeCode>
              <gmd:geographicIdentifier>
                <gmd:MD_Identifier>
                  <gmd:code>
                    <gco:CharacterString>Wesel, Kreis (05170)</gco:CharacterString>
                  </gmd:code>
                </gmd:MD_Identifier>
              </gmd:geographicIdentifier>
            </gmd:EX_GeographicDescription>
          </gmd:geographicElement>
          <gmd:geographicElement>
            <gmd:EX_GeographicBoundingBox>
              <gmd:extentTypeCode>
                <gco:Boolean>true</gco:Boolean>
              </gmd:extentTypeCode>
              <gmd:westBoundLongitude>
                <gco:Decimal>6.282474</gco:Decimal>
              </gmd:westBoundLongitude>
              <gmd:eastBoundLongitude>
                <gco:Decimal>6.954858</gco:Decimal>
              </gmd:eastBoundLongitude>
              <gmd:southBoundLatitude>
                <gco:Decimal>51.3839</gco:Decimal>
              </gmd:southBoundLatitude>
              <gmd:northBoundLatitude>
                <gco:Decimal>51.825123</gco:Decimal>
              </gmd:northBoundLatitude>
            </gmd:EX_GeographicBoundingBox>
          </gmd:geographicElement>
          <gmd:geographicElement>
            <gmd:EX_GeographicDescription>
              <gmd:geographicIdentifier>
                <gmd:MD_Identifier>
                  <gmd:code>
                    <gmx:Anchor xlink:href="https://registry.gdi-de.org/id/de.bund.bkg.regschluessel/05170">051700000000</gmx:Anchor>
                  </gmd:code>
                </gmd:MD_Identifier>
              </gmd:geographicIdentifier>
            </gmd:EX_GeographicDescription>
          </gmd:geographicElement>
          <gmd:geographicElement>
            <gmd:EX_BoundingPolygon>
              <gmd:extentTypeCode>
                <gco:Boolean>true</gco:Boolean>
              </gmd:extentTypeCode>
              <gmd:polygon>
                <gml:MultiSurface>
                  <gml:surfaceMember>
                    <gml:Polygon gml:id="Polygon_ID_bba915fe-364b-48a4-8735-8f7483bc015a" srsDimension="2">
                      <gml:exterior>
                        <gml:LinearRing>
                          <gml:posList>6.627822 51.503536 6.634187 51.50596 6.639884 51.507365 6.639543 51.50791 6.638327 51.507926 6.637511 51.50929 6.640662 51.510118 6.641055 51.509079 6.644412 51.509623 6.644784 51.509039 6.648687 51.509664 6.652703 51.510792 6.653157 51.51083 6.65337 51.510497 6.653397 51.510454 6.654666 51.51066 6.654943 51.510141 6.656527 51.510487 6.656905 51.509972 6.660262 51.511115 6.660637 51.510237 6.664045 51.510972 6.664141 51.510774 6.665176 51.510983 6.665935 51.510817 6.666792 51.511806 6.669788 51.511427 6.670924 51.511555 6.673375 51.5135 6.674989 51.514183 6.675623 51.514427 6.681284 51.517289 6.686151 51.519136 6.690263 51.519965 6.692864 51.518467 6.693459 51.518897 6.694487 51.518412 6.696508 51.519122 6.69562 51.520487 6.699566 51.524427 6.690434 51.527648 6.68366 51.531002 6.679309 51.534148 6.67684 51.537862 6.676393 51.541477 6.677954 51.546933 6.680308 51.551162 6.685019 51.557201 6.686475 51.560069 6.691349 51.559665 6.69248 51.559015 6.693086 51.558021 6.696675 51.557504 6.702151 51.554571 6.703728 51.553163 6.707403 51.550834 6.708938 51.551484 6.709056 51.5519 6.7098 51.55167 6.709579 51.552101 6.710049 51.552313 6.710153 51.552122 6.712555 51.552629 6.713325 51.550453 6.717104 51.551357 6.718166 51.550867 6.718903 51.550924 6.719885 51.551502 6.721046 51.551021 6.72081 51.550242 6.721942 51.549749 6.721965 51.549716 6.722128 51.54889 6.725057 51.549172 6.725578 51.548995 6.725859 51.54834 6.727097 51.548518 6.727049 51.547475 6.730482 51.545807 6.730041 51.546275 6.733342 51.545974 6.733723 51.545532 6.734518 51.545719 6.73696 51.543776 6.738274 51.544889 6.744578 51.540523 6.747496 51.538049 6.747126 51.536036 6.751737 51.535646 6.753782 51.536422 6.755159 51.534845 6.756278 51.534757 6.75725 51.53396 6.758301 51.533651 6.760621 51.533624 6.761869 51.532422 6.762794 51.532774 6.763819 51.534168 6.770343 51.534226 6.772514 51.534506 6.772954 51.535514 6.773642 51.53485 6.775967 51.53454 6.77599 51.534052 6.778976 51.533537 6.780899 51.532781 6.784008 51.533393 6.783653 51.535558 6.783106 51.53593 6.785439 51.537181 6.784092 51.538341 6.783168 51.538425 6.783752 51.539658 6.784135 51.539675 6.783907 51.54141 6.78442 51.54172 6.783203 51.545574 6.782679 51.545599 6.783106 51.546772 6.787265 51.550538 6.795036 51.55494 6.795508 51.554785 6.796909 51.556069 6.796604 51.556309 6.79719 51.556983 6.79894 51.55682 6.807279 51.558041 6.806446 51.560493 6.808095 51.560712 6.809706 51.561313 6.809723 51.561608 6.821619 51.565247 6.818687 51.569021 6.817363 51.570062 6.815668 51.57302 6.814698 51.573577 6.814467 51.574116 6.816442 51.574198 6.819142 51.575507 6.823595 51.576981 6.827593 51.577544 6.832583 51.580002 6.833859 51.580045 6.834416 51.580216 6.834308 51.58043 6.834788 51.580204 6.835448 51.580342 6.834648 51.580559 6.835434 51.581164 6.835782 51.580863 6.836128 51.581152 6.836227 51.580788 6.836361 51.581091 6.836784 51.580858 6.83781 51.581215 6.838387 51.581034 6.838587 51.581671 6.839249 51.581773 6.83944 51.582229 6.84002 51.582128 6.840181 51.582551 6.841553 51.582471 6.841756 51.582133 6.842567 51.582336 6.84284 51.582792 6.843451 51.582758 6.843107 51.583208 6.843609 51.583042 6.844457 51.583771 6.845279 51.583708 6.845086 51.584109 6.845543 51.584366 6.847381 51.584633 6.847588 51.584974 6.848055 51.584737 6.848459 51.585429 6.849255 51.585196 6.849239 51.585702 6.85008 51.585784 6.850321 51.586118 6.849959 51.586263 6.850992 51.586391 6.851441 51.587109 6.851973 51.587276 6.852559 51.587043 6.852699 51.587411 6.853185 51.587123 6.853482 51.587551 6.854284 51.587693 6.854265 51.588112 6.855684 51.588133 6.856895 51.58915 6.857356 51.588905 6.857283 51.589346 6.858025 51.589465 6.85803 51.58972 6.85861 51.589616 6.85935 51.590132 6.859738 51.589847 6.859416 51.590762 6.860196 51.591126 6.859717 51.591155 6.860221 51.591385 6.85976 51.591968 6.860797 51.592265 6.860646 51.593212 6.86207 51.59349 6.86272 51.595381 6.86454 51.595608 6.866001 51.596758 6.865833 51.597417 6.862449 51.600765 6.859135 51.602568 6.857195 51.602906 6.852056 51.605883 6.851031 51.607019 6.850819 51.60817 6.853462 51.608276 6.852731 51.610227 6.856925 51.61045 6.856034 51.612322 6.863888 51.613724 6.863011 51.615562 6.863661 51.615569 6.869284 51.619884 6.87139 51.622092 6.871528 51.622387 6.868042 51.625311 6.868202 51.626268 6.866101 51.629046 6.866156 51.629918 6.867281 51.630459 6.867489 51.631025 6.882472 51.632854 6.882982 51.632695 6.883377 51.632964 6.890964 51.633877 6.891042 51.633627 6.893403 51.634205 6.899508 51.634928 6.902155 51.63582 6.900379 51.637685 6.901871 51.639103 6.901505 51.63998 6.902023 51.643634 6.900766 51.644812 6.901285 51.645253 6.899235 51.646128 6.901185 51.647475 6.899115 51.649319 6.899809 51.653371 6.893401 51.65339 6.893873 51.653429 6.894168 51.655762 6.896739 51.658711 6.896415 51.658811 6.897058 51.659508 6.897172 51.66056 6.898868 51.660514 6.898764 51.662585 6.897918 51.662848 6.898459 51.663847 6.898754 51.664062 6.900497 51.663708 6.900459 51.665678 6.901482 51.665517 6.902205 51.667195 6.901494 51.669606 6.901843 51.670509 6.903526 51.671706 6.904911 51.671888 6.906465 51.671592 6.906636 51.671911 6.906698 51.672027 6.906609 51.672068 6.90573 51.6724 6.90446 51.672504 6.903684 51.673285 6.900995 51.673899 6.900973 51.675018 6.90215 51.675843 6.904632 51.676292 6.904182 51.676348 6.905376 51.677832 6.912325 51.676776 6.913252 51.677911 6.912315 51.67806 6.914084 51.681516 6.913476 51.681723 6.913795 51.681744 6.914391 51.683433 6.914157 51.686297 6.914795 51.68739 6.915742 51.687962 6.91443 51.692459 6.915432 51.699811 6.924942 51.701019 6.925036 51.701031 6.926256 51.701192 6.926303 51.70142 6.937113 51.702776 6.937109 51.703014 6.937082 51.704573 6.936909 51.714329 6.940634 51.715383 6.937751 51.718803 6.928376 51.72058 6.930243 51.721454 6.927615 51.722383 6.923133 51.726452 6.921571 51.728539 6.920968 51.728639 6.925116 51.731243 6.925492 51.732517 6.916324 51.741907 6.91655 51.742112 6.914403 51.743272 6.912239 51.744921 6.912433 51.745084 6.910475 51.746014 6.90166 51.742517 6.890853 51.738937 6.875865 51.735453 6.86604 51.731218 6.85805 51.728903 6.858268 51.731813 6.855631 51.734202 6.85538 51.735508 6.85366 51.736153 6.849793 51.73548 6.848623 51.736881 6.841199 51.735366 6.841191 51.73641 6.834117 51.733157 6.832621 51.731462 6.827536 51.72983 6.81967 51.737918 6.818625 51.741611 6.818702 51.742917 6.818378 51.742617 6.818135 51.74296 6.817735 51.742746 6.817714 51.742999 6.817317 51.742943 6.817447 51.743225 6.816384 51.743036 6.815701 51.743352 6.814438 51.743064 6.814052 51.743594 6.812463 51.743434 6.811254 51.743793 6.810574 51.743292 6.808861 51.743325 6.808828 51.742989 6.80773 51.743483 6.806921 51.742941 6.806801 51.743132 6.80581 51.742785 6.804922 51.742837 6.8046 51.742383 6.803882 51.74239 6.803811 51.742324 6.803715 51.742226 6.80287 51.742359 6.801452 51.741799 6.800993 51.742211 6.799223 51.742053 6.797568 51.742861 6.796769 51.742719 6.794253 51.744966 6.79327 51.745047 6.792844 51.745762 6.792813 51.745744 6.792327 51.745734 6.791185 51.746669 6.791658 51.746873 6.791098 51.747552 6.788709 51.748293 6.788388 51.748704 6.78799 51.74854 6.787236 51.748835 6.785197 51.748423 6.785124 51.747639 6.784606 51.747796 6.784637 51.747508 6.783601 51.747214 6.783181 51.747431 6.780373 51.746987 6.779575 51.747262 6.778764 51.746877 6.777392 51.746869 6.776453 51.746318 6.77526 51.746455 6.772492 51.745856 6.772667 51.747706 6.771584 51.750546 6.771985 51.753343 6.769285 51.759134 6.769506 51.762279 6.768863 51.764654 6.769394 51.765915 6.764442 51.770905 6.76291 51.773379 6.760674 51.774215 6.758336 51.776315 6.757422 51.776377 6.755934 51.775955 6.751115 51.775272 6.74882 51.774596 6.748436 51.774172 6.749025 51.772868 6.748713 51.771917 6.746448 51.770226 6.74155 51.770074 6.740417 51.769695 6.722004 51.768502 6.72123 51.769121 6.707482 51.771938 6.708407 51.772185 6.708662 51.773298 6.707189 51.774819 6.712518 51.775843 6.714114 51.778463 6.713943 51.779822 6.713935 51.78001 6.713766 51.780517 6.713157 51.780481 6.713297 51.779827 6.707932 51.781007 6.700329 51.779309 6.698926 51.778591 6.697631 51.777328 6.697533 51.777349 6.69624 51.777597 6.677405 51.778073 6.668274 51.777176 6.665246 51.783302 6.65841 51.788878 6.658188 51.789046 6.653662 51.791254 6.652436 51.791339 6.65211 51.792236 6.648515 51.793827 6.638783 51.798235 6.632024 51.799338 6.630714 51.798867 6.622122 51.797359 6.622452 51.797193 6.62133 51.796516 6.617466 51.795213 6.617133 51.795695 6.615008 51.795082 6.614731 51.795484 6.611332 51.794257 6.611043 51.794722 6.609211 51.79424 6.608893 51.799977 6.601642 51.799745 6.595875 51.800844 6.592774 51.802257 6.591721 51.802089 6.590074 51.799146 6.588119 51.79972 6.587087 51.797128 6.587701 51.796651 6.585955 51.795908 6.586708 51.795227 6.584442 51.79366 6.583882 51.793426 6.58352 51.793577 6.581504 51.795625 6.57992 51.795624 6.578089 51.794973 6.577212 51.795186 6.576855 51.795937 6.570623 51.795037 6.572406 51.792413 6.568666 51.789822 6.564733 51.793288 6.56194 51.792304 6.560734 51.793137 6.559372 51.793488 6.557619 51.795254 6.554159 51.795677 6.551859 51.798256 6.55053 51.798479 6.549468 51.798289 6.547137 51.799512 6.544614 51.799984 6.54341 51.800438 6.543075 51.800928 6.540843 51.801392 6.533951 51.805274 6.527718 51.809647 6.525679 51.810089 6.523914 51.810264 6.522755 51.810821 6.522164 51.811743 6.522162 51.813665 6.519774 51.81555 6.517818 51.816577 6.514756 51.8142 6.509891 51.812457 6.497538 51.810921 6.492752 51.810509 6.489152 51.810526 6.489192 51.810463 6.489304 51.810328 6.491487 51.804187 6.493148 51.802187 6.496921 51.800312 6.497868 51.796921 6.50184 51.791052 6.504913 51.784796 6.508197 51.78199 6.513556 51.778547 6.519562 51.777291 6.523819 51.775462 6.52595 51.771869 6.529158 51.767905 6.531783 51.765814 6.534164 51.764543 6.533132 51.763553 6.529364 51.762286 6.528768 51.763111 6.52816 51.76257 6.525766 51.763687 6.522847 51.761503 6.521029 51.762274 6.519615 51.760528 6.517224 51.761145 6.517287 51.761391 6.515169 51.761332 6.51495 51.762 6.514822 51.762391 6.514751 51.762606 6.513879 51.762373 6.514784 51.76134 6.512473 51.761041 6.512605 51.760652 6.510826 51.760408 6.510873 51.759685 6.509524 51.759698 6.509368 51.758594 6.50579 51.758225 6.502466 51.759172 6.501909 51.75826 6.500932 51.758597 6.500134 51.756841 6.492499 51.757147 6.491396 51.755961 6.489566 51.75492 6.48903 51.75522 6.487422 51.754432 6.486829 51.754875 6.486116 51.754521 6.486656 51.754252 6.485405 51.753748 6.484521 51.754594 6.482082 51.753588 6.486546 51.7497 6.489065 51.744869 6.488951 51.742016 6.489571 51.741791 6.489275 51.739484 6.487638 51.737029 6.48473 51.735872 6.485161 51.734045 6.484594 51.733573 6.486201 51.731583 6.485563 51.731377 6.487375 51.730381 6.487404 51.729906 6.485653 51.729739 6.488234 51.723886 6.488604 51.722133 6.48906 51.721786 6.488932 51.720332 6.486855 51.719936 6.48577 51.720105 6.483561 51.719884 6.476551 51.717827 6.464308 51.704952 6.463591 51.703491 6.463026 51.703819 6.460289 51.702078 6.454688 51.704969 6.448107 51.707054 6.443696 51.707887 6.429537 51.709719 6.418117 51.712059 6.41421 51.713578 6.411104 51.715724 6.409494 51.7176 6.408528 51.719671 6.408274 51.721807 6.408733 51.723929 6.410605 51.726782 6.418362 51.733729 6.420308 51.736008 6.421888 51.739621 6.421893 51.74338 6.421084 51.745687 6.419683 51.747865 6.417762 51.749839 6.415295 51.75163 6.41259 51.753041 6.409542 51.754125 6.406245 51.75485 6.402727 51.755202 6.402251 51.750778 6.406025 51.750424 6.405117 51.747915 6.403848 51.748049 6.403025 51.745966 6.403475 51.745825 6.404223 51.745537 6.404925 51.74522 6.404958 51.745204 6.405637 51.744874 6.406396 51.744477 6.406813 51.744259 6.407203 51.744049 6.407647 51.743764 6.411329 51.74123 6.406527 51.738004 6.406174 51.73812 6.403573 51.736278 6.403839 51.736146 6.403425 51.736287 6.400414 51.7349 6.400058 51.734986 6.397004 51.731541 6.395699 51.731949 6.391433 51.727107 6.389526 51.727844 6.387289 51.726622 6.390752 51.724433 6.387927 51.722338 6.388771 51.721855 6.386733 51.720246 6.384086 51.722128 6.380915 51.720144 6.380233 51.720414 6.377384 51.718494 6.378671 51.717031 6.378356 51.716665 6.379947 51.71566 6.381484 51.713947 6.375764 51.71145 6.365824 51.708567 6.363433 51.70686 6.362745 51.705732 6.363091 51.705443 6.361374 51.705864 6.359749 51.703621 6.355955 51.702838 6.354903 51.699631 6.357491 51.698306 6.359024 51.698001 6.359258 51.697596 6.358185 51.696342 6.359876 51.696102 6.358696 51.694843 6.36441 51.693677 6.369191 51.693703 6.371578 51.693276 6.377331 51.689619 6.379687 51.687662 6.380609 51.686214 6.38112 51.684207 6.380858 51.681902 6.37684 51.678072 6.37405 51.673291 6.372874 51.67142 6.373178 51.6712 6.372488 51.670863 6.371866 51.668608 6.371201 51.6686 6.369889 51.666678 6.370547 51.666578 6.367108 51.665722 6.364002 51.663935 6.362442 51.662548 6.365161 51.662483 6.365506 51.662096 6.365375 51.66086 6.354008 51.660529 6.353585 51.656296 6.353621 51.65569 6.353642 51.655355 6.354852 51.651945 6.35439 51.647371 6.354806 51.645496 6.339359 51.641792 6.339905 51.640695 6.339183 51.640503 6.338357 51.641547 6.327877 51.639055 6.328981 51.636994 6.32441 51.636109 6.323708 51.637429 6.322143 51.637082 6.321176 51.638501 6.32064 51.638693 6.299505 51.641941 6.299566 51.642199 6.298597 51.642523 6.29886 51.642936 6.298229 51.643073 6.295903 51.64208 6.295556 51.642499 6.295147 51.642408 6.293156 51.641067 6.291968 51.637465 6.29394 51.636621 6.294651 51.634921 6.298563 51.632811 6.297382 51.632254 6.29864 51.630973 6.300146 51.628268 6.302471 51.627831 6.30086 51.627377 6.300669 51.626761 6.302215 51.625822 6.301596 51.625445 6.301527 51.623415 6.300014 51.62194 6.302111 51.621281 6.313939 51.61935 6.315703 51.618891 6.315469 51.61811 6.320091 51.617705 6.321301 51.617877 6.321333 51.617087 6.322987 51.61618 6.327487 51.616 6.330262 51.614959 6.333204 51.613087 6.334756 51.611083 6.334973 51.610541 6.334519 51.609719 6.329196 51.608171 6.327959 51.607436 6.327375 51.60753 6.32171 51.603597 6.321854 51.602791 6.323347 51.601353 6.324931 51.600442 6.32595 51.60034 6.334828 51.59727 6.33952 51.599994 6.348352 51.60332 6.351263 51.603918 6.367599 51.59405 6.374807 51.590391 6.372107 51.584168 6.373196 51.583618 6.374346 51.58142 6.377958 51.578243 6.369132 51.57406 6.36958 51.573394 6.369684 51.570421 6.371796 51.568177 6.37589 51.566384 6.37746 51.566004 6.377315 51.565818 6.380354 51.565035 6.382368 51.564866 6.384736 51.563928 6.387372 51.562262 6.38934 51.561821 6.39865 51.561261 6.402681 51.56029 6.403008 51.560695 6.40448 51.561138 6.407459 51.561399 6.40908 51.563055 6.410481 51.563064 6.414069 51.565062 6.418042 51.567314 6.422684 51.575977 6.430721 51.574175 6.430681 51.573988 6.464218 51.567192 6.497692 51.56814 6.49067 51.564883 6.490179 51.56465 6.462738 51.551969 6.487043 51.538416 6.480661 51.531582 6.479605 51.531333 6.479303 51.530319 6.478531 51.530439 6.478044 51.52985 6.478856 51.529369 6.478136 51.52788 6.477468 51.527536 6.474301 51.527179 6.479052 51.522555 6.480361 51.521808 6.477864 51.519957 6.477078 51.519747 6.474545 51.521011 6.472687 51.521537 6.469622 51.521434 6.469468 51.522031 6.464919 51.524633 6.462378 51.524262 6.461098 51.527154 6.457793 51.527388 6.457921 51.527782 6.455223 51.529558 6.448389 51.529308 6.448815 51.527938 6.449736 51.527391 6.449891 51.52689 6.452623 51.525617 6.453309 51.52424 6.453213 51.522836 6.451391 51.521095 6.449069 51.520146 6.448666 51.519681 6.45233 51.518198 6.455688 51.515452 6.455512 51.512996 6.45434 51.511065 6.454641 51.508496 6.455482 51.507657 6.459813 51.506825 6.462627 51.505712 6.464152 51.503154 6.464639 51.503225 6.464184 51.502961 6.464609 51.501693 6.467665 51.498236 6.469992 51.496613 6.473369 51.49525 6.473998 51.492762 6.473625 51.490077 6.475037 51.486236 6.47652 51.483848 6.47606 51.483602 6.478743 51.481369 6.481427 51.480095 6.481208 51.479639 6.48344 51.478867 6.484703 51.479411 6.485309 51.480537 6.485374 51.480583 6.486531 51.480814 6.488379 51.478857 6.491084 51.47733 6.492034 51.477533 6.499132 51.476504 6.497521 51.473901 6.498441 51.473844 6.498838 51.47143 6.503767 51.469996 6.507187 51.468078 6.506508 51.466711 6.505557 51.466973 6.505734 51.464747 6.501812 51.458941 6.502635 51.455899 6.502541 51.449641 6.50294 51.447848 6.504105 51.446753 6.507948 51.447647 6.509521 51.445689 6.51224 51.444284 6.511791 51.443174 6.513187 51.443019 6.514405 51.442361 6.520693 51.44071 6.521654 51.438908 6.521863 51.437872 6.520247 51.436321 6.520679 51.435987 6.518935 51.434502 6.519763 51.434402 6.516522 51.432799 6.516663 51.432595 6.515444 51.431788 6.514742 51.430203 6.514665 51.426949 6.51652 51.42502 6.518673 51.42434 6.525042 51.424445 6.527234 51.421904 6.52821 51.41678 6.527775 51.415804 6.528979 51.412827 6.532327 51.408873 6.531814 51.408638 6.533335 51.407036 6.535567 51.405491 6.538643 51.404059 6.536554 51.40287 6.541197 51.400467 6.546296 51.400547 6.543903 51.397714 6.548376 51.393013 6.55386 51.39505 6.557964 51.390936 6.557885 51.38984 6.560037 51.389783 6.562148 51.389159 6.562813 51.389618 6.564171 51.389527 6.56761 51.390751 6.571542 51.391533 6.56943 51.392452 6.573762 51.393353 6.574667 51.392823 6.574432 51.39335 6.580772 51.394189 6.582837 51.392166 6.587377 51.392385 6.592015 51.392841 6.592263 51.393394 6.59317 51.393547 6.593631 51.393068 6.597584 51.393926 6.599825 51.393761 6.601222 51.393927 6.601141 51.394136 6.604446 51.394308 6.604177 51.396881 6.608221 51.397064 6.613125 51.396843 6.615754 51.396592 6.616685 51.394805 6.620196 51.395514 6.635609 51.393536 6.636149 51.3908 6.635554 51.39434 6.640236 51.394644 6.639862 51.397996 6.640483 51.398156 6.639306 51.399526 6.63693 51.401115 6.629477 51.404293 6.628425 51.405505 6.625607 51.41098 6.6257 51.411902 6.626778 51.412109 6.628446 51.418396 6.629357 51.41963 6.636573 51.41836 6.643492 51.41649 6.651465 51.41064 6.656892 51.408363 6.661345 51.408154 6.664523 51.408814 6.665773 51.410464 6.665654 51.410855 6.666397 51.41127 6.662094 51.410744 6.662912 51.413226 6.662963 51.4134 6.66746 51.428348 6.667213 51.430161 6.67127 51.430695 6.671359 51.430446 6.67253 51.43052 6.672901 51.430929 6.672618 51.432324 6.673493 51.434302 6.671512 51.434571 6.671871 51.435815 6.669443 51.436841 6.668361 51.436954 6.668973 51.438986 6.671072 51.439139 6.671624 51.438934 6.672119 51.439298 6.675987 51.439975 6.67767 51.440681 6.677163 51.441278 6.673298 51.441548 6.672977 51.441881 6.673802 51.443839 6.674095 51.443767 6.675242 51.447231 6.678326 51.449073 6.677814 51.451607 6.678741 51.45159 6.676637 51.457999 6.674538 51.457955 6.675317 51.459709 6.670776 51.459111 6.670218 51.459755 6.666964 51.472251 6.667326 51.474185 6.66614 51.474417 6.663257 51.473352 6.661445 51.473153 6.654899 51.473937 6.666208 51.48361 6.654899 51.48896 6.652695 51.489333 6.650004 51.4884 6.646577 51.484296 6.642771 51.481494 6.640038 51.487134 6.63634 51.490766 6.639227 51.491505 6.638743 51.493674 6.642239 51.495179 6.642097 51.496675 6.640305 51.498054 6.635663 51.499656 6.632265 51.502738 6.630563 51.503265 6.627822 51.503536</gml:posList>
                        </gml:LinearRing>
                      </gml:exterior>
                    </gml:Polygon>
                  </gml:surfaceMember>
                </gml:MultiSurface>
              </gmd:polygon>
            </gmd:EX_BoundingPolygon>
          </gmd:geographicElement>
        </gmd:EX_Extent>
      </gmd:extent>
    </gmd:MD_DataIdentification>
  </gmd:identificationInfo>
  <gmd:dataQualityInfo>
    <gmd:DQ_DataQuality>
      <gmd:scope>
        <gmd:DQ_Scope>
          <gmd:level>
            <gmd:MD_ScopeCode codeList="http://standards.iso.org/iso/19139/resources/gmxCodelists.xml#MD_ScopeCode" codeListValue="dataset" />
          </gmd:level>
        </gmd:DQ_Scope>
      </gmd:scope>
      <gmd:lineage>
        <gmd:LI_Lineage>
          <gmd:statement>
            <gco:CharacterString>Digitalisierung auf Basis der von den Deichverbänden zur Verfügung gestellten Unterlagen. Verantwortlich für den Inhalt der Daten, insbesondere die Richtigkeit, Vollständigkeit und Aktualität, ist die unter dem Feld Datengrundlage genannte Organisationseinheit als Eigentümer der Daten.</gco:CharacterString>
          </gmd:statement>
          <gmd:source>
            <gmd:LI_Source>
              <gmd:description>
                <gco:CharacterString>Deichverband Xanten-Kleve</gco:CharacterString>
              </gmd:description>
            </gmd:LI_Source>
          </gmd:source>
          <gmd:source>
            <gmd:LI_Source>
              <gmd:description>
                <gco:CharacterString>Deichverband Mehrum</gco:CharacterString>
              </gmd:description>
            </gmd:LI_Source>
          </gmd:source>
          <gmd:source>
            <gmd:LI_Source>
              <gmd:description>
                <gco:CharacterString>Deichverband Duisburg-Xanten</gco:CharacterString>
              </gmd:description>
            </gmd:LI_Source>
          </gmd:source>
        </gmd:LI_Lineage>
      </gmd:lineage>
    </gmd:DQ_DataQuality>
  </gmd:dataQualityInfo>
</gmd:MD_Metadata>