<?xml version="1.0" encoding="UTF-8"?>
<info version="1.1">
  <general>
    <createDate>2024-11-21T08:43:10.311101Z</createDate>
    <changeDate>2024-11-21T08:43:10.311101Z</changeDate>
    <schema>iso19139</schema>
    <isTemplate>n</isTemplate>
    <localId>325</localId>
    <format>full</format>
    <rating>0</rating>
    <popularity>0</popularity>
    <uuid>257b417c-0aa2-42a7-9007-33bfb71eba95</uuid>
    <siteId>3bef299d-cf82-4033-871b-875f6936b2e2</siteId>
    <siteName>GeoNetwork-UI Test Instance</siteName>
  </general>
  <categories />
  <privileges>
    <group name="all">
      <operation name="view" />
      <operation name="download" />
      <operation name="dynamic" />
    </group>
  </privileges>
  <public />
  <private />
</info>

