<?xml version="1.0" encoding="UTF-8"?>
<info version="1.1">
  <general>
    <createDate>2023-03-17T09:36:17.968Z</createDate>
    <changeDate>2024-03-18T10:21:16.015Z</changeDate>
    <schema>iso19115-3.2018</schema>
    <isTemplate>n</isTemplate>
    <localId>147</localId>
    <format>full</format>
    <rating>0</rating>
    <popularity>761</popularity>
    <uuid>f936f399-f9d4-441d-9bb0-b17fb3b1b1b1</uuid>
    <siteId>3bef299d-cf82-4033-871b-875f6936b2e2</siteId>
    <siteName>GeoNetwork-UI Test Instance</siteName>
  </general>
  <categories />
  <privileges>
    <group name="all">
      <operation name="view" />
      <operation name="download" />
      <operation name="dynamic" />
    </group>
  </privileges>
  <public />
  <private />
</info>

