<?xml version="1.0" encoding="UTF-8"?>
<mdb:MD_Metadata xmlns:mdb="http://standards.iso.org/iso/19115/-3/mdb/2.0" xmlns:cat="http://standards.iso.org/iso/19115/-3/cat/1.0" xmlns:gfc="http://standards.iso.org/iso/19110/gfc/1.1" xmlns:cit="http://standards.iso.org/iso/19115/-3/cit/2.0" xmlns:gcx="http://standards.iso.org/iso/19115/-3/gcx/1.0" xmlns:gex="http://standards.iso.org/iso/19115/-3/gex/1.0" xmlns:lan="http://standards.iso.org/iso/19115/-3/lan/1.0" xmlns:srv="http://standards.iso.org/iso/19115/-3/srv/2.1" xmlns:mas="http://standards.iso.org/iso/19115/-3/mas/1.0" xmlns:mcc="http://standards.iso.org/iso/19115/-3/mcc/1.0" xmlns:mco="http://standards.iso.org/iso/19115/-3/mco/1.0" xmlns:mda="http://standards.iso.org/iso/19115/-3/mda/1.0" xmlns:mds="http://standards.iso.org/iso/19115/-3/mds/2.0" xmlns:mdt="http://standards.iso.org/iso/19115/-3/mdt/2.0" xmlns:mex="http://standards.iso.org/iso/19115/-3/mex/1.0" xmlns:mmi="http://standards.iso.org/iso/19115/-3/mmi/1.0" xmlns:mpc="http://standards.iso.org/iso/19115/-3/mpc/1.0" xmlns:mrc="http://standards.iso.org/iso/19115/-3/mrc/2.0" xmlns:mrd="http://standards.iso.org/iso/19115/-3/mrd/1.0" xmlns:mri="http://standards.iso.org/iso/19115/-3/mri/1.0" xmlns:mrl="http://standards.iso.org/iso/19115/-3/mrl/2.0" xmlns:mrs="http://standards.iso.org/iso/19115/-3/mrs/1.0" xmlns:msr="http://standards.iso.org/iso/19115/-3/msr/2.0" xmlns:mdq="http://standards.iso.org/iso/19157/-2/mdq/1.0" xmlns:mac="http://standards.iso.org/iso/19115/-3/mac/2.0" xmlns:gco="http://standards.iso.org/iso/19115/-3/gco/1.0" xmlns:gml="http://www.opengis.net/gml/3.2" xmlns:xlink="http://www.w3.org/1999/xlink" xmlns:geonet="http://www.fao.org/geonetwork" xmlns:xsi="http://www.w3.org/2001/XMLSchema-instance" xsi:schemaLocation="http://standards.iso.org/iso/19115/-3/mdb/2.0 https://schemas.isotc211.org/19115/-3/mdb/2.0/mdb.xsd">
  <mdb:metadataIdentifier>
    <mcc:MD_Identifier>
      <mcc:code>
        <gco:CharacterString>ad520048-5b21-4cb1-a55e-da9df2769c28</gco:CharacterString>
      </mcc:code>
      <mcc:codeSpace>
        <gco:CharacterString>urn:uuid</gco:CharacterString>
      </mcc:codeSpace>
    </mcc:MD_Identifier>
  </mdb:metadataIdentifier>
  <mdb:defaultLocale>
    <lan:PT_Locale id="FR">
      <lan:language>
        <lan:LanguageCode codeList="http://www.loc.gov/standards/iso639-2/" codeListValue="fre" />
      </lan:language>
      <lan:characterEncoding>
        <lan:MD_CharacterSetCode codeList="http://standards.iso.org/iso/19115/resources/Codelists/cat/codelists.xml#MD_CharacterSetCode" codeListValue="utf8" />
      </lan:characterEncoding>
    </lan:PT_Locale>
  </mdb:defaultLocale>
  <mdb:metadataScope>
    <mdb:MD_MetadataScope>
      <mdb:resourceScope>
        <mcc:MD_ScopeCode codeList="http://standards.iso.org/iso/19115/resources/Codelists/cat/codelists.xml#MD_ScopeCode" codeListValue="dataset" />
      </mdb:resourceScope>
      <mdb:name>
        <gco:CharacterString>Couche de données thématiques</gco:CharacterString>
      </mdb:name>
    </mdb:MD_MetadataScope>
  </mdb:metadataScope>
  <mdb:contact>
    <cit:CI_Responsibility>
      <cit:role>
        <cit:CI_RoleCode codeList="http://standards.iso.org/iso/19115/resources/Codelists/cat/codelists.xml#CI_RoleCode" codeListValue="pointOfContact" />
      </cit:role>
      <cit:party>
        <cit:CI_Organisation>
          <cit:name>
            <gco:CharacterString>Direction de la Prévention des pollutions (SPW - Agriculture, Ressources naturelles et Environnement - Département de l'Environnement et de l'Eau - Direction de la Prévention des pollutions)</gco:CharacterString>
          </cit:name>
          <cit:contactInfo>
            <cit:CI_Contact>
              <cit:address>
                <cit:CI_Address>
                  <cit:electronicMailAddress>
                    <gco:CharacterString>dpp.dee.dgarne@spw.wallonie.be</gco:CharacterString>
                  </cit:electronicMailAddress>
                </cit:CI_Address>
              </cit:address>
            </cit:CI_Contact>
          </cit:contactInfo>
          <cit:individual>
            <cit:CI_Individual>
              <cit:name>
                <gco:CharacterString>Jean-Michel Jacqmotte</gco:CharacterString>
              </cit:name>
            </cit:CI_Individual>
          </cit:individual>
        </cit:CI_Organisation>
      </cit:party>
    </cit:CI_Responsibility>
  </mdb:contact>
  <mdb:dateInfo>
    <cit:CI_Date>
      <cit:date>
        <gco:DateTime>2024-03-18T10:13:42.012Z</gco:DateTime>
      </cit:date>
      <cit:dateType>
        <cit:CI_DateTypeCode codeList="http://standards.iso.org/iso/19115/resources/Codelists/cat/codelists.xml#CI_DateTypeCode" codeListValue="revision" />
      </cit:dateType>
    </cit:CI_Date>
  </mdb:dateInfo>
  <mdb:dateInfo>
    <cit:CI_Date>
      <cit:date>
        <gco:DateTime>2020-11-17T10:00:00</gco:DateTime>
      </cit:date>
      <cit:dateType>
        <cit:CI_DateTypeCode codeList="https://standards.iso.org/iso/19115/resources/Codelists/cat/codelists.xml#CI_DateTypeCode" codeListValue="creation" />
      </cit:dateType>
    </cit:CI_Date>
  </mdb:dateInfo>
  <mdb:metadataStandard>
    <cit:CI_Citation>
      <cit:title>
        <gco:CharacterString>ISO 19115</gco:CharacterString>
      </cit:title>
      <cit:edition>
        <gco:CharacterString>2003/Cor 1:2006</gco:CharacterString>
      </cit:edition>
    </cit:CI_Citation>
  </mdb:metadataStandard>
  <mdb:metadataLinkage>
    <cit:CI_OnlineResource>
      <cit:linkage>
        <gco:CharacterString>https://metawal.wallonie.be/geonetwork/srv/api/records/ad520048-5b21-4cb1-a55e-da9df2769c28</gco:CharacterString>
      </cit:linkage>
      <cit:function>
        <cit:CI_OnLineFunctionCode codeList="http://standards.iso.org/iso/19115/resources/Codelists/cat/codelists.xml#CI_OnLineFunctionCode" codeListValue="completeMetadata" />
      </cit:function>
    </cit:CI_OnlineResource>
  </mdb:metadataLinkage>
  <mdb:referenceSystemInfo>
    <mrs:MD_ReferenceSystem>
      <mrs:referenceSystemIdentifier>
        <mcc:MD_Identifier>
          <mcc:code>
            <gcx:Anchor xlink:href="http://www.opengis.net/def/crs/EPSG/0/3035">EPSG:3035</gcx:Anchor>
          </mcc:code>
          <mcc:description>
            <gco:CharacterString>ETRS89 / LAEA Europe (EPSG:3035)</gco:CharacterString>
          </mcc:description>
        </mcc:MD_Identifier>
      </mrs:referenceSystemIdentifier>
      <mrs:referenceSystemType>
        <mrs:MD_ReferenceSystemTypeCode codeList="http://standards.iso.org/iso/19115/resources/Codelists/cat/codelists.xml#MD_ReferenceSystemTypeCode" codeListValue="projected" />
      </mrs:referenceSystemType>
    </mrs:MD_ReferenceSystem>
  </mdb:referenceSystemInfo>
  <mdb:identificationInfo>
    <mri:MD_DataIdentification>
      <mri:citation>
        <cit:CI_Citation>
          <cit:title>
            <gco:CharacterString>INSPIRE - Niveau de Bruit Lden des axes routiers dans les grandes agglomérations en Wallonie (BE)</gco:CharacterString>
          </cit:title>
          <cit:alternateTitle>
            <gco:CharacterString>INSPIRE_BRUIT_AGGLO_ROAD_2012_LDEN</gco:CharacterString>
          </cit:alternateTitle>
          <cit:date>
            <cit:CI_Date>
              <cit:date>
                <gco:Date>2020-11-01</gco:Date>
              </cit:date>
              <cit:dateType>
                <cit:CI_DateTypeCode codeList="http://standards.iso.org/iso/19115/resources/Codelists/cat/codelists.xml#CI_DateTypeCode" codeListValue="creation" />
              </cit:dateType>
            </cit:CI_Date>
          </cit:date>
          <cit:date>
            <cit:CI_Date>
              <cit:date>
                <gco:Date>2020-11-17</gco:Date>
              </cit:date>
              <cit:dateType>
                <cit:CI_DateTypeCode codeList="http://standards.iso.org/iso/19115/resources/Codelists/cat/codelists.xml#CI_DateTypeCode" codeListValue="publication" />
              </cit:dateType>
            </cit:CI_Date>
          </cit:date>
          <cit:identifier>
            <mcc:MD_Identifier>
              <mcc:code>
                <gco:CharacterString>ad520048-5b21-4cb1-a55e-da9df2769c28</gco:CharacterString>
              </mcc:code>
              <mcc:codeSpace>
                <gco:CharacterString>http://geodata.wallonie.be/id/</gco:CharacterString>
              </mcc:codeSpace>
            </mcc:MD_Identifier>
          </cit:identifier>
          <cit:identifier>
            <mcc:MD_Identifier>
              <mcc:code>
                <gco:CharacterString>INSPIRE_BRUIT_AGGLO_ROAD_2012__LDEN</gco:CharacterString>
              </mcc:code>
            </mcc:MD_Identifier>
          </cit:identifier>
        </cit:CI_Citation>
      </mri:citation>
      <mri:abstract>
        <gco:CharacterString>Cette couche de données intégrée au rapportage européen 2012 localise l'exposition aux bruits issus exclusivement des axes routiers selon l’indice Lden dans les grandes agglomérations wallonnes.

La donnée est présentée ici dans sa version conforme INSPIRE.

La cartographie du bruit des axes routiers dans les grandes agglomérations wallonnes établie à partir de données sources de 2011 constitue la première réalisation et, en l’état, la référence à ce niveau. Les cartes de bruit ont été rapportées à l’Agence européenne pour l’environnement et sont intégrées dans le rapportage 2012.

L’indice Lden est un des deux indicateurs préconisés par la directive européenne 2002/49/CE, relative à l'évaluation et à la gestion du bruit dans l'environnement, afin de mesurer le niveau sonore décrivant le bruit dans l'environnement. Au sens de la Directive, ce dernier est émis par les moyens de transports, le trafic routier, ferroviaire ou aérien ou provient de sites d'activité industrielle. La présente couche de données fait référence à la cartographie du bruit généré par les axes routiers traversant les grandes agglomérations wallonnes (Liège et Charleroi) en 2011 selon l’indice Lden. 

L’indice Lden signifie "Level Day - Evening – Night". Il s’agit donc d’un indicateur du niveau de bruit global pendant 24 h (jour, soir et nuit) utilisé pour qualifier la gêne liée à l'exposition au bruit. Il est calculé à partir des indicateurs "Lday", "Levening" et  "Lnight", qui sont les niveaux sonores moyennés sur les périodes 7h-19h, 19h-23h et 23h-7h. Le Lden est exprimé en décibel A (dB(A)), qui est l’unité retenue pour représenter les sensibilités de l’oreille humaine. 

Dans le calcul de Lden, les indicateurs "Levening" et "Lnight" sont pondérés pour tenir compte du fait, qu’à niveau égal, nous sommes plus sensibles au bruit au cours de ces périodes :
- +5 dBA à la période de la soirée, ce qui signifie qu’un véhicule circulant en soirée est considéré comme équivalent presque trois véhicules circulant le jour ;
- +10 dBA à la période de nuit, ce qui signifie qu’un véhicule circulant en soirée est considéré comme équivalent presque dix véhicules circulant le jour.
Selon les critères définis pour la cartographie des bruits émanant des axes routiers dans les grandes agglomérations en 2011, la couche de données porte sur tous les tronçons de rue au sein du territoire d'agglomérations de 100.000 habitants et plus. En région wallonne, il s'agit des territoires communaux de Liège et Charleroi. Seules ces zones sont couvertes par la cartographie.

L’indicateur est moyenné sur une année civile. La couche de données est donc représentative d'une situation annuelle régionale. Elle a été élaborée sur base de données sources datant de 2011. Dès lors, les couches de données transcrivent l'exposition au bruit à cette période de temps. Les informations ont été rapportées à l’Agence européenne pour l’environnement en 2012 et sont donc intégrées dans le rapportage 2012.

La couche de données est une couche vectorielle avec, en attribut, la valeur Lden. 5 classes d’exposition sont retenues : 55-59, 60-64, 65-69, 70-74 et supérieure à 75 dB(A). Les valeurs basses et hautes de la classe d’exposition concernée sont rappelées en attribut.</gco:CharacterString>
      </mri:abstract>
      <mri:pointOfContact>
        <cit:CI_Responsibility>
          <cit:role>
            <cit:CI_RoleCode codeList="http://standards.iso.org/iso/19115/resources/Codelists/cat/codelists.xml#CI_RoleCode" codeListValue="pointOfContact" />
          </cit:role>
          <cit:party>
            <cit:CI_Organisation>
              <cit:name>
                <gco:CharacterString>Helpdesk carto du SPW (SPW - Secrétariat général - SPW Digital - Département de la Géomatique - Direction de l'Intégration des géodonnées)</gco:CharacterString>
              </cit:name>
              <cit:contactInfo>
                <cit:CI_Contact>
                  <cit:address>
                    <cit:CI_Address>
                      <cit:electronicMailAddress>
                        <gco:CharacterString>helpdesk.carto@spw.wallonie.be</gco:CharacterString>
                      </cit:electronicMailAddress>
                    </cit:CI_Address>
                  </cit:address>
                </cit:CI_Contact>
              </cit:contactInfo>
            </cit:CI_Organisation>
          </cit:party>
        </cit:CI_Responsibility>
      </mri:pointOfContact>
      <mri:pointOfContact>
        <cit:CI_Responsibility>
          <cit:role>
            <cit:CI_RoleCode codeList="http://standards.iso.org/iso/19115/resources/Codelists/cat/codelists.xml#CI_RoleCode" codeListValue="custodian" />
          </cit:role>
          <cit:party>
            <cit:CI_Organisation>
              <cit:name>
                <gco:CharacterString>Direction de la Prévention des pollutions (SPW - Agriculture, Ressources naturelles et Environnement - Département de l'Environnement et de l'Eau - Direction de la Prévention des pollutions)</gco:CharacterString>
              </cit:name>
              <cit:contactInfo>
                <cit:CI_Contact>
                  <cit:address>
                    <cit:CI_Address>
                      <cit:electronicMailAddress>
                        <gco:CharacterString>dpp.dee.dgarne@spw.wallonie.be</gco:CharacterString>
                      </cit:electronicMailAddress>
                    </cit:CI_Address>
                  </cit:address>
                </cit:CI_Contact>
              </cit:contactInfo>
            </cit:CI_Organisation>
          </cit:party>
        </cit:CI_Responsibility>
      </mri:pointOfContact>
      <mri:pointOfContact>
        <cit:CI_Responsibility>
          <cit:role>
            <cit:CI_RoleCode codeList="http://standards.iso.org/iso/19115/resources/Codelists/cat/codelists.xml#CI_RoleCode" codeListValue="owner" />
          </cit:role>
          <cit:party>
            <cit:CI_Organisation>
              <cit:name>
                <gco:CharacterString>Service public de Wallonie (SPW)</gco:CharacterString>
              </cit:name>
              <cit:contactInfo>
                <cit:CI_Contact>
                  <cit:address>
                    <cit:CI_Address>
                      <cit:electronicMailAddress>
                        <gco:CharacterString>helpdesk.carto@spw.wallonie.be</gco:CharacterString>
                      </cit:electronicMailAddress>
                    </cit:CI_Address>
                  </cit:address>
                  <cit:onlineResource>
                    <cit:CI_OnlineResource>
                      <cit:linkage>
                        <gco:CharacterString>https://geoportail.wallonie.be</gco:CharacterString>
                      </cit:linkage>
                      <cit:protocol>
                        <gco:CharacterString>WWW:LINK</gco:CharacterString>
                      </cit:protocol>
                      <cit:name>
                        <gco:CharacterString>Géoportail de la Wallonie</gco:CharacterString>
                      </cit:name>
                      <cit:description>
                        <gco:CharacterString>Géoportail de la Wallonie</gco:CharacterString>
                      </cit:description>
                      <cit:function>
                        <cit:CI_OnLineFunctionCode codeList="http://standards.iso.org/iso/19115/resources/Codelists/cat/codelists.xml#CI_OnLineFunctionCode" codeListValue="information" />
                      </cit:function>
                    </cit:CI_OnlineResource>
                  </cit:onlineResource>
                </cit:CI_Contact>
              </cit:contactInfo>
            </cit:CI_Organisation>
          </cit:party>
        </cit:CI_Responsibility>
      </mri:pointOfContact>
      <mri:pointOfContact>
        <cit:CI_Responsibility>
          <cit:role>
            <cit:CI_RoleCode codeList="http://standards.iso.org/iso/19115/resources/Codelists/cat/codelists.xml#CI_RoleCode" codeListValue="processor" />
          </cit:role>
          <cit:party>
            <cit:CI_Organisation>
              <cit:name>
                <gco:CharacterString>Cellule SIG du SPW ARNE (SPW - Agriculture, Ressources naturelles et Environnement - Département de l'Étude du milieu naturel et agricole - Direction de la Coordination des Données)</gco:CharacterString>
              </cit:name>
              <cit:contactInfo>
                <cit:CI_Contact>
                  <cit:address>
                    <cit:CI_Address>
                      <cit:electronicMailAddress>
                        <gco:CharacterString>sig.dgarne@spw.wallonie.be</gco:CharacterString>
                      </cit:electronicMailAddress>
                    </cit:CI_Address>
                  </cit:address>
                </cit:CI_Contact>
              </cit:contactInfo>
            </cit:CI_Organisation>
          </cit:party>
        </cit:CI_Responsibility>
      </mri:pointOfContact>
      <mri:spatialRepresentationType>
        <mcc:MD_SpatialRepresentationTypeCode codeList="http://standards.iso.org/iso/19115/resources/Codelists/cat/codelists.xml#MD_SpatialRepresentationTypeCode" codeListValue="vector" />
      </mri:spatialRepresentationType>
      <mri:spatialResolution>
        <mri:MD_Resolution>
          <mri:equivalentScale>
            <mri:MD_RepresentativeFraction>
              <mri:denominator>
                <gco:Integer>10000</gco:Integer>
              </mri:denominator>
            </mri:MD_RepresentativeFraction>
          </mri:equivalentScale>
        </mri:MD_Resolution>
      </mri:spatialResolution>
      <mri:topicCategory>
        <mri:MD_TopicCategoryCode>environment</mri:MD_TopicCategoryCode>
      </mri:topicCategory>
      <mri:topicCategory>
        <mri:MD_TopicCategoryCode>transportation</mri:MD_TopicCategoryCode>
      </mri:topicCategory>
      <mri:extent>
        <gex:EX_Extent>
          <gex:description>
            <gco:CharacterString>Région wallonne</gco:CharacterString>
          </gex:description>
          <gex:geographicElement>
            <gex:EX_GeographicBoundingBox>
              <gex:westBoundLongitude>
                <gco:Decimal>2.75</gco:Decimal>
              </gex:westBoundLongitude>
              <gex:eastBoundLongitude>
                <gco:Decimal>6.50</gco:Decimal>
              </gex:eastBoundLongitude>
              <gex:southBoundLatitude>
                <gco:Decimal>49.45</gco:Decimal>
              </gex:southBoundLatitude>
              <gex:northBoundLatitude>
                <gco:Decimal>50.85</gco:Decimal>
              </gex:northBoundLatitude>
            </gex:EX_GeographicBoundingBox>
          </gex:geographicElement>
        </gex:EX_Extent>
      </mri:extent>
      <mri:extent>
        <gex:EX_Extent>
          <gex:temporalElement>
            <gex:EX_TemporalExtent>
              <gex:extent>
                <gml:TimePeriod gml:id="T1">
                  <gml:beginPosition>2012-01-01</gml:beginPosition>
                  <gml:endPosition>2012-12-31</gml:endPosition>
                </gml:TimePeriod>
              </gex:extent>
            </gex:EX_TemporalExtent>
          </gex:temporalElement>
        </gex:EX_Extent>
      </mri:extent>
      <mri:resourceMaintenance>
        <mmi:MD_MaintenanceInformation>
          <mmi:maintenanceAndUpdateFrequency>
            <mmi:MD_MaintenanceFrequencyCode codeList="http://standards.iso.org/iso/19115/resources/Codelists/cat/codelists.xml#MD_MaintenanceFrequencyCode" codeListValue="notPlanned" />
          </mmi:maintenanceAndUpdateFrequency>
          <mmi:maintenanceNote>
            <gco:CharacterString>Les cartes de bruit reflètent une situation à moment donné. Elles sont réévaluées  tous les 5 ans et font l'objet d'un rapportage à l'Europe ainsi que de publications tant dans le cadre de ce dernier qu'au niveau régional.</gco:CharacterString>
          </mmi:maintenanceNote>
        </mmi:MD_MaintenanceInformation>
      </mri:resourceMaintenance>
      <mri:graphicOverview>
        <mcc:MD_BrowseGraphic>
          <mcc:fileName>
            <gco:CharacterString>https://metawal.wallonie.be/geonetwork/srv/api/records/ad520048-5b21-4cb1-a55e-da9df2769c28/attachments/HH.png</gco:CharacterString>
          </mcc:fileName>
          <mcc:fileDescription>
            <gco:CharacterString>HH.png</gco:CharacterString>
          </mcc:fileDescription>
        </mcc:MD_BrowseGraphic>
      </mri:graphicOverview>
      <mri:descriptiveKeywords>
        <mri:MD_Keywords>
          <mri:keyword>
            <gcx:Anchor xlink:href="https://metawal.wallonie.be/thesaurus/theme-geoportail-wallon#SubThemesGeoportailWallon/6040">Bruit</gcx:Anchor>
          </mri:keyword>
          <mri:type>
            <mri:MD_KeywordTypeCode codeList="http://standards.iso.org/iso/19115/resources/Codelists/cat/codelists.xml#MD_KeywordTypeCode" codeListValue="theme" />
          </mri:type>
          <mri:thesaurusName>
            <cit:CI_Citation>
              <cit:title>
                <gcx:Anchor xlink:href="https://metawal.wallonie.be/thesaurus/theme-geoportail-wallon">Thèmes du géoportail wallon</gcx:Anchor>
              </cit:title>
              <cit:date>
                <cit:CI_Date>
                  <cit:date>
                    <gco:Date>2014-01-01</gco:Date>
                  </cit:date>
                  <cit:dateType>
                    <cit:CI_DateTypeCode codeList="http://standards.iso.org/iso/19115/resources/Codelists/cat/codelists.xml#CI_DateTypeCode" codeListValue="publication" />
                  </cit:dateType>
                </cit:CI_Date>
              </cit:date>
              <cit:date>
                <cit:CI_Date>
                  <cit:date>
                    <gco:Date>2014-06-26</gco:Date>
                  </cit:date>
                  <cit:dateType>
                    <cit:CI_DateTypeCode codeList="http://standards.iso.org/iso/19115/resources/Codelists/cat/codelists.xml#CI_DateTypeCode" codeListValue="publication" />
                  </cit:dateType>
                </cit:CI_Date>
              </cit:date>
              <cit:identifier>
                <mcc:MD_Identifier>
                  <mcc:code>
                    <gcx:Anchor xlink:href="https://metawal.wallonie.be/geonetwork/srv/api/registries/vocabularies/external.theme.Themes_geoportail_wallon_hierarchy">geonetwork.thesaurus.external.theme.Themes_geoportail_wallon_hierarchy</gcx:Anchor>
                  </mcc:code>
                </mcc:MD_Identifier>
              </cit:identifier>
            </cit:CI_Citation>
          </mri:thesaurusName>
        </mri:MD_Keywords>
      </mri:descriptiveKeywords>
      <mri:descriptiveKeywords>
        <mri:MD_Keywords>
          <mri:keyword>
            <gcx:Anchor xlink:href="http://inspire.ec.europa.eu/theme/hh">Santé et sécurité des personnes</gcx:Anchor>
          </mri:keyword>
          <mri:type>
            <mri:MD_KeywordTypeCode codeList="http://standards.iso.org/iso/19115/resources/Codelists/cat/codelists.xml#MD_KeywordTypeCode" codeListValue="theme" />
          </mri:type>
          <mri:thesaurusName>
            <cit:CI_Citation>
              <cit:title>
                <gcx:Anchor xlink:href="http://inspire.ec.europa.eu/theme">GEMET - INSPIRE themes, version 1.0</gcx:Anchor>
              </cit:title>
              <cit:date>
                <cit:CI_Date>
                  <cit:date>
                    <gco:Date>2008-01-01</gco:Date>
                  </cit:date>
                  <cit:dateType>
                    <cit:CI_DateTypeCode codeList="http://standards.iso.org/iso/19115/resources/Codelists/cat/codelists.xml#CI_DateTypeCode" codeListValue="publication" />
                  </cit:dateType>
                </cit:CI_Date>
              </cit:date>
              <cit:date>
                <cit:CI_Date>
                  <cit:date>
                    <gco:Date>2008-06-01</gco:Date>
                  </cit:date>
                  <cit:dateType>
                    <cit:CI_DateTypeCode codeList="http://standards.iso.org/iso/19115/resources/Codelists/cat/codelists.xml#CI_DateTypeCode" codeListValue="publication" />
                  </cit:dateType>
                </cit:CI_Date>
              </cit:date>
              <cit:identifier>
                <mcc:MD_Identifier>
                  <mcc:code>
                    <gcx:Anchor xlink:href="https://metawal.wallonie.be/geonetwork/srv/api/registries/vocabularies/external.theme.httpinspireeceuropaeutheme-theme">geonetwork.thesaurus.external.theme.httpinspireeceuropaeutheme-theme</gcx:Anchor>
                  </mcc:code>
                </mcc:MD_Identifier>
              </cit:identifier>
            </cit:CI_Citation>
          </mri:thesaurusName>
        </mri:MD_Keywords>
      </mri:descriptiveKeywords>
      <mri:descriptiveKeywords>
        <mri:MD_Keywords>
          <mri:keyword>
            <gcx:Anchor xlink:href="http://inspire.ec.europa.eu/metadata-codelist/PriorityDataset/Agglomerations-RoadsNoiseExposureDelineationDEN-dir-2002-49">Agglomerations - roads noise exposure delineation day-evening-night (Noise Directive)</gcx:Anchor>
          </mri:keyword>
          <mri:keyword>
            <gcx:Anchor xlink:href="http://inspire.ec.europa.eu/metadata-codelist/PriorityDataset/Agglomerations-dir-2002-49">Agglomerations (Noise Directive)</gcx:Anchor>
          </mri:keyword>
          <mri:keyword>
            <gcx:Anchor xlink:href="http://inspire.ec.europa.eu/metadata-codelist/PriorityDataset/dir-2002-49">Directive 2002/49/EC</gcx:Anchor>
          </mri:keyword>
          <mri:type>
            <mri:MD_KeywordTypeCode codeList="http://standards.iso.org/iso/19115/resources/Codelists/cat/codelists.xml#MD_KeywordTypeCode" codeListValue="theme" />
          </mri:type>
          <mri:thesaurusName>
            <cit:CI_Citation>
              <cit:title>
                <gcx:Anchor xlink:href="http://inspire.ec.europa.eu/metadata-codelist/PriorityDataset">INSPIRE priority data set</gcx:Anchor>
              </cit:title>
              <cit:date>
                <cit:CI_Date>
                  <cit:date>
                    <gco:Date>2018-01-01</gco:Date>
                  </cit:date>
                  <cit:dateType>
                    <cit:CI_DateTypeCode codeList="http://standards.iso.org/iso/19115/resources/Codelists/cat/codelists.xml#CI_DateTypeCode" codeListValue="publication" />
                  </cit:dateType>
                </cit:CI_Date>
              </cit:date>
              <cit:date>
                <cit:CI_Date>
                  <cit:date>
                    <gco:Date>2018-04-04</gco:Date>
                  </cit:date>
                  <cit:dateType>
                    <cit:CI_DateTypeCode codeList="http://standards.iso.org/iso/19115/resources/Codelists/cat/codelists.xml#CI_DateTypeCode" codeListValue="publication" />
                  </cit:dateType>
                </cit:CI_Date>
              </cit:date>
              <cit:identifier>
                <mcc:MD_Identifier>
                  <mcc:code>
                    <gcx:Anchor xlink:href="https://metawal.wallonie.be/geonetwork/srv/api/registries/vocabularies/external.theme.httpinspireeceuropaeumetadatacodelistPriorityDataset-PriorityDataset">geonetwork.thesaurus.external.theme.httpinspireeceuropaeumetadatacodelistPriorityDataset-PriorityDataset</gcx:Anchor>
                  </mcc:code>
                </mcc:MD_Identifier>
              </cit:identifier>
            </cit:CI_Citation>
          </mri:thesaurusName>
        </mri:MD_Keywords>
      </mri:descriptiveKeywords>
      <mri:descriptiveKeywords>
        <mri:MD_Keywords>
          <mri:keyword>
            <gco:CharacterString>bruit, vibrations</gco:CharacterString>
          </mri:keyword>
          <mri:keyword>
            <gco:CharacterString>transport</gco:CharacterString>
          </mri:keyword>
          <mri:keyword>
            <gco:CharacterString>pollution</gco:CharacterString>
          </mri:keyword>
          <mri:keyword>
            <gco:CharacterString>santé humaine</gco:CharacterString>
          </mri:keyword>
          <mri:type>
            <mri:MD_KeywordTypeCode codeList="http://standards.iso.org/iso/19115/resources/Codelists/cat/codelists.xml#MD_KeywordTypeCode" codeListValue="theme" />
          </mri:type>
          <mri:thesaurusName>
            <cit:CI_Citation>
              <cit:title>
                <gcx:Anchor xlink:href="http://geonetwork-opensource.org/gemet-theme">GEMET themes</gcx:Anchor>
              </cit:title>
              <cit:date>
                <cit:CI_Date>
                  <cit:date>
                    <gco:Date>2009-01-01</gco:Date>
                  </cit:date>
                  <cit:dateType>
                    <cit:CI_DateTypeCode codeList="http://standards.iso.org/iso/19115/resources/Codelists/cat/codelists.xml#CI_DateTypeCode" codeListValue="publication" />
                  </cit:dateType>
                </cit:CI_Date>
              </cit:date>
              <cit:date>
                <cit:CI_Date>
                  <cit:date>
                    <gco:Date>2009-09-22</gco:Date>
                  </cit:date>
                  <cit:dateType>
                    <cit:CI_DateTypeCode codeList="http://standards.iso.org/iso/19115/resources/Codelists/cat/codelists.xml#CI_DateTypeCode" codeListValue="publication" />
                  </cit:dateType>
                </cit:CI_Date>
              </cit:date>
              <cit:identifier>
                <mcc:MD_Identifier>
                  <mcc:code>
                    <gcx:Anchor xlink:href="https://metawal.wallonie.be/geonetwork/srv/api/registries/vocabularies/external.theme.gemet-theme">geonetwork.thesaurus.external.theme.gemet-theme</gcx:Anchor>
                  </mcc:code>
                </mcc:MD_Identifier>
              </cit:identifier>
            </cit:CI_Citation>
          </mri:thesaurusName>
        </mri:MD_Keywords>
      </mri:descriptiveKeywords>
      <mri:descriptiveKeywords>
        <mri:MD_Keywords>
          <mri:keyword>
            <gco:CharacterString>véhicule</gco:CharacterString>
          </mri:keyword>
          <mri:keyword>
            <gco:CharacterString>lutte contre le bruit routier</gco:CharacterString>
          </mri:keyword>
          <mri:keyword>
            <gco:CharacterString>type de bruit</gco:CharacterString>
          </mri:keyword>
          <mri:keyword>
            <gco:CharacterString>trafic routier</gco:CharacterString>
          </mri:keyword>
          <mri:keyword>
            <gco:CharacterString>route à grande circulation</gco:CharacterString>
          </mri:keyword>
          <mri:keyword>
            <gco:CharacterString>route</gco:CharacterString>
          </mri:keyword>
          <mri:keyword>
            <gco:CharacterString>autoroute</gco:CharacterString>
          </mri:keyword>
          <mri:keyword>
            <gco:CharacterString>réseau routier</gco:CharacterString>
          </mri:keyword>
          <mri:keyword>
            <gco:CharacterString>agglomération</gco:CharacterString>
          </mri:keyword>
          <mri:keyword>
            <gco:CharacterString>stress urbain</gco:CharacterString>
          </mri:keyword>
          <mri:keyword>
            <gco:CharacterString>cartographie</gco:CharacterString>
          </mri:keyword>
          <mri:keyword>
            <gco:CharacterString>polluant sonore</gco:CharacterString>
          </mri:keyword>
          <mri:keyword>
            <gco:CharacterString>trouble du sommeil</gco:CharacterString>
          </mri:keyword>
          <mri:keyword>
            <gco:CharacterString>bruit urbain</gco:CharacterString>
          </mri:keyword>
          <mri:keyword>
            <gco:CharacterString>trafic urbain</gco:CharacterString>
          </mri:keyword>
          <mri:keyword>
            <gco:CharacterString>santé publique</gco:CharacterString>
          </mri:keyword>
          <mri:keyword>
            <gco:CharacterString>bruit</gco:CharacterString>
          </mri:keyword>
          <mri:keyword>
            <gco:CharacterString>décibel</gco:CharacterString>
          </mri:keyword>
          <mri:keyword>
            <gco:CharacterString>bruit de roulement</gco:CharacterString>
          </mri:keyword>
          <mri:keyword>
            <gco:CharacterString>bruit et santé</gco:CharacterString>
          </mri:keyword>
          <mri:keyword>
            <gco:CharacterString>niveau sonore</gco:CharacterString>
          </mri:keyword>
          <mri:keyword>
            <gco:CharacterString>niveau sonore</gco:CharacterString>
          </mri:keyword>
          <mri:keyword>
            <gco:CharacterString>bruit routier</gco:CharacterString>
          </mri:keyword>
          <mri:keyword>
            <gco:CharacterString>mesure du bruit</gco:CharacterString>
          </mri:keyword>
          <mri:keyword>
            <gco:CharacterString>plan d'exposition au bruit</gco:CharacterString>
          </mri:keyword>
          <mri:keyword>
            <gco:CharacterString>directive de la CE</gco:CharacterString>
          </mri:keyword>
          <mri:keyword>
            <gco:CharacterString>mesure du niveau sonore</gco:CharacterString>
          </mri:keyword>
          <mri:keyword>
            <gco:CharacterString>santé humaine</gco:CharacterString>
          </mri:keyword>
          <mri:keyword>
            <gco:CharacterString>zone urbaine</gco:CharacterString>
          </mri:keyword>
          <mri:keyword>
            <gco:CharacterString>train</gco:CharacterString>
          </mri:keyword>
          <mri:keyword>
            <gco:CharacterString>nuisance sonore</gco:CharacterString>
          </mri:keyword>
          <mri:keyword>
            <gco:CharacterString>nuisance sonore</gco:CharacterString>
          </mri:keyword>
          <mri:type>
            <mri:MD_KeywordTypeCode codeList="http://standards.iso.org/iso/19115/resources/Codelists/cat/codelists.xml#MD_KeywordTypeCode" codeListValue="theme" />
          </mri:type>
          <mri:thesaurusName>
            <cit:CI_Citation>
              <cit:title>
                <gcx:Anchor xlink:href="http://geonetwork-opensource.org/gemet">GEMET</gcx:Anchor>
              </cit:title>
              <cit:date>
                <cit:CI_Date>
                  <cit:date>
                    <gco:Date>2009-01-01</gco:Date>
                  </cit:date>
                  <cit:dateType>
                    <cit:CI_DateTypeCode codeList="http://standards.iso.org/iso/19115/resources/Codelists/cat/codelists.xml#CI_DateTypeCode" codeListValue="publication" />
                  </cit:dateType>
                </cit:CI_Date>
              </cit:date>
              <cit:date>
                <cit:CI_Date>
                  <cit:date>
                    <gco:Date>2009-09-22</gco:Date>
                  </cit:date>
                  <cit:dateType>
                    <cit:CI_DateTypeCode codeList="http://standards.iso.org/iso/19115/resources/Codelists/cat/codelists.xml#CI_DateTypeCode" codeListValue="publication" />
                  </cit:dateType>
                </cit:CI_Date>
              </cit:date>
              <cit:identifier>
                <mcc:MD_Identifier>
                  <mcc:code>
                    <gcx:Anchor xlink:href="https://metawal.wallonie.be/geonetwork/srv/api/registries/vocabularies/external.theme.gemet">geonetwork.thesaurus.external.theme.gemet</gcx:Anchor>
                  </mcc:code>
                </mcc:MD_Identifier>
              </cit:identifier>
            </cit:CI_Citation>
          </mri:thesaurusName>
        </mri:MD_Keywords>
      </mri:descriptiveKeywords>
      <mri:descriptiveKeywords>
        <mri:MD_Keywords>
          <mri:keyword>
            <gco:CharacterString>INSPIRE Priority Dataset</gco:CharacterString>
          </mri:keyword>
          <mri:keyword>
            <gco:CharacterString>BDInfraSIG</gco:CharacterString>
          </mri:keyword>
          <mri:keyword>
            <gco:CharacterString>Reporting INSPIRE</gco:CharacterString>
          </mri:keyword>
          <mri:type>
            <mri:MD_KeywordTypeCode codeList="http://standards.iso.org/iso/19115/resources/Codelists/cat/codelists.xml#MD_KeywordTypeCode" codeListValue="theme" />
          </mri:type>
          <mri:thesaurusName>
            <cit:CI_Citation>
              <cit:title>
                <gcx:Anchor xlink:href="https://metawal.wallonie.be/thesaurus/infrasig">Mots-clés InfraSIG</gcx:Anchor>
              </cit:title>
              <cit:date>
                <cit:CI_Date>
                  <cit:date>
                    <gco:Date>2022-10-03</gco:Date>
                  </cit:date>
                  <cit:dateType>
                    <cit:CI_DateTypeCode codeList="http://standards.iso.org/iso/19115/resources/Codelists/cat/codelists.xml#CI_DateTypeCode" codeListValue="publication" />
                  </cit:dateType>
                </cit:CI_Date>
              </cit:date>
              <cit:date>
                <cit:CI_Date>
                  <cit:date>
                    <gco:Date>2022-10-03</gco:Date>
                  </cit:date>
                  <cit:dateType>
                    <cit:CI_DateTypeCode codeList="http://standards.iso.org/iso/19115/resources/Codelists/cat/codelists.xml#CI_DateTypeCode" codeListValue="publication" />
                  </cit:dateType>
                </cit:CI_Date>
              </cit:date>
              <cit:identifier>
                <mcc:MD_Identifier>
                  <mcc:code>
                    <gcx:Anchor xlink:href="https://metawal.wallonie.be/geonetwork/srv/api/registries/vocabularies/external.theme.infraSIG">geonetwork.thesaurus.external.theme.infraSIG</gcx:Anchor>
                  </mcc:code>
                </mcc:MD_Identifier>
              </cit:identifier>
            </cit:CI_Citation>
          </mri:thesaurusName>
        </mri:MD_Keywords>
      </mri:descriptiveKeywords>
      <mri:descriptiveKeywords>
        <mri:MD_Keywords>
          <mri:keyword>
            <gco:CharacterString>Directive européenne 2002/49/CE</gco:CharacterString>
          </mri:keyword>
          <mri:keyword>
            <gco:CharacterString>trafic routier</gco:CharacterString>
          </mri:keyword>
          <mri:keyword>
            <gco:CharacterString>END</gco:CharacterString>
          </mri:keyword>
          <mri:keyword>
            <gco:CharacterString>Environmental Noise Directive</gco:CharacterString>
          </mri:keyword>
          <mri:keyword>
            <gco:CharacterString>passage</gco:CharacterString>
          </mri:keyword>
          <mri:keyword>
            <gco:CharacterString>Lden</gco:CharacterString>
          </mri:keyword>
          <mri:keyword>
            <gco:CharacterString>Lnight</gco:CharacterString>
          </mri:keyword>
          <mri:keyword>
            <gco:CharacterString>Charleroi</gco:CharacterString>
          </mri:keyword>
          <mri:keyword>
            <gco:CharacterString>Liège</gco:CharacterString>
          </mri:keyword>
          <mri:keyword>
            <gco:CharacterString>axe routier</gco:CharacterString>
          </mri:keyword>
          <mri:keyword>
            <gco:CharacterString>road</gco:CharacterString>
          </mri:keyword>
          <mri:keyword>
            <gco:CharacterString>REF_PICC</gco:CharacterString>
          </mri:keyword>
          <mri:type>
            <mri:MD_KeywordTypeCode codeList="http://standards.iso.org/iso/19115/resources/Codelists/cat/codelists.xml#MD_KeywordTypeCode" codeListValue="theme" />
          </mri:type>
        </mri:MD_Keywords>
      </mri:descriptiveKeywords>
      <mri:descriptiveKeywords>
        <mri:MD_Keywords>
          <mri:keyword>
            <gcx:Anchor xlink:href="http://inspire.ec.europa.eu/metadata-codelist/SpatialScope/regional">Régional</gcx:Anchor>
          </mri:keyword>
          <mri:type>
            <mri:MD_KeywordTypeCode codeList="http://standards.iso.org/iso/19115/resources/Codelists/cat/codelists.xml#MD_KeywordTypeCode" codeListValue="theme" />
          </mri:type>
          <mri:thesaurusName>
            <cit:CI_Citation>
              <cit:title>
                <gcx:Anchor xlink:href="http://inspire.ec.europa.eu/metadata-codelist/SpatialScope">Champ géographique</gcx:Anchor>
              </cit:title>
              <cit:date>
                <cit:CI_Date>
                  <cit:date>
                    <gco:Date>2019-01-01</gco:Date>
                  </cit:date>
                  <cit:dateType>
                    <cit:CI_DateTypeCode codeList="http://standards.iso.org/iso/19115/resources/Codelists/cat/codelists.xml#CI_DateTypeCode" codeListValue="publication" />
                  </cit:dateType>
                </cit:CI_Date>
              </cit:date>
              <cit:date>
                <cit:CI_Date>
                  <cit:date>
                    <gco:Date>2019-05-22</gco:Date>
                  </cit:date>
                  <cit:dateType>
                    <cit:CI_DateTypeCode codeList="http://standards.iso.org/iso/19115/resources/Codelists/cat/codelists.xml#CI_DateTypeCode" codeListValue="publication" />
                  </cit:dateType>
                </cit:CI_Date>
              </cit:date>
              <cit:identifier>
                <mcc:MD_Identifier>
                  <mcc:code>
                    <gcx:Anchor xlink:href="https://metawal.wallonie.be/geonetwork/srv/api/registries/vocabularies/external.theme.httpinspireeceuropaeumetadatacodelistSpatialScope-SpatialScope">geonetwork.thesaurus.external.theme.httpinspireeceuropaeumetadatacodelistSpatialScope-SpatialScope</gcx:Anchor>
                  </mcc:code>
                </mcc:MD_Identifier>
              </cit:identifier>
            </cit:CI_Citation>
          </mri:thesaurusName>
        </mri:MD_Keywords>
      </mri:descriptiveKeywords>
      <mri:descriptiveKeywords>
        <mri:MD_Keywords>
          <mri:keyword>
            <gco:CharacterString>Observation de la terre et environnement</gco:CharacterString>
          </mri:keyword>
          <mri:type>
            <mri:MD_KeywordTypeCode codeList="http://standards.iso.org/iso/19115/resources/Codelists/cat/codelists.xml#MD_KeywordTypeCode" codeListValue="theme" />
          </mri:type>
          <mri:thesaurusName>
            <cit:CI_Citation>
              <cit:title>
                <gcx:Anchor xlink:href="http://data.europa.eu/bna/asd487ae75">High-value dataset categories</gcx:Anchor>
              </cit:title>
              <cit:date>
                <cit:CI_Date>
                  <cit:date>
                    <gco:Date>2023-10-05</gco:Date>
                  </cit:date>
                  <cit:dateType>
                    <cit:CI_DateTypeCode codeList="http://standards.iso.org/iso/19115/resources/Codelists/cat/codelists.xml#CI_DateTypeCode" codeListValue="publication" />
                  </cit:dateType>
                </cit:CI_Date>
              </cit:date>
              <cit:date>
                <cit:CI_Date>
                  <cit:date>
                    <gco:Date>2023-10-05</gco:Date>
                  </cit:date>
                  <cit:dateType>
                    <cit:CI_DateTypeCode codeList="http://standards.iso.org/iso/19115/resources/Codelists/cat/codelists.xml#CI_DateTypeCode" codeListValue="publication" />
                  </cit:dateType>
                </cit:CI_Date>
              </cit:date>
              <cit:identifier>
                <mcc:MD_Identifier>
                  <mcc:code>
                    <gcx:Anchor xlink:href="https://metawal.wallonie.be/geonetwork/srv/api/registries/vocabularies/external.theme.high-value-dataset-category">geonetwork.thesaurus.external.theme.high-value-dataset-category</gcx:Anchor>
                  </mcc:code>
                </mcc:MD_Identifier>
              </cit:identifier>
            </cit:CI_Citation>
          </mri:thesaurusName>
        </mri:MD_Keywords>
      </mri:descriptiveKeywords>
      <mri:descriptiveKeywords>
        <mri:MD_Keywords>
          <mri:keyword>
            <gco:CharacterString>2023/138</gco:CharacterString>
          </mri:keyword>
          <mri:type>
            <mri:MD_KeywordTypeCode codeList="http://standards.iso.org/iso/19115/resources/Codelists/cat/codelists.xml#MD_KeywordTypeCode" codeListValue="theme" />
          </mri:type>
          <mri:thesaurusName>
            <cit:CI_Citation>
              <cit:title>
                <gcx:Anchor xlink:href="http://data.europa.eu/r5r/applicableLegislation">High-value dataset applicable legislations</gcx:Anchor>
              </cit:title>
              <cit:date>
                <cit:CI_Date>
                  <cit:date>
                    <gco:Date>2024-04-18</gco:Date>
                  </cit:date>
                  <cit:dateType>
                    <cit:CI_DateTypeCode codeList="http://standards.iso.org/iso/19115/resources/Codelists/cat/codelists.xml#CI_DateTypeCode" codeListValue="publication" />
                  </cit:dateType>
                </cit:CI_Date>
              </cit:date>
              <cit:date>
                <cit:CI_Date>
                  <cit:date>
                    <gco:Date>2024-04-18</gco:Date>
                  </cit:date>
                  <cit:dateType>
                    <cit:CI_DateTypeCode codeList="http://standards.iso.org/iso/19115/resources/Codelists/cat/codelists.xml#CI_DateTypeCode" codeListValue="publication" />
                  </cit:dateType>
                </cit:CI_Date>
              </cit:date>
              <cit:identifier>
                <mcc:MD_Identifier>
                  <mcc:code>
                    <gcx:Anchor xlink:href="https://metawal.wallonie.be/geonetwork/srv/api/registries/vocabularies/external.theme.high-value-dataset-applicable-legislation">geonetwork.thesaurus.external.theme.high-value-dataset-applicable-legislation</gcx:Anchor>
                  </mcc:code>
                </mcc:MD_Identifier>
              </cit:identifier>
            </cit:CI_Citation>
          </mri:thesaurusName>
        </mri:MD_Keywords>
      </mri:descriptiveKeywords>
      <mri:resourceConstraints>
        <mco:MD_LegalConstraints>
          <mco:accessConstraints>
            <mco:MD_RestrictionCode codeList="http://standards.iso.org/iso/19115/resources/Codelists/cat/codelists.xml#MD_RestrictionCode" codeListValue="otherRestrictions" />
          </mco:accessConstraints>
          <mco:otherConstraints>
            <gcx:Anchor xlink:href="http://inspire.ec.europa.eu/metadata-codelist/LimitationsOnPublicAccess/noLimitations">No limitations to public access</gcx:Anchor>
          </mco:otherConstraints>
        </mco:MD_LegalConstraints>
      </mri:resourceConstraints>
      <mri:resourceConstraints>
        <mco:MD_LegalConstraints>
          <mco:useLimitation>
            <gco:CharacterString>Conditions d'accès et d'utilisation spécifiques</gco:CharacterString>
          </mco:useLimitation>
          <mco:useConstraints>
            <mco:MD_RestrictionCode codeList="http://standards.iso.org/iso/19115/resources/Codelists/cat/codelists.xml#MD_RestrictionCode" codeListValue="otherRestrictions" />
          </mco:useConstraints>
          <mco:otherConstraints>
            <gcx:Anchor xlink:href="https://geoportail.wallonie.be/files/documents/ConditionsSPW/DataSPW-CGU.pdf">Les conditions générales d'utilisation s'appliquent.</gcx:Anchor>
          </mco:otherConstraints>
          <mco:otherConstraints>
            <gcx:Anchor xlink:href="https://geoportail.wallonie.be/files/documents/ConditionsSPW/DataSPW-CGA.pdf">Les conditions générales d'accès s’appliquent.</gcx:Anchor>
          </mco:otherConstraints>
        </mco:MD_LegalConstraints>
      </mri:resourceConstraints>
      <mri:defaultLocale>
        <lan:PT_Locale>
          <lan:language>
            <lan:LanguageCode codeList="http://www.loc.gov/standards/iso639-2/" codeListValue="fre" />
          </lan:language>
          <lan:characterEncoding>
            <lan:MD_CharacterSetCode codeList="http://standards.iso.org/iso/19115/resources/Codelists/cat/codelists.xml#MD_CharacterSetCode" codeListValue="utf8" />
          </lan:characterEncoding>
        </lan:PT_Locale>
      </mri:defaultLocale>
    </mri:MD_DataIdentification>
  </mdb:identificationInfo>
  <mdb:distributionInfo>
    <mrd:MD_Distribution>
      <mrd:distributionFormat>
        <mrd:MD_Format>
          <mrd:formatSpecificationCitation>
            <cit:CI_Citation>
              <cit:title>
                <gcx:Anchor xlink:href="https://www.iana.org/assignments/media-types/application/gml+xml">GML (.gml)</gcx:Anchor>
              </cit:title>
              <cit:date gco:nilReason="unknown" />
              <cit:edition>
                <gco:CharacterString>-</gco:CharacterString>
              </cit:edition>
            </cit:CI_Citation>
          </mrd:formatSpecificationCitation>
        </mrd:MD_Format>
      </mrd:distributionFormat>
      <mrd:distributor>
        <mrd:MD_Distributor>
          <mrd:distributorContact>
            <cit:CI_Responsibility>
              <cit:role>
                <cit:CI_RoleCode codeList="http://standards.iso.org/iso/19115/resources/Codelists/cat/codelists.xml#CI_RoleCode" codeListValue="distributor" />
              </cit:role>
              <cit:party>
                <cit:CI_Organisation>
                  <cit:name>
                    <gco:CharacterString>Service public de Wallonie (SPW)</gco:CharacterString>
                  </cit:name>
                  <cit:contactInfo>
                    <cit:CI_Contact>
                      <cit:address>
                        <cit:CI_Address>
                          <cit:electronicMailAddress>
                            <gco:CharacterString>helpdesk.carto@spw.wallonie.be</gco:CharacterString>
                          </cit:electronicMailAddress>
                        </cit:CI_Address>
                      </cit:address>
                    </cit:CI_Contact>
                  </cit:contactInfo>
                </cit:CI_Organisation>
              </cit:party>
            </cit:CI_Responsibility>
          </mrd:distributorContact>
          <mrd:distributionOrderProcess>
            <mrd:MD_StandardOrderProcess>
              <mrd:orderingInstructions>
                <gco:CharacterString>L’utilisation des géoservices est à privilégier. Les instructions pour obtenir une copie physique d’une donnée sont détaillées sur https://geoportail.wallonie.be/telecharger.</gco:CharacterString>
              </mrd:orderingInstructions>
            </mrd:MD_StandardOrderProcess>
          </mrd:distributionOrderProcess>
        </mrd:MD_Distributor>
      </mrd:distributor>
      <mrd:transferOptions>
        <mrd:MD_DigitalTransferOptions>
          <mrd:onLine>
            <cit:CI_OnlineResource>
              <cit:linkage>
                <gco:CharacterString>https://geoservices.wallonie.be/geoserver/inspire_hh/ows?service=WMS&amp;version=1.3.0&amp;request=GetCapabilities</gco:CharacterString>
              </cit:linkage>
              <cit:protocol>
                <gco:CharacterString>OGC:WMS</gco:CharacterString>
              </cit:protocol>
              <cit:name>
                <gco:CharacterString>Service de visualisation WMS INSPIRE - Santé et sécurité des personnes en Wallonie (BE)</gco:CharacterString>
              </cit:name>
            </cit:CI_OnlineResource>
          </mrd:onLine>
        </mrd:MD_DigitalTransferOptions>
      </mrd:transferOptions>
      <mrd:transferOptions>
        <mrd:MD_DigitalTransferOptions>
          <mrd:onLine>
            <cit:CI_OnlineResource>
              <cit:linkage>
                <gco:CharacterString>https://geoservices.wallonie.be/inspire/atom/HH_Service.xml</gco:CharacterString>
              </cit:linkage>
              <cit:protocol>
                <gco:CharacterString>atom:feed</gco:CharacterString>
              </cit:protocol>
              <cit:name>
                <gco:CharacterString>Service de téléchargement INSPIRE - Santé et sécurité des personnes en Wallonie (BE)</gco:CharacterString>
              </cit:name>
            </cit:CI_OnlineResource>
          </mrd:onLine>
        </mrd:MD_DigitalTransferOptions>
      </mrd:transferOptions>
    </mrd:MD_Distribution>
  </mdb:distributionInfo>
  <mdb:dataQualityInfo>
    <mdq:DQ_DataQuality>
      <mdq:scope>
        <mcc:MD_Scope>
          <mcc:level>
            <mcc:MD_ScopeCode codeList="http://standards.iso.org/iso/19115/resources/Codelists/cat/codelists.xml#MD_ScopeCode" codeListValue="dataset" />
          </mcc:level>
        </mcc:MD_Scope>
      </mdq:scope>
      <mdq:report>
        <mdq:DQ_DomainConsistency>
          <mdq:result>
            <mdq:DQ_ConformanceResult>
              <mdq:specification xlink:href="http://inspire.ec.europa.eu/id/citation/ir/reg-1089-2010">
                <cit:CI_Citation>
                  <cit:title xmlns:gts="http://www.isotc211.org/2005/gts" xmlns:dqm="http://standards.iso.org/iso/19157/-2/dqm/1.0">
                    <gcx:Anchor xlink:href="http://data.europa.eu/eli/reg/2010/1089">RÈGLEMENT (UE) N o 1089/2010 DE LA COMMISSION du 23 novembre 2010 portant modalités d'application de la directive 2007/2/CE du Parlement européen et du Conseil en ce qui concerne l'interopérabilité des séries et des services de données géographiques</gcx:Anchor>
                  </cit:title>
                  <cit:date>
                    <cit:CI_Date>
                      <cit:date>
                        <gco:Date>2010-12-08</gco:Date>
                      </cit:date>
                      <cit:dateType>
                        <cit:CI_DateTypeCode xmlns:gts="http://www.isotc211.org/2005/gts" xmlns:dqm="http://standards.iso.org/iso/19157/-2/dqm/1.0" codeList="http://standards.iso.org/iso/19115/resources/Codelists/cat/codelists.xml#CI_DateTypeCode" codeListValue="publication" />
                      </cit:dateType>
                    </cit:CI_Date>
                  </cit:date>
                </cit:CI_Citation>
              </mdq:specification>
              <mdq:explanation xmlns:gts="http://www.isotc211.org/2005/gts" xmlns:dqm="http://standards.iso.org/iso/19157/-2/dqm/1.0">
                <gco:CharacterString>Voir la spécification référencée</gco:CharacterString>
              </mdq:explanation>
              <mdq:pass>
                <gco:Boolean xmlns:gts="http://www.isotc211.org/2005/gts" xmlns:dqm="http://standards.iso.org/iso/19157/-2/dqm/1.0">true</gco:Boolean>
              </mdq:pass>
            </mdq:DQ_ConformanceResult>
          </mdq:result>
        </mdq:DQ_DomainConsistency>
      </mdq:report>
      <mdq:report>
        <mdq:DQ_DomainConsistency>
          <mdq:result>
            <mdq:DQ_ConformanceResult>
              <mdq:specification>
                <cit:CI_Citation>
                  <cit:title xmlns:gts="http://www.isotc211.org/2005/gts" xmlns:dqm="http://standards.iso.org/iso/19157/-2/dqm/1.0">
                    <gcx:Anchor xlink:href="https://inspire.ec.europa.eu/id/document/tg/hh">INSPIRE Data Specification on Human Health and Safety – Technical Guidelines, version 3.0</gcx:Anchor>
                  </cit:title>
                  <cit:date>
                    <cit:CI_Date>
                      <cit:date>
                        <gco:Date>2013-12-10</gco:Date>
                      </cit:date>
                      <cit:dateType>
                        <cit:CI_DateTypeCode xmlns:gts="http://www.isotc211.org/2005/gts" xmlns:dqm="http://standards.iso.org/iso/19157/-2/dqm/1.0" codeList="http://standards.iso.org/iso/19115/resources/Codelists/cat/codelists.xml#CI_DateTypeCode" codeListValue="publication" />
                      </cit:dateType>
                    </cit:CI_Date>
                  </cit:date>
                </cit:CI_Citation>
              </mdq:specification>
              <mdq:explanation xmlns:gts="http://www.isotc211.org/2005/gts" xmlns:dqm="http://standards.iso.org/iso/19157/-2/dqm/1.0">
                <gco:CharacterString>Voir la spécification référencée</gco:CharacterString>
              </mdq:explanation>
              <mdq:pass>
                <gco:Boolean xmlns:gts="http://www.isotc211.org/2005/gts" xmlns:dqm="http://standards.iso.org/iso/19157/-2/dqm/1.0">true</gco:Boolean>
              </mdq:pass>
            </mdq:DQ_ConformanceResult>
          </mdq:result>
        </mdq:DQ_DomainConsistency>
      </mdq:report>
    </mdq:DQ_DataQuality>
  </mdb:dataQualityInfo>
  <mdb:resourceLineage>
    <mrl:LI_Lineage>
      <mrl:statement>
        <gco:CharacterString>Les informations généalogiques propres à la constitution de cette couche de données sont référencées dans la fiche de métadonnées de la série de couches de données.

https://geoportail.wallonie.be/catalogue/ed9077c2-d5b8-4f57-99db-51aedb5662fc.html</gco:CharacterString>
      </mrl:statement>
      <mrl:scope>
        <mcc:MD_Scope>
          <mcc:level>
            <mcc:MD_ScopeCode codeList="http://standards.iso.org/iso/19115/resources/Codelists/cat/codelists.xml#MD_ScopeCode" codeListValue="dataset" />
          </mcc:level>
        </mcc:MD_Scope>
      </mrl:scope>
      <mrl:source uuidref="e8d5692d-56f0-45b0-9e4f-b5d4486b9586" xlink:title="Niveau de Bruit Lden des axes routiers dans les grandes agglomérations wallonnes - Rapportage 2012" xlink:href="https://metawal.wallonie.be/geonetwork/srv/api/records/e8d5692d-56f0-45b0-9e4f-b5d4486b9586" />
    </mrl:LI_Lineage>
  </mdb:resourceLineage>
</mdb:MD_Metadata>