<?xml version="1.0" encoding="UTF-8"?>
<info version="1.1">
  <general>
    <createDate>2020-11-17T15:08:25Z</createDate>
    <changeDate>2024-03-18T10:13:45.877Z</changeDate>
    <schema>iso19115-3.2018</schema>
    <isTemplate>n</isTemplate>
    <localId>169</localId>
    <format>full</format>
    <rating>0</rating>
    <popularity>2007</popularity>
    <uuid>594af8f3-6dff-43f1-befb-fe450c93e676</uuid>
    <siteId>3bef299d-cf82-4033-871b-875f6936b2e2</siteId>
    <siteName>GeoNetwork-UI Test Instance</siteName>
  </general>
  <categories />
  <privileges>
    <group name="all">
      <operation name="view" />
      <operation name="download" />
      <operation name="dynamic" />
    </group>
  </privileges>
  <public />
  <private />
</info>

