<?xml version="1.0" encoding="UTF-8"?>
<info version="1.1">
  <general>
    <createDate>2020-11-18T14:49:30Z</createDate>
    <changeDate>2024-02-27T08:03:14.859Z</changeDate>
    <schema>iso19115-3.2018</schema>
    <isTemplate>n</isTemplate>
    <localId>167</localId>
    <format>full</format>
    <rating>0</rating>
    <popularity>1530</popularity>
    <uuid>3b6e9057-e807-448b-a32b-2733785ea91e</uuid>
    <siteId>3bef299d-cf82-4033-871b-875f6936b2e2</siteId>
    <siteName>GeoNetwork-UI Test Instance</siteName>
  </general>
  <categories />
  <privileges>
    <group name="all">
      <operation name="view" />
      <operation name="download" />
      <operation name="dynamic" />
    </group>
  </privileges>
  <public />
  <private />
</info>

