<?xml version="1.0" encoding="UTF-8"?>
<gfc:FC_FeatureCatalogue xmlns:gfc="http://www.isotc211.org/2005/gfc" xmlns:gco="http://www.isotc211.org/2005/gco" xmlns:gmd="http://www.isotc211.org/2005/gmd" xmlns:geonet="http://www.fao.org/geonetwork" xmlns:xsi="http://www.w3.org/2001/XMLSchema-instance" uuid="bd6743db-3ea9-41ee-9e93-aad6e7d316ec" xsi:schemaLocation="http://www.isotc211.org/2005/gfc http://www.isotc211.org/2005/gfc/gfc.xsd">
  <gmx:name xmlns:gmx="http://www.isotc211.org/2005/gmx">
    <gco:CharacterString>Dictionnaire de données - Lycées de Picardie - localisés à l'adresse</gco:CharacterString>
  </gmx:name>
  <gfc:scope>
    <gco:CharacterString>N:\\data93\\Picardie\\Education_formation\\lycees_L93.shp</gco:CharacterString>
  </gfc:scope>
  <gmx:versionDate xmlns:gmx="http://www.isotc211.org/2005/gmx">
    <gco:DateTime xmlns:gml="http://www.opengis.net/gml">2015-10-09T10:36:32</gco:DateTime>
  </gmx:versionDate>
  <gfc:producer>
    <gmd:CI_ResponsibleParty>
      <gmd:individualName>
        <gco:CharacterString />
      </gmd:individualName>
      <gmd:organisationName>
        <gco:CharacterString>Région Picardie</gco:CharacterString>
      </gmd:organisationName>
      <gmd:positionName>
        <gco:CharacterString />
      </gmd:positionName>
      <gmd:contactInfo>
        <gmd:CI_Contact>
          <gmd:address>
            <gmd:CI_Address>
              <gmd:electronicMailAddress>
                <gco:CharacterString>sig@cr-picardie.fr</gco:CharacterString>
              </gmd:electronicMailAddress>
            </gmd:CI_Address>
          </gmd:address>
          <gmd:contactInstructions>
            <gmx:FileName xmlns:gmx="http://www.isotc211.org/2005/gmx" src="https://www.geo2france.fr/geonetwork/images/harvesting/logo_Region.png" />
          </gmd:contactInstructions>
        </gmd:CI_Contact>
      </gmd:contactInfo>
      <gmd:role>
        <gmd:CI_RoleCode codeList="" codeListValue="custodian" />
      </gmd:role>
    </gmd:CI_ResponsibleParty>
  </gfc:producer>
  <gfc:featureType>
    <gfc:FC_FeatureType id="">
      <gfc:typeName>
        <gco:LocalName>Lycées de Picardie - localisés à l'adresse</gco:LocalName>
      </gfc:typeName>
      <gfc:definition>
        <gco:CharacterString>Représentation ponctuelle d'un lycée</gco:CharacterString>
      </gfc:definition>
      <gfc:isAbstract>
        <gco:Boolean>false</gco:Boolean>
      </gfc:isAbstract>
      <gfc:aliases>
        <gco:LocalName />
      </gfc:aliases>
      <gfc:featureCatalogue xmlns:xlink="http://www.w3.org/1999/xlink" xlink:href="#" />
      <gfc:carrierOfCharacteristics>
        <gfc:FC_FeatureAttribute>
          <gfc:memberName>
            <gco:LocalName>OBJECTID</gco:LocalName>
          </gfc:memberName>
          <gfc:definition>
            <gco:CharacterString>Identifiant interne</gco:CharacterString>
          </gfc:definition>
          <gfc:cardinality>
            <gco:Multiplicity>
              <gco:range>
                <gco:MultiplicityRange>
                  <gco:lower>
                    <gco:Integer>1</gco:Integer>
                  </gco:lower>
                  <gco:upper>
                    <gco:UnlimitedInteger isInfinite="false" xsi:nil="false">1</gco:UnlimitedInteger>
                  </gco:upper>
                </gco:MultiplicityRange>
              </gco:range>
            </gco:Multiplicity>
          </gfc:cardinality>
          <gfc:featureType />
          <gfc:valueType>
            <gco:TypeName>
              <gco:aName>
                <gco:CharacterString>SERIAL</gco:CharacterString>
              </gco:aName>
            </gco:TypeName>
          </gfc:valueType>
        </gfc:FC_FeatureAttribute>
      </gfc:carrierOfCharacteristics>
      <gfc:carrierOfCharacteristics>
        <gfc:FC_FeatureAttribute>
          <gfc:memberName>
            <gco:LocalName>ETABLISSEM</gco:LocalName>
          </gfc:memberName>
          <gfc:definition>
            <gco:CharacterString>Nom de l'établissement</gco:CharacterString>
          </gfc:definition>
          <gfc:cardinality>
            <gco:Multiplicity>
              <gco:range>
                <gco:MultiplicityRange>
                  <gco:lower>
                    <gco:Integer>1</gco:Integer>
                  </gco:lower>
                  <gco:upper>
                    <gco:UnlimitedInteger isInfinite="false" xsi:nil="false">1</gco:UnlimitedInteger>
                  </gco:upper>
                </gco:MultiplicityRange>
              </gco:range>
            </gco:Multiplicity>
          </gfc:cardinality>
          <gfc:featureType />
          <gfc:valueType>
            <gco:TypeName>
              <gco:aName>
                <gco:CharacterString>TEXT</gco:CharacterString>
              </gco:aName>
            </gco:TypeName>
          </gfc:valueType>
        </gfc:FC_FeatureAttribute>
      </gfc:carrierOfCharacteristics>
      <gfc:carrierOfCharacteristics>
        <gfc:FC_FeatureAttribute>
          <gfc:featureType />
          <gfc:memberName>
            <gco:LocalName>PUB_PRIV</gco:LocalName>
          </gfc:memberName>
          <gfc:definition>
            <gco:CharacterString>Indique si l'établissement est public ou privé</gco:CharacterString>
          </gfc:definition>
          <gfc:cardinality>
            <gco:Multiplicity>
              <gco:range>
                <gco:MultiplicityRange>
                  <gco:lower>
                    <gco:Integer>1</gco:Integer>
                  </gco:lower>
                  <gco:upper>
                    <gco:UnlimitedInteger isInfinite="false" xsi:nil="false">1</gco:UnlimitedInteger>
                  </gco:upper>
                </gco:MultiplicityRange>
              </gco:range>
            </gco:Multiplicity>
          </gfc:cardinality>
          <gfc:valueType>
            <gco:TypeName>
              <gco:aName>
                <gco:CharacterString>TEXT</gco:CharacterString>
              </gco:aName>
            </gco:TypeName>
          </gfc:valueType>
          <gfc:listedValue>
            <gfc:FC_ListedValue>
              <gfc:label>
                <gco:CharacterString>Public</gco:CharacterString>
              </gfc:label>
              <gfc:code>
                <gco:CharacterString>PUB</gco:CharacterString>
              </gfc:code>
              <gfc:definition>
                <gco:CharacterString>Etablissement public</gco:CharacterString>
              </gfc:definition>
            </gfc:FC_ListedValue>
          </gfc:listedValue>
          <gfc:listedValue>
            <gfc:FC_ListedValue>
              <gfc:label>
                <gco:CharacterString>Privé</gco:CharacterString>
              </gfc:label>
              <gfc:code>
                <gco:CharacterString>PRIV</gco:CharacterString>
              </gfc:code>
              <gfc:definition>
                <gco:CharacterString>Etablissement privé</gco:CharacterString>
              </gfc:definition>
            </gfc:FC_ListedValue>
          </gfc:listedValue>
        </gfc:FC_FeatureAttribute>
      </gfc:carrierOfCharacteristics>
      <gfc:carrierOfCharacteristics>
        <gfc:FC_FeatureAttribute>
          <gfc:featureType />
          <gfc:memberName>
            <gco:LocalName>AGRICOLE</gco:LocalName>
          </gfc:memberName>
          <gfc:definition>
            <gco:CharacterString>Indique si l'établissement est agricole ou non</gco:CharacterString>
          </gfc:definition>
          <gfc:cardinality>
            <gco:Multiplicity>
              <gco:range>
                <gco:MultiplicityRange>
                  <gco:lower>
                    <gco:Integer>1</gco:Integer>
                  </gco:lower>
                  <gco:upper>
                    <gco:UnlimitedInteger isInfinite="false" xsi:nil="false">1</gco:UnlimitedInteger>
                  </gco:upper>
                </gco:MultiplicityRange>
              </gco:range>
            </gco:Multiplicity>
          </gfc:cardinality>
          <gfc:valueType>
            <gco:TypeName>
              <gco:aName>
                <gco:CharacterString>TEXT</gco:CharacterString>
              </gco:aName>
            </gco:TypeName>
          </gfc:valueType>
          <gfc:listedValue>
            <gfc:FC_ListedValue>
              <gfc:label>
                <gco:CharacterString>Agricole</gco:CharacterString>
              </gfc:label>
              <gfc:code>
                <gco:CharacterString>oui</gco:CharacterString>
              </gfc:code>
              <gfc:definition>
                <gco:CharacterString>Etablissement agricole</gco:CharacterString>
              </gfc:definition>
            </gfc:FC_ListedValue>
          </gfc:listedValue>
          <gfc:listedValue>
            <gfc:FC_ListedValue>
              <gfc:label>
                <gco:CharacterString>Non agricole</gco:CharacterString>
              </gfc:label>
              <gfc:code>
                <gco:CharacterString>non</gco:CharacterString>
              </gfc:code>
              <gfc:definition>
                <gco:CharacterString>Etablissement non agricole</gco:CharacterString>
              </gfc:definition>
            </gfc:FC_ListedValue>
          </gfc:listedValue>
        </gfc:FC_FeatureAttribute>
      </gfc:carrierOfCharacteristics>
      <gfc:carrierOfCharacteristics>
        <gfc:FC_FeatureAttribute>
          <gfc:memberName>
            <gco:LocalName>NOM_VILLE</gco:LocalName>
          </gfc:memberName>
          <gfc:definition>
            <gco:CharacterString>Commune du lycée</gco:CharacterString>
          </gfc:definition>
          <gfc:cardinality>
            <gco:Multiplicity>
              <gco:range>
                <gco:MultiplicityRange>
                  <gco:lower>
                    <gco:Integer>1</gco:Integer>
                  </gco:lower>
                  <gco:upper>
                    <gco:UnlimitedInteger isInfinite="false" xsi:nil="false">1</gco:UnlimitedInteger>
                  </gco:upper>
                </gco:MultiplicityRange>
              </gco:range>
            </gco:Multiplicity>
          </gfc:cardinality>
          <gfc:featureType />
          <gfc:valueType>
            <gco:TypeName>
              <gco:aName>
                <gco:CharacterString>TEXT</gco:CharacterString>
              </gco:aName>
            </gco:TypeName>
          </gfc:valueType>
        </gfc:FC_FeatureAttribute>
      </gfc:carrierOfCharacteristics>
      <gfc:carrierOfCharacteristics>
        <gfc:FC_FeatureAttribute>
          <gfc:memberName>
            <gco:LocalName>RNE</gco:LocalName>
          </gfc:memberName>
          <gfc:definition>
            <gco:CharacterString>Code de l'établissement (rectorat)</gco:CharacterString>
          </gfc:definition>
          <gfc:cardinality>
            <gco:Multiplicity>
              <gco:range>
                <gco:MultiplicityRange>
                  <gco:lower>
                    <gco:Integer>1</gco:Integer>
                  </gco:lower>
                  <gco:upper>
                    <gco:UnlimitedInteger isInfinite="false" xsi:nil="false">1</gco:UnlimitedInteger>
                  </gco:upper>
                </gco:MultiplicityRange>
              </gco:range>
            </gco:Multiplicity>
          </gfc:cardinality>
          <gfc:featureType />
          <gfc:valueType>
            <gco:TypeName>
              <gco:aName>
                <gco:CharacterString>TEXT</gco:CharacterString>
              </gco:aName>
            </gco:TypeName>
          </gfc:valueType>
        </gfc:FC_FeatureAttribute>
      </gfc:carrierOfCharacteristics>
      <gfc:carrierOfCharacteristics>
        <gfc:FC_FeatureAttribute>
          <gfc:memberName>
            <gco:LocalName>CODE_INSEE</gco:LocalName>
          </gfc:memberName>
          <gfc:definition>
            <gco:CharacterString>Code INSEE de la commune du lycée</gco:CharacterString>
          </gfc:definition>
          <gfc:cardinality>
            <gco:Multiplicity>
              <gco:range>
                <gco:MultiplicityRange>
                  <gco:lower>
                    <gco:Integer>1</gco:Integer>
                  </gco:lower>
                  <gco:upper>
                    <gco:UnlimitedInteger isInfinite="true" xsi:nil="true" />
                  </gco:upper>
                </gco:MultiplicityRange>
              </gco:range>
            </gco:Multiplicity>
          </gfc:cardinality>
          <gfc:valueType>
            <gco:TypeName>
              <gco:aName>
                <gco:CharacterString>TEXT</gco:CharacterString>
              </gco:aName>
            </gco:TypeName>
          </gfc:valueType>
        </gfc:FC_FeatureAttribute>
      </gfc:carrierOfCharacteristics>
      <gfc:carrierOfCharacteristics>
        <gfc:FC_FeatureAttribute>
          <gfc:memberName>
            <gco:LocalName>POSTAL</gco:LocalName>
          </gfc:memberName>
          <gfc:definition>
            <gco:CharacterString>Code postal de l'adresse du lycée</gco:CharacterString>
          </gfc:definition>
          <gfc:cardinality>
            <gco:Multiplicity>
              <gco:range>
                <gco:MultiplicityRange>
                  <gco:lower>
                    <gco:Integer>1</gco:Integer>
                  </gco:lower>
                  <gco:upper>
                    <gco:UnlimitedInteger isInfinite="true" xsi:nil="true" />
                  </gco:upper>
                </gco:MultiplicityRange>
              </gco:range>
            </gco:Multiplicity>
          </gfc:cardinality>
          <gfc:valueType>
            <gco:TypeName>
              <gco:aName>
                <gco:CharacterString>TEXT</gco:CharacterString>
              </gco:aName>
            </gco:TypeName>
          </gfc:valueType>
        </gfc:FC_FeatureAttribute>
      </gfc:carrierOfCharacteristics>
      <gfc:carrierOfCharacteristics>
        <gfc:FC_FeatureAttribute>
          <gfc:memberName>
            <gco:LocalName>ADRESSE</gco:LocalName>
          </gfc:memberName>
          <gfc:definition>
            <gco:CharacterString>Adresse du lycée</gco:CharacterString>
          </gfc:definition>
          <gfc:cardinality>
            <gco:Multiplicity>
              <gco:range>
                <gco:MultiplicityRange>
                  <gco:lower>
                    <gco:Integer>1</gco:Integer>
                  </gco:lower>
                  <gco:upper>
                    <gco:UnlimitedInteger isInfinite="true" xsi:nil="true" />
                  </gco:upper>
                </gco:MultiplicityRange>
              </gco:range>
            </gco:Multiplicity>
          </gfc:cardinality>
          <gfc:valueType>
            <gco:TypeName>
              <gco:aName>
                <gco:CharacterString>TEXT</gco:CharacterString>
              </gco:aName>
            </gco:TypeName>
          </gfc:valueType>
        </gfc:FC_FeatureAttribute>
      </gfc:carrierOfCharacteristics>
      <gfc:carrierOfCharacteristics>
        <gfc:FC_FeatureAttribute>
          <gfc:memberName>
            <gco:LocalName>CEDEX</gco:LocalName>
          </gfc:memberName>
          <gfc:definition>
            <gco:CharacterString>Cedex de l'adresse du lycée</gco:CharacterString>
          </gfc:definition>
          <gfc:cardinality>
            <gco:Multiplicity>
              <gco:range>
                <gco:MultiplicityRange>
                  <gco:lower>
                    <gco:Integer>0</gco:Integer>
                  </gco:lower>
                  <gco:upper>
                    <gco:UnlimitedInteger isInfinite="true" xsi:nil="true" />
                  </gco:upper>
                </gco:MultiplicityRange>
              </gco:range>
            </gco:Multiplicity>
          </gfc:cardinality>
          <gfc:valueType>
            <gco:TypeName>
              <gco:aName>
                <gco:CharacterString>TEXT</gco:CharacterString>
              </gco:aName>
            </gco:TypeName>
          </gfc:valueType>
        </gfc:FC_FeatureAttribute>
      </gfc:carrierOfCharacteristics>
      <gfc:carrierOfCharacteristics>
        <gfc:FC_FeatureAttribute>
          <gfc:featureType>
            <gfc:FC_FeatureAssociation>
              <gfc:typeName>
                <gco:LocalName />
              </gfc:typeName>
              <gfc:isAbstract>
                <gco:Boolean />
              </gfc:isAbstract>
              <gfc:featureCatalogue />
              <gfc:roleName />
            </gfc:FC_FeatureAssociation>
          </gfc:featureType>
          <gfc:memberName>
            <gco:LocalName>GEOLOC</gco:LocalName>
          </gfc:memberName>
          <gfc:definition>
            <gco:CharacterString>Données de référence utilisées par l'opérateur pour géolocaliser l'établissement</gco:CharacterString>
          </gfc:definition>
          <gfc:cardinality>
            <gco:Multiplicity>
              <gco:range>
                <gco:MultiplicityRange>
                  <gco:lower>
                    <gco:Integer>1</gco:Integer>
                  </gco:lower>
                  <gco:upper>
                    <gco:UnlimitedInteger isInfinite="true" xsi:nil="true" />
                  </gco:upper>
                </gco:MultiplicityRange>
              </gco:range>
            </gco:Multiplicity>
          </gfc:cardinality>
          <gfc:valueType>
            <gco:TypeName>
              <gco:aName>
                <gco:CharacterString>TEXT</gco:CharacterString>
              </gco:aName>
            </gco:TypeName>
          </gfc:valueType>
        </gfc:FC_FeatureAttribute>
      </gfc:carrierOfCharacteristics>
      <gfc:carrierOfCharacteristics>
        <gfc:FC_FeatureAttribute>
          <gfc:memberName>
            <gco:LocalName>ETAT</gco:LocalName>
          </gfc:memberName>
          <gfc:definition>
            <gco:CharacterString>Indique si l'établissement est ouvert (en activité) ou fermé</gco:CharacterString>
          </gfc:definition>
          <gfc:cardinality>
            <gco:Multiplicity>
              <gco:range>
                <gco:MultiplicityRange>
                  <gco:lower>
                    <gco:Integer>1</gco:Integer>
                  </gco:lower>
                  <gco:upper>
                    <gco:UnlimitedInteger isInfinite="true" xsi:nil="true" />
                  </gco:upper>
                </gco:MultiplicityRange>
              </gco:range>
            </gco:Multiplicity>
          </gfc:cardinality>
          <gfc:valueType>
            <gco:TypeName>
              <gco:aName>
                <gco:CharacterString>TEXT</gco:CharacterString>
              </gco:aName>
            </gco:TypeName>
          </gfc:valueType>
          <gfc:listedValue>
            <gfc:FC_ListedValue>
              <gfc:label>
                <gco:CharacterString>Ouvert</gco:CharacterString>
              </gfc:label>
              <gfc:code>
                <gco:CharacterString>ouvert (en activité)</gco:CharacterString>
              </gfc:code>
              <gfc:definition>
                <gco:CharacterString>Etablissement ouvert</gco:CharacterString>
              </gfc:definition>
            </gfc:FC_ListedValue>
          </gfc:listedValue>
          <gfc:listedValue>
            <gfc:FC_ListedValue>
              <gfc:label>
                <gco:CharacterString>Fermé</gco:CharacterString>
              </gfc:label>
              <gfc:code>
                <gco:CharacterString>fermé</gco:CharacterString>
              </gfc:code>
              <gfc:definition>
                <gco:CharacterString>Etablissement fermé</gco:CharacterString>
              </gfc:definition>
            </gfc:FC_ListedValue>
          </gfc:listedValue>
        </gfc:FC_FeatureAttribute>
      </gfc:carrierOfCharacteristics>
    </gfc:FC_FeatureType>
  </gfc:featureType>
</gfc:FC_FeatureCatalogue>