<?xml version="1.0" encoding="UTF-8"?>
<info version="1.1">
  <general>
    <createDate>2025-02-14T10:01:00.575957Z</createDate>
    <changeDate>2025-03-07T09:35:48.337453Z</changeDate>
    <schema>iso19115-3.2018</schema>
    <isTemplate>n</isTemplate>
    <localId>352</localId>
    <format>full</format>
    <rating>0</rating>
    <popularity>39</popularity>
    <uuid>50aa3037-ac17-4c0d-ad15-b43a5a0929ae</uuid>
    <siteId>3bef299d-cf82-4033-871b-875f6936b2e2</siteId>
    <siteName>GeoNetwork-UI Test Instance</siteName>
  </general>
  <categories />
  <privileges>
    <group name="all">
      <operation name="view" />
      <operation name="download" />
      <operation name="dynamic" />
    </group>
  </privileges>
  <public />
  <private />
</info>

