<?xml version="1.0" encoding="UTF-8"?>
<info version="1.1">
  <general>
    <createDate>2017-01-05T09:36:02Z</createDate>
    <changeDate>2017-01-05T09:36:02Z</changeDate>
    <schema>iso19139</schema>
    <isTemplate>n</isTemplate>
    <localId>296</localId>
    <format>full</format>
    <rating>0</rating>
    <popularity>0</popularity>
    <uuid>MNT_COTIER_DETROIT_PDC_TANDEM_20m_WGS84.xml</uuid>
    <siteId>3bef299d-cf82-4033-871b-875f6936b2e2</siteId>
    <siteName>GeoNetwork-UI Test Instance</siteName>
  </general>
  <categories />
  <privileges>
    <group name="all">
      <operation name="view" />
      <operation name="download" />
      <operation name="dynamic" />
    </group>
  </privileges>
  <public />
  <private />
</info>

