<?xml version="1.0" encoding="UTF-8"?>
<info version="1.1">
  <general>
    <createDate>2024-02-09T09:56:20.687Z</createDate>
    <changeDate>2024-02-09T09:56:20.687Z</changeDate>
    <schema>iso19139</schema>
    <isTemplate>n</isTemplate>
    <localId>136</localId>
    <format>full</format>
    <rating>0</rating>
    <popularity>4</popularity>
    <uuid>e27e7006-fdf9-4004-b6c5-af2a5a5c025c</uuid>
    <siteId>3bef299d-cf82-4033-871b-875f6936b2e2</siteId>
    <siteName>GeoNetwork-UI Test Instance</siteName>
  </general>
  <categories />
  <privileges>
    <group name="all">
      <operation name="view" />
      <operation name="download" />
      <operation name="dynamic" />
    </group>
  </privileges>
  <public />
  <private />
</info>

