<?xml version="1.0" encoding="UTF-8"?>
<info version="1.1">
  <general>
    <createDate>2023-05-24T14:26:02.415Z</createDate>
    <changeDate>2024-10-21T06:58:07.958014Z</changeDate>
    <schema>iso19139</schema>
    <isTemplate>n</isTemplate>
    <localId>152</localId>
    <format>full</format>
    <rating>0</rating>
    <popularity>9</popularity>
    <uuid>urn:isogeo:metadata:uuid:1355be63-7f12-41f7-bcc8-724146679eb3</uuid>
    <siteId>3bef299d-cf82-4033-871b-875f6936b2e2</siteId>
    <siteName>GeoNetwork-UI Test Instance</siteName>
  </general>
  <categories />
  <privileges>
    <group name="all">
      <operation name="view" />
      <operation name="download" />
      <operation name="dynamic" />
    </group>
  </privileges>
  <public />
  <private />
</info>

