<?xml version="1.0" encoding="UTF-8"?>
<info version="1.1">
  <general>
    <createDate>2014-04-11T11:48:32Z</createDate>
    <changeDate>2014-04-11T11:48:32Z</changeDate>
    <schema>iso19139</schema>
    <isTemplate>n</isTemplate>
    <localId>267</localId>
    <format>full</format>
    <rating>0</rating>
    <popularity>590</popularity>
    <uuid>fr-120066022-jdd-070629f5-484a-46e2-b87f-01791778e238</uuid>
    <siteId>3bef299d-cf82-4033-871b-875f6936b2e2</siteId>
    <siteName>GeoNetwork-UI Test Instance</siteName>
  </general>
  <categories />
  <privileges>
    <group name="all">
      <operation name="view" />
      <operation name="download" />
      <operation name="dynamic" />
    </group>
  </privileges>
  <public />
  <private />
</info>

