<?xml version="1.0" encoding="UTF-8"?>
<info version="1.1">
  <general>
    <createDate>2015-10-21T06:54:33Z</createDate>
    <changeDate>2015-10-21T06:54:33Z</changeDate>
    <schema>iso19139</schema>
    <isTemplate>n</isTemplate>
    <localId>232</localId>
    <format>full</format>
    <rating>0</rating>
    <popularity>0</popularity>
    <uuid>e68e26d0-b01b-4895-8951-70c324dd7afb</uuid>
    <siteId>3bef299d-cf82-4033-871b-875f6936b2e2</siteId>
    <siteName>GeoNetwork-UI Test Instance</siteName>
  </general>
  <categories />
  <privileges>
    <group name="all">
      <operation name="view" />
      <operation name="download" />
      <operation name="dynamic" />
    </group>
  </privileges>
  <public />
  <private />
</info>

