<?xml version="1.0" encoding="UTF-8"?>
<info version="1.1">
  <general>
    <createDate>2020-11-18T14:10:59Z</createDate>
    <changeDate>2024-02-27T08:03:06.91Z</changeDate>
    <schema>iso19115-3.2018</schema>
    <isTemplate>n</isTemplate>
    <localId>168</localId>
    <format>full</format>
    <rating>0</rating>
    <popularity>1833</popularity>
    <uuid>56b0ce31-2829-4fbe-a880-129d7e941f69</uuid>
    <siteId>3bef299d-cf82-4033-871b-875f6936b2e2</siteId>
    <siteName>GeoNetwork-UI Test Instance</siteName>
  </general>
  <categories />
  <privileges>
    <group name="all">
      <operation name="view" />
      <operation name="download" />
      <operation name="dynamic" />
    </group>
  </privileges>
  <public />
  <private />
</info>

