<?xml version="1.0" encoding="UTF-8"?>
<gmd:MD_Metadata xmlns:gmd="http://www.isotc211.org/2005/gmd" xmlns:xsi="http://www.w3.org/2001/XMLSchema-instance" xmlns:geonet="http://www.fao.org/geonetwork" xsi:schemaLocation="http://www.opengis.net/gml/3.2 http://schemas.opengis.net/gml/3.2.1/gml.xsd http://www.isotc211.org/2005/gmd http://schemas.opengis.net/iso/19139/20070417/gmd/gmd.xsd http://www.isotc211.org/2005/gco http://schemas.opengis.net/iso/19139/20070417/gco/gco.xsd http://www.isotc211.org/2005/srv http://schemas.opengis.net/iso/19139/20070417/srv/1.0/srv.xsd http://www.isotc211.org/2005/gmx http://schemas.opengis.net/iso/19139/20070417/gmx/gmx.xsd">
  <gmd:fileIdentifier>
    <gco:CharacterString xmlns:gco="http://www.isotc211.org/2005/gco">a273efb3-dba2-4917-888f-093c440c8ffb</gco:CharacterString>
  </gmd:fileIdentifier>
  <gmd:language>
    <LanguageCode xmlns="http://www.isotc211.org/2005/gmd" codeList="http://www.loc.gov/standards/iso639-2/" codeListValue="ger" />
  </gmd:language>
  <gmd:characterSet>
    <MD_CharacterSetCode xmlns="http://www.isotc211.org/2005/gmd" codeList="https://standards.iso.org/iso/19139/resources/gmxCodelists.xml#MD_CharacterSetCode" codeListValue="utf8" />
  </gmd:characterSet>
  <gmd:hierarchyLevel>
    <MD_ScopeCode xmlns="http://www.isotc211.org/2005/gmd" codeList="https://standards.iso.org/iso/19139/resources/gmxCodelists.xml#MD_ScopeCode" codeListValue="dataset" />
  </gmd:hierarchyLevel>
  <gmd:hierarchyLevelName>
    <gco:CharacterString xmlns:gco="http://www.isotc211.org/2005/gco">geobasis_nrw</gco:CharacterString>
  </gmd:hierarchyLevelName>
  <gmd:contact>
    <gmd:CI_ResponsibleParty>
      <gmd:organisationName>
        <gco:CharacterString xmlns:gco="http://www.isotc211.org/2005/gco">Geobasis NRW</gco:CharacterString>
      </gmd:organisationName>
      <gmd:contactInfo>
        <gmd:CI_Contact>
          <gmd:phone>
            <gmd:CI_Telephone>
              <gmd:voice>
                <gco:CharacterString xmlns:gco="http://www.isotc211.org/2005/gco">+49 (0) 221-147-4994</gco:CharacterString>
              </gmd:voice>
              <gmd:facsimile>
                <gco:CharacterString xmlns:gco="http://www.isotc211.org/2005/gco">+49 (0) 221-147-4874</gco:CharacterString>
              </gmd:facsimile>
            </gmd:CI_Telephone>
          </gmd:phone>
          <gmd:address>
            <gmd:CI_Address>
              <gmd:city>
                <gco:CharacterString xmlns:gco="http://www.isotc211.org/2005/gco">Köln</gco:CharacterString>
              </gmd:city>
              <gmd:administrativeArea>
                <gco:CharacterString xmlns:gco="http://www.isotc211.org/2005/gco">Nordrhein-Westfalen</gco:CharacterString>
              </gmd:administrativeArea>
              <gmd:postalCode>
                <gco:CharacterString xmlns:gco="http://www.isotc211.org/2005/gco">50606</gco:CharacterString>
              </gmd:postalCode>
              <gmd:country>
                <gco:CharacterString xmlns:gco="http://www.isotc211.org/2005/gco">Deutschland</gco:CharacterString>
              </gmd:country>
              <gmd:electronicMailAddress>
                <gco:CharacterString xmlns:gco="http://www.isotc211.org/2005/gco">geobasis@bezreg-koeln.nrw.de</gco:CharacterString>
              </gmd:electronicMailAddress>
            </gmd:CI_Address>
          </gmd:address>
          <gmd:onlineResource>
            <gmd:CI_OnlineResource>
              <gmd:linkage>
                <gmd:URL>https://www.geobasis.nrw.de</gmd:URL>
              </gmd:linkage>
            </gmd:CI_OnlineResource>
          </gmd:onlineResource>
        </gmd:CI_Contact>
      </gmd:contactInfo>
      <gmd:role>
        <gmd:CI_RoleCode codeList="https://standards.iso.org/iso/19139/resources/gmxCodelists.xml#CI_RoleCode" codeListValue="pointOfContact">pointOfContact</gmd:CI_RoleCode>
      </gmd:role>
    </gmd:CI_ResponsibleParty>
  </gmd:contact>
  <gmd:dateStamp>
    <gco:Date xmlns:gco="http://www.isotc211.org/2005/gco">2025-03-25</gco:Date>
  </gmd:dateStamp>
  <gmd:metadataStandardName>
    <gco:CharacterString xmlns:gco="http://www.isotc211.org/2005/gco">ISO19115</gco:CharacterString>
  </gmd:metadataStandardName>
  <gmd:referenceSystemInfo>
    <gmd:MD_ReferenceSystem>
      <gmd:referenceSystemIdentifier>
        <gmd:RS_Identifier>
          <gmd:code>
            <gmx:Anchor xmlns:gmx="http://www.isotc211.org/2005/gmx" xmlns:xlink="http://www.w3.org/1999/xlink" xlink:href="http://www.opengis.net/def/crs/EPSG/0/25832">25832</gmx:Anchor>
          </gmd:code>
        </gmd:RS_Identifier>
      </gmd:referenceSystemIdentifier>
    </gmd:MD_ReferenceSystem>
  </gmd:referenceSystemInfo>
  <gmd:identificationInfo xmlns:gco="http://www.isotc211.org/2005/gco" xmlns:soapenv="http://www.w3.org/2003/05/soap-envelope" xmlns:xsd="http://www.w3.org/2001/XMLSchema">
    <gmd:MD_DataIdentification>
      <gmd:citation>
        <gmd:CI_Citation>
          <gmd:title>
            <gco:CharacterString>Höhenänderungen aus Sentinel-1 Daten (gpkg)</gco:CharacterString>
          </gmd:title>
          <gmd:alternateTitle>
            <gco:CharacterString>Bodenbewegungen</gco:CharacterString>
          </gmd:alternateTitle>
          <gmd:date>
            <gmd:CI_Date>
              <gmd:date>
                <gco:Date>2025-02-26</gco:Date>
              </gmd:date>
              <gmd:dateType>
                <CI_DateTypeCode xmlns="http://www.isotc211.org/2005/gmd" codeList="https://standards.iso.org/iso/19139/resources/gmxCodelists.xml#CI_DateTypeCode" codeListValue="creation" />
              </gmd:dateType>
            </gmd:CI_Date>
          </gmd:date>
          <gmd:identifier>
            <gmd:MD_Identifier>
              <gmd:code>
                <gco:CharacterString>https://registry.gdi-de.org/id/de.nw/nw_hoeae_s1_gpkg</gco:CharacterString>
              </gmd:code>
            </gmd:MD_Identifier>
          </gmd:identifier>
        </gmd:CI_Citation>
      </gmd:citation>
      <gmd:abstract>
        <gco:CharacterString>Das Bodenbewegungskataster NRW stellt basierend auf der satellitengestützten Radarinterferometrie (Persistent Scatterer Interferometrie, PSI) vertikale Bodenbewegungsraten (mm/Jahr) in Nordrhein-Westfalen generalisiert in 250 m-Hexagonen dar. Die Radarinterferometrie ist ein fernerkundliches Messverfahren, welches sich aufgrund einer hohen messtechnischen Genauigkeit und Präzision im Millimeterbereich in Kombination mit einer großflächigen räumlichen Abdeckung und hohen zeitlichen Auflösung zunehmend als neuer Standard zur Erfassung von Bodenbewegungen etabliert. Als Datengrundlage des Bodenbewegungskatasters NRW dienen frei verfügbare SAR-Daten der Radarsatellitenmission Sentinel-1, die im Rahmen des Copernicus-Programms federführend von der ESA betrieben wird. Die Lagerung und Validierung der radarinterferometrischen Messdaten erfolgt mittels Höhenfestpunkten des amtlichen Raumbezugs. Jedes Hexagon ist aus mindestens drei Pixelmesswerten räumlich gemittelt.</gco:CharacterString>
      </gmd:abstract>
      <gmd:pointOfContact>
        <gmd:CI_ResponsibleParty>
          <gmd:organisationName>
            <gco:CharacterString>Geobasis NRW</gco:CharacterString>
          </gmd:organisationName>
          <gmd:contactInfo>
            <gmd:CI_Contact>
              <gmd:phone>
                <gmd:CI_Telephone>
                  <gmd:voice>
                    <gco:CharacterString>+49 (0) 221-147-4994</gco:CharacterString>
                  </gmd:voice>
                  <gmd:facsimile>
                    <gco:CharacterString>+49 (0) 221-147-4874</gco:CharacterString>
                  </gmd:facsimile>
                </gmd:CI_Telephone>
              </gmd:phone>
              <gmd:address>
                <gmd:CI_Address>
                  <gmd:city>
                    <gco:CharacterString>Köln</gco:CharacterString>
                  </gmd:city>
                  <gmd:administrativeArea>
                    <gco:CharacterString>Nordrhein-Westfalen</gco:CharacterString>
                  </gmd:administrativeArea>
                  <gmd:postalCode>
                    <gco:CharacterString>50606</gco:CharacterString>
                  </gmd:postalCode>
                  <gmd:country>
                    <gco:CharacterString>Deutschland</gco:CharacterString>
                  </gmd:country>
                  <gmd:electronicMailAddress>
                    <gco:CharacterString>geobasis@bezreg-koeln.nrw.de</gco:CharacterString>
                  </gmd:electronicMailAddress>
                </gmd:CI_Address>
              </gmd:address>
              <gmd:onlineResource>
                <gmd:CI_OnlineResource>
                  <gmd:linkage>
                    <gmd:URL>https://www.geobasis.nrw.de</gmd:URL>
                  </gmd:linkage>
                </gmd:CI_OnlineResource>
              </gmd:onlineResource>
            </gmd:CI_Contact>
          </gmd:contactInfo>
          <gmd:role>
            <gmd:CI_RoleCode codeList="https://standards.iso.org/iso/19139/resources/gmxCodelists.xml#CI_RoleCode" codeListValue="owner">owner</gmd:CI_RoleCode>
          </gmd:role>
        </gmd:CI_ResponsibleParty>
      </gmd:pointOfContact>
      <gmd:pointOfContact>
        <gmd:CI_ResponsibleParty>
          <gmd:organisationName>
            <gco:CharacterString>Geobasis NRW</gco:CharacterString>
          </gmd:organisationName>
          <gmd:contactInfo>
            <gmd:CI_Contact>
              <gmd:phone>
                <gmd:CI_Telephone>
                  <gmd:voice>
                    <gco:CharacterString>+49 (0) 221-147-4994</gco:CharacterString>
                  </gmd:voice>
                  <gmd:facsimile>
                    <gco:CharacterString>+49 (0) 221-147-4874</gco:CharacterString>
                  </gmd:facsimile>
                </gmd:CI_Telephone>
              </gmd:phone>
              <gmd:address>
                <gmd:CI_Address>
                  <gmd:city>
                    <gco:CharacterString>Köln</gco:CharacterString>
                  </gmd:city>
                  <gmd:administrativeArea>
                    <gco:CharacterString>Nordrhein-Westfalen</gco:CharacterString>
                  </gmd:administrativeArea>
                  <gmd:postalCode>
                    <gco:CharacterString>50606</gco:CharacterString>
                  </gmd:postalCode>
                  <gmd:country>
                    <gco:CharacterString>Deutschland</gco:CharacterString>
                  </gmd:country>
                  <gmd:electronicMailAddress>
                    <gco:CharacterString>geobasis@bezreg-koeln.nrw.de</gco:CharacterString>
                  </gmd:electronicMailAddress>
                </gmd:CI_Address>
              </gmd:address>
              <gmd:onlineResource>
                <gmd:CI_OnlineResource>
                  <gmd:linkage>
                    <gmd:URL>https://www.geobasis.nrw.de</gmd:URL>
                  </gmd:linkage>
                </gmd:CI_OnlineResource>
              </gmd:onlineResource>
            </gmd:CI_Contact>
          </gmd:contactInfo>
          <gmd:role>
            <gmd:CI_RoleCode codeList="https://standards.iso.org/iso/19139/resources/gmxCodelists.xml#CI_RoleCode" codeListValue="resourceProvider">resourceProvider</gmd:CI_RoleCode>
          </gmd:role>
        </gmd:CI_ResponsibleParty>
      </gmd:pointOfContact>
      <gmd:pointOfContact>
        <gmd:CI_ResponsibleParty>
          <gmd:organisationName>
            <gco:CharacterString>Geobasis NRW</gco:CharacterString>
          </gmd:organisationName>
          <gmd:contactInfo>
            <gmd:CI_Contact>
              <gmd:phone>
                <gmd:CI_Telephone>
                  <gmd:voice>
                    <gco:CharacterString>+49 (0) 221-147-4994</gco:CharacterString>
                  </gmd:voice>
                  <gmd:facsimile>
                    <gco:CharacterString>+49 (0) 221-147-4874</gco:CharacterString>
                  </gmd:facsimile>
                </gmd:CI_Telephone>
              </gmd:phone>
              <gmd:address>
                <gmd:CI_Address>
                  <gmd:city>
                    <gco:CharacterString>Köln</gco:CharacterString>
                  </gmd:city>
                  <gmd:administrativeArea>
                    <gco:CharacterString>Nordrhein-Westfalen</gco:CharacterString>
                  </gmd:administrativeArea>
                  <gmd:postalCode>
                    <gco:CharacterString>50606</gco:CharacterString>
                  </gmd:postalCode>
                  <gmd:country>
                    <gco:CharacterString>Deutschland</gco:CharacterString>
                  </gmd:country>
                  <gmd:electronicMailAddress>
                    <gco:CharacterString>geobasis@bezreg-koeln.nrw.de</gco:CharacterString>
                  </gmd:electronicMailAddress>
                </gmd:CI_Address>
              </gmd:address>
              <gmd:onlineResource>
                <gmd:CI_OnlineResource>
                  <gmd:linkage>
                    <gmd:URL>https://www.geobasis.nrw.de</gmd:URL>
                  </gmd:linkage>
                </gmd:CI_OnlineResource>
              </gmd:onlineResource>
            </gmd:CI_Contact>
          </gmd:contactInfo>
          <gmd:role>
            <gmd:CI_RoleCode codeList="https://standards.iso.org/iso/19139/resources/gmxCodelists.xml#CI_RoleCode" codeListValue="pointOfContact">pointOfContact</gmd:CI_RoleCode>
          </gmd:role>
        </gmd:CI_ResponsibleParty>
      </gmd:pointOfContact>
      <gmd:resourceMaintenance>
        <gmd:MD_MaintenanceInformation>
          <gmd:maintenanceAndUpdateFrequency>
            <MD_MaintenanceFrequencyCode xmlns="http://www.isotc211.org/2005/gmd" codeList="https://standards.iso.org/iso/19139/resources/gmxCodelists.xml#MD_MaintenanceFrequencyCode" codeListValue="annually" />
          </gmd:maintenanceAndUpdateFrequency>
        </gmd:MD_MaintenanceInformation>
      </gmd:resourceMaintenance>
      <gmd:graphicOverview>
        <gmd:MD_BrowseGraphic>
          <gmd:fileName>
            <gco:CharacterString>https://apps.geoportal.nrw.de/smartfinder-editor-2.6.1/preview/Vorschaubild_Bodenbewegung.png</gco:CharacterString>
          </gmd:fileName>
        </gmd:MD_BrowseGraphic>
      </gmd:graphicOverview>
      <gmd:descriptiveKeywords>
        <gmd:MD_Keywords>
          <gmd:keyword>
            <gco:CharacterString>Bodenbewegung</gco:CharacterString>
          </gmd:keyword>
          <gmd:keyword>
            <gco:CharacterString>SAR</gco:CharacterString>
          </gmd:keyword>
          <gmd:keyword>
            <gco:CharacterString>Radarinterferometrie</gco:CharacterString>
          </gmd:keyword>
          <gmd:keyword>
            <gco:CharacterString>Satellitenfernerkundung</gco:CharacterString>
          </gmd:keyword>
          <gmd:keyword>
            <gco:CharacterString>Bodenbewegungskataster NRW</gco:CharacterString>
          </gmd:keyword>
          <gmd:keyword>
            <gco:CharacterString>Raumbezug</gco:CharacterString>
          </gmd:keyword>
          <gmd:keyword>
            <gco:CharacterString>Sentinel-1</gco:CharacterString>
          </gmd:keyword>
          <gmd:keyword>
            <gco:CharacterString>Höhenänderung</gco:CharacterString>
          </gmd:keyword>
          <gmd:keyword>
            <gco:CharacterString>Copernicus</gco:CharacterString>
          </gmd:keyword>
          <gmd:keyword>
            <gco:CharacterString>Satellitendaten</gco:CharacterString>
          </gmd:keyword>
          <gmd:keyword>
            <gco:CharacterString>Persistent Scatterer Interferometrie</gco:CharacterString>
          </gmd:keyword>
        </gmd:MD_Keywords>
      </gmd:descriptiveKeywords>
      <gmd:descriptiveKeywords>
        <gmd:MD_Keywords>
          <gmd:keyword>
            <gco:CharacterString>Geobasisdaten</gco:CharacterString>
          </gmd:keyword>
          <gmd:keyword>
            <gco:CharacterString>dez72</gco:CharacterString>
          </gmd:keyword>
          <gmd:keyword>
            <gco:CharacterString>AdVMIS</gco:CharacterString>
          </gmd:keyword>
          <gmd:keyword>
            <gco:CharacterString>bbk</gco:CharacterString>
          </gmd:keyword>
          <gmd:keyword>
            <gco:CharacterString>Landesvermessung</gco:CharacterString>
          </gmd:keyword>
          <gmd:keyword>
            <gco:CharacterString>Nordrhein-Westfalen</gco:CharacterString>
          </gmd:keyword>
          <gmd:keyword>
            <gco:CharacterString>Bezirksregierung Köln</gco:CharacterString>
          </gmd:keyword>
          <gmd:keyword>
            <gco:CharacterString>Abteilung 7</gco:CharacterString>
          </gmd:keyword>
          <gmd:keyword>
            <gco:CharacterString>Geobasis NRW</gco:CharacterString>
          </gmd:keyword>
          <gmd:keyword>
            <gco:CharacterString>NW</gco:CharacterString>
          </gmd:keyword>
          <gmd:keyword>
            <gco:CharacterString>WMS</gco:CharacterString>
          </gmd:keyword>
          <gmd:keyword>
            <gco:CharacterString>wms_nw_bodenbewegungskataster</gco:CharacterString>
          </gmd:keyword>
          <gmd:keyword>
            <gco:CharacterString>AdV</gco:CharacterString>
          </gmd:keyword>
          <gmd:keyword>
            <gco:CharacterString>AdV-OWS-Basisprofil</gco:CharacterString>
          </gmd:keyword>
          <gmd:keyword>
            <gco:CharacterString>AdV-WMS-Profil 4.0.0</gco:CharacterString>
          </gmd:keyword>
          <gmd:keyword>
            <gco:CharacterString>opendata</gco:CharacterString>
          </gmd:keyword>
        </gmd:MD_Keywords>
      </gmd:descriptiveKeywords>
      <gmd:resourceConstraints>
        <gmd:MD_SecurityConstraints>
          <gmd:classification>
            <MD_ClassificationCode xmlns="http://www.isotc211.org/2005/gmd" codeList="https://standards.iso.org/iso/19139/resources/gmxCodelists.xml#MD_ClassificationCode" codeListValue="unclassified" />
          </gmd:classification>
        </gmd:MD_SecurityConstraints>
      </gmd:resourceConstraints>
      <gmd:resourceConstraints xmlns:gmx="http://www.isotc211.org/2005/gmx" xmlns:xlink="http://www.w3.org/1999/xlink">
        <gmd:MD_LegalConstraints>
          <gmd:useLimitation>
            <gco:CharacterString>keine</gco:CharacterString>
          </gmd:useLimitation>
        </gmd:MD_LegalConstraints>
      </gmd:resourceConstraints>
      <gmd:resourceConstraints xmlns:gmx="http://www.isotc211.org/2005/gmx" xmlns:xlink="http://www.w3.org/1999/xlink">
        <gmd:MD_LegalConstraints>
          <gmd:accessConstraints>
            <MD_RestrictionCode xmlns="http://www.isotc211.org/2005/gmd" codeList="https://standards.iso.org/iso/19139/resources/gmxCodelists.xml#MD_RestrictionCode" codeListValue="otherRestrictions" />
          </gmd:accessConstraints>
          <gmd:otherConstraints>
            <gco:CharacterString>Es gelten keine Zugriffsbeschränkungen</gco:CharacterString>
          </gmd:otherConstraints>
        </gmd:MD_LegalConstraints>
      </gmd:resourceConstraints>
      <gmd:resourceConstraints xmlns:gmx="http://www.isotc211.org/2005/gmx" xmlns:xlink="http://www.w3.org/1999/xlink">
        <gmd:MD_LegalConstraints>
          <gmd:useConstraints>
            <MD_RestrictionCode xmlns="http://www.isotc211.org/2005/gmd" codeList="https://standards.iso.org/iso/19139/resources/gmxCodelists.xml#MD_RestrictionCode" codeListValue="otherRestrictions" />
          </gmd:useConstraints>
          <gmd:otherConstraints>
            <gco:CharacterString>Die Daten des Bodenbewegungskatasters NRW können unter der Datenlizenz Deutschland – Namensnennung – Version 2.0 genutzt werden. Dabei ist folgender Quellenvermerk anzugeben: "Enthält modifizierte Copernicus Sentinel-1 Daten [2018-2022], verarbeitet durch Geobasis NRW"; dl-de/by-2-0 (www.govdata.de/dl-de/by-2-0); https://www.wms.nrw.de/geobasis/wms_nw_bodenbewegungskataster</gco:CharacterString>
          </gmd:otherConstraints>
          <gmd:otherConstraints>
            <gco:CharacterString>{ "id": "dl-by-de/2.0", "name": "Datenlizenz Deutschland Namensnennung 2.0", "url": "https://www.govdata.de/dl-de/by-2-0", "quelle": "Enthält modifizierte Copernicus Sentinel-1 Daten [2018-2022], verarbeitet durch Geobasis NRW" }</gco:CharacterString>
          </gmd:otherConstraints>
        </gmd:MD_LegalConstraints>
      </gmd:resourceConstraints>
      <gmd:spatialRepresentationType>
        <MD_SpatialRepresentationTypeCode xmlns="http://www.isotc211.org/2005/gmd" codeList="https://standards.iso.org/iso/19139/resources/gmxCodelists.xml#MD_SpatialRepresentationTypeCode" codeListValue="vector" />
      </gmd:spatialRepresentationType>
      <gmd:language>
        <LanguageCode xmlns="http://www.isotc211.org/2005/gmd" codeList="http://www.loc.gov/standards/iso639-2/" codeListValue="ger" />
      </gmd:language>
      <gmd:characterSet>
        <MD_CharacterSetCode xmlns="http://www.isotc211.org/2005/gmd" codeList="https://standards.iso.org/iso/19139/resources/gmxCodelists.xml#MD_CharacterSetCode" codeListValue="utf8" />
      </gmd:characterSet>
      <gmd:topicCategory>
        <gmd:MD_TopicCategoryCode>elevation</gmd:MD_TopicCategoryCode>
      </gmd:topicCategory>
      <extent xmlns="http://www.isotc211.org/2005/gmd">
        <gmd:EX_Extent>
          <gmd:geographicElement>
            <gmd:EX_GeographicBoundingBox>
              <gmd:extentTypeCode>
                <gco:Boolean>true</gco:Boolean>
              </gmd:extentTypeCode>
              <gmd:westBoundLongitude>
                <gco:Decimal>5.72</gco:Decimal>
              </gmd:westBoundLongitude>
              <gmd:eastBoundLongitude>
                <gco:Decimal>9.53</gco:Decimal>
              </gmd:eastBoundLongitude>
              <gmd:southBoundLatitude>
                <gco:Decimal>50.15</gco:Decimal>
              </gmd:southBoundLatitude>
              <gmd:northBoundLatitude>
                <gco:Decimal>52.60</gco:Decimal>
              </gmd:northBoundLatitude>
            </gmd:EX_GeographicBoundingBox>
          </gmd:geographicElement>
        </gmd:EX_Extent>
      </extent>
      <gmd:extent>
        <gmd:EX_Extent>
          <gmd:temporalElement>
            <gmd:EX_TemporalExtent>
              <gmd:extent>
                <gml:TimePeriod xmlns:gml="http://www.opengis.net/gml/3.2" gml:id="w37555aaa">
                  <gml:beginPosition>2018-01-01</gml:beginPosition>
                  <gml:endPosition>2022-12-31</gml:endPosition>
                </gml:TimePeriod>
              </gmd:extent>
            </gmd:EX_TemporalExtent>
          </gmd:temporalElement>
        </gmd:EX_Extent>
      </gmd:extent>
      <gmd:extent>
        <gmd:EX_Extent>
          <gmd:geographicElement>
            <gmd:EX_GeographicDescription>
              <gmd:geographicIdentifier>
                <gmd:MD_Identifier>
                  <gmd:code>
                    <gco:CharacterString>050000000000</gco:CharacterString>
                  </gmd:code>
                </gmd:MD_Identifier>
              </gmd:geographicIdentifier>
            </gmd:EX_GeographicDescription>
          </gmd:geographicElement>
        </gmd:EX_Extent>
      </gmd:extent>
    </gmd:MD_DataIdentification>
  </gmd:identificationInfo>
  <gmd:distributionInfo xmlns:gco="http://www.isotc211.org/2005/gco" xmlns:soapenv="http://www.w3.org/2003/05/soap-envelope" xmlns:xsd="http://www.w3.org/2001/XMLSchema">
    <gmd:MD_Distribution>
      <gmd:distributionFormat>
        <gmd:MD_Format>
          <gmd:name>
            <gco:CharacterString>geopackage</gco:CharacterString>
          </gmd:name>
          <gmd:version>
            <gco:CharacterString>n.a.</gco:CharacterString>
          </gmd:version>
        </gmd:MD_Format>
      </gmd:distributionFormat>
      <gmd:transferOptions>
        <gmd:MD_DigitalTransferOptions>
          <gmd:onLine>
            <gmd:CI_OnlineResource>
              <gmd:linkage>
                <gmd:URL>https://www.bezreg-koeln.nrw.de/geobasis-nrw/produkte-und-dienste/bodenbewegungen/bodenbewegungskataster-nrw</gmd:URL>
              </gmd:linkage>
              <gmd:function>
                <CI_OnLineFunctionCode xmlns="http://www.isotc211.org/2005/gmd" codeList="http://standards.iso.org/iso/19139/resources/gmxCodelists.xml#CI_OnLineFunctionCode" codeListValue="information" />
              </gmd:function>
            </gmd:CI_OnlineResource>
          </gmd:onLine>
        </gmd:MD_DigitalTransferOptions>
      </gmd:transferOptions>
      <gmd:transferOptions>
        <gmd:MD_DigitalTransferOptions>
          <gmd:onLine>
            <gmd:CI_OnlineResource>
              <gmd:linkage>
                <gmd:URL>https://www.opengeodata.nrw.de/produkte/geobasis/bb/bbk_nrw/hoeae_s1/</gmd:URL>
              </gmd:linkage>
              <gmd:function>
                <CI_OnLineFunctionCode xmlns="http://www.isotc211.org/2005/gmd" codeList="https://standards.iso.org/iso/19139/resources/gmxCodelists.xml#CI_OnLineFunctionCode" codeListValue="download" />
              </gmd:function>
            </gmd:CI_OnlineResource>
          </gmd:onLine>
        </gmd:MD_DigitalTransferOptions>
      </gmd:transferOptions>
    </gmd:MD_Distribution>
  </gmd:distributionInfo>
  <gmd:dataQualityInfo>
    <gmd:DQ_DataQuality>
      <gmd:scope>
        <gmd:DQ_Scope>
          <gmd:level>
            <MD_ScopeCode xmlns="http://www.isotc211.org/2005/gmd" codeList="https://standards.iso.org/iso/19139/resources/gmxCodelists.xml#MD_ScopeCode" codeListValue="dataset" />
          </gmd:level>
        </gmd:DQ_Scope>
      </gmd:scope>
      <gmd:lineage>
        <gmd:LI_Lineage>
          <gmd:statement>
            <gco:CharacterString xmlns:gco="http://www.isotc211.org/2005/gco">Die Auswertung erfolgt auf der Basis von Sentinel-1-Daten des Copernicus-Programms. Zur Ableitung der Höhenänderungsraten werden zusätzlich folgende Eingangsdaten verwendet: Höhenfestpunkte, nDOM, SRTM und Sentinel-1-Orbitdaten.</gco:CharacterString>
          </gmd:statement>
        </gmd:LI_Lineage>
      </gmd:lineage>
    </gmd:DQ_DataQuality>
  </gmd:dataQualityInfo>
</gmd:MD_Metadata>