<?xml version="1.0" encoding="UTF-8"?>
<info version="1.1">
  <general>
    <createDate>2014-11-24T10:16:18Z</createDate>
    <changeDate>2014-11-24T10:16:18Z</changeDate>
    <schema>iso19139</schema>
    <isTemplate>n</isTemplate>
    <localId>265</localId>
    <format>full</format>
    <rating>0</rating>
    <popularity>422</popularity>
    <uuid>fr-120066022-jdd-25dfd720-470e-4380-bd11-8bcfe0f6f7ed</uuid>
    <siteId>3bef299d-cf82-4033-871b-875f6936b2e2</siteId>
    <siteName>GeoNetwork-UI Test Instance</siteName>
  </general>
  <categories />
  <privileges>
    <group name="all">
      <operation name="view" />
      <operation name="download" />
      <operation name="dynamic" />
    </group>
  </privileges>
  <public />
  <private />
</info>

