<?xml version="1.0" encoding="UTF-8"?>
<info version="1.1">
  <general>
    <createDate>2021-06-28</createDate>
    <changeDate>2025-03-24</changeDate>
    <schema>iso19139</schema>
    <isTemplate>n</isTemplate>
    <localId>233501</localId>
    <format>full</format>
    <rating>0</rating>
    <popularity>0</popularity>
    <uuid>697dcaa8-6057-452b-a11b-1a470978c803</uuid>
    <siteId>c2229150-5a51-47f5-8d46-7441037f63e8</siteId>
    <siteName>www.geodatenkatalog.de (S2F)</siteName>
  </general>
  <categories />
  <privileges>
    <group name="all">
      <operation name="view" />
      <operation name="dynamic" />
      <operation name="download" />
    </group>
  </privileges>
  <public />
  <private />
</info>

