"schema";"uuid";"id";"type";"isHarvested";"title";"abstract"
"iso19139";"73b1cff5-9e2a-47ca-bf89-799089c467cb";"331";"METADATA";"false";"-";"-"
"iso19139";"d92db571-a540-4efc-9d9b-718db8eda713";"309";"METADATA";"false";"-";"-"
"iso19139";"d4963a5d-a56d-4155-ae8a-d6f6f546a6c5";"307";"METADATA";"false";"-";"-"
"iso19139";"MAREE_COURANTS_COURANTS3D_MANCHE.xml";"306";"METADATA";"false";"-";"-"
"iso19139";"urn:isogeo:metadata:uuid:1355be63-7f12-41f7-bcc8-724146679eb3";"152";"METADATA";"false";"-";"-"
"iso19139";"0212d0cb-aca1-4d4d-91e9-4bfb5168e711";"305";"METADATA";"false";"-";"-"
"iso19115-3.2018";"80794b5d-76b9-4e3c-83e2-fb30c0c2739b";"209";"METADATA";"false";"-";"-"
"iso19139";"8698bf0b-fceb-4f0f-989b-111e7c4af0a4";"148";"METADATA";"false";"-";"-"
"iso19139";"fr-120066022-jdd-4ace7cff-d096-4c58-bd34-420a0ae3c835";"304";"METADATA";"false";"-";"-"
"iso19115-3.2018";"c90d5c3d-4e73-4311-86ea-28ab923d4c58";"206";"METADATA";"false";"-";"-"
"iso19139";"009b5029-5651-4be4-9a9a-db8d8dfd05d0";"144";"METADATA";"false";"-";"-"
"iso19139";"fr-120066022-jdd-e60a804e-5341-4942-84ba-b1e4fb4ab424";"303";"METADATA";"false";"-";"-"
"iso19115-3.2018";"70e65493-8677-4539-b683-3bcbc46a975b";"204";"METADATA";"false";"-";"-"
"iso19139";"02dc0153-d7bb-470a-bc9b-cd53d3d84da6";"143";"METADATA";"false";"-";"-"
"iso19139";"c6630c95-e368-40f2-b9a8-11032ef94e57";"302";"METADATA";"false";"-";"-"
"iso19115-3.2018";"3ab6c77b-8af3-4e31-a1db-8af9c3f4cd9f";"202";"METADATA";"false";"-";"-"
"iso19115-3.2018";"be29163c-30b5-497c-a4b0-acc2f9de0899";"201";"METADATA";"false";"-";"-"
"iso19139";"783a22fb-1f42-4c6e-b4a7-9d33c1a6fcb1";"300";"METADATA";"false";"-";"-"
"iso19139";"fr-120066022-jdd-c4b357cd-c5fa-4c5f-a0f5-bad19703fdb5";"301";"METADATA";"false";"-";"-"
"iso19139";"OCEANO_MODELE_NIVEAUX.xml";"299";"METADATA";"false";"-";"-"
"iso19139";"01ec6ec7-6454-4504-ac95-befb16bacb0e";"134";"METADATA";"false";"-";"-"
"iso19139";"fr-120066022-jdd-a4dc8f61-bdca-49e3-931e-6988fd6972de";"297";"METADATA";"false";"-";"-"
"iso19115-3.2018";"fc46abd5-7893-42dd-b2a4-7e7a47eea715";"196";"METADATA";"false";"-";"-"
"iso19115-3.2018";"b852eb54-434d-4933-8700-3987041010d7";"191";"METADATA";"false";"-";"-"
"iso19139";"MAREE_COURANTS_MARNAGES_MGA_VE.xml";"295";"METADATA";"false";"-";"-"
"iso19115-3.2018";"75dcd538-4fec-4add-82c0-652f1f8bb38c";"189";"METADATA";"false";"-";"-"
"iso19115-3.2018";"5e5f77a1-fca2-413f-a05b-1ab52fd3c695";"188";"METADATA";"false";"-";"-"
"iso19139";"020c04f8-cc3d-4cd7-8af7-336b0a1a58f5";"127";"METADATA";"false";"-";"-"
"iso19139";"MAREE_COURANTS_MARNAGES_MGA_ME.xml";"293";"METADATA";"false";"-";"-"
"iso19115-3.2018";"dc04cf52-c727-4610-8c41-cc8d6b6fc8d0";"184";"METADATA";"false";"-";"-"
"iso19139";"02a63353-b1ad-487b-a343-b4971eaf4a98";"126";"METADATA";"false";"-";"-"
"iso19139";"2a236faf-26f8-4180-a3dc-513faaec02d4";"361";"METADATA";"false";"-";"-"
"iso19139";"fr-120066022-ldd-39c023ac-06a0-4634-b874-9294c83820fb";"291";"METADATA";"false";"-";"-"
"iso19139";"d4ec1d3f-7ae6-4049-920d-1504142f8404";"289";"METADATA";"false";"-";"-"
"iso19139";"434dc995-e1db-47d5-bf2e-077bd504aab6";"287";"METADATA";"false";"-";"-"
"iso19139";"a6870bd4-c418-4f4b-987c-b5f2f2503ac9";"327";"METADATA";"false";"-";"-"
"iso19110";"bd6743db-3ea9-41ee-9e93-aad6e7d316ec";"284";"METADATA";"false";"-";"N:\\data93\\Picardie\\Education_formation\\lycees_L93.shp"
"iso19139";"5c43ea42-2ebe-4a9f-9306-ac536faa936e";"281";"METADATA";"false";"-";"-"
"iso19139";"fr-120066022-ldd-64a312f4-96fd-43de-a216-a57e8d324674";"279";"METADATA";"false";"-";"-"
"iso19115-3.2018";"9d7e2875-b56b-42d7-b09c-899d9e3726f1";"178";"METADATA";"false";"-";"-"
"iso19139";"4c0bdf91-6a54-4d26-8483-4f3fab83732c";"277";"METADATA";"false";"-";"-"
"iso19115-3.2018";"37ad340a-3327-44e9-bce0-9ed294e88e0d";"176";"METADATA";"false";"-";"-"
"iso19139";"ee965118-2416-4d48-b07e-bbc696f002c2";"141";"METADATA";"false";"-";"-"
"iso19139";"014a4971-03f6-4da1-a8e4-aa07d428ba9e";"140";"METADATA";"false";"-";"-"
"iso19115-3.2018";"888f36ff-0cd8-4228-9db6-09e2f159ef57";"172";"METADATA";"false";"-";"-"
"iso19115-3.2018";"f373ce50-055c-455b-8ae0-2c1d892cac0c";"170";"METADATA";"false";"-";"-"
"iso19139";"fr-120066022-jdd-99fb7b58-afc1-42e8-ae55-28baf821390b";"273";"METADATA";"false";"-";"-"
"iso19139";"fd385d78-c569-46e4-8948-6b34d7247a4f";"272";"METADATA";"false";"-";"-"
"iso19139";"28c90335-a829-496d-8ff0-009e6eeb6c65";"269";"METADATA";"false";"-";"-"
"iso19115-3.2018";"3b6e9057-e807-448b-a32b-2733785ea91e";"167";"METADATA";"false";"-";"-"
"iso19139";"CARTO_S57.xml";"268";"METADATA";"false";"-";"-"
"iso19139";"76c5a153-a407-4293-a56b-5e0c853fc70a";"266";"METADATA";"false";"-";"-"
"iso19115-3.2018";"938c92ef-9fcc-495f-9f48-dcec19ec7cc8";"161";"METADATA";"false";"-";"-"
"iso19139";"MNT_COTIER_PASSION_CLIPPERTON_20m_WGS84.xml";"263";"METADATA";"false";"-";"-"
"iso19139";"fef83447-9049-408d-83dd-ec00e8fc1eea";"264";"METADATA";"false";"-";"-"
"iso19139";"MAREE_COURANTS_COURANTS2D.xml";"262";"METADATA";"false";"-";"-"
"iso19139";"CARTES_SPECIALES_AMP.xml";"260";"METADATA";"false";"-";"-"
"iso19139";"65e84454-7bb4-459b-bf27-6a2c621441f7";"350";"METADATA";"false";"-";"-"
"iso19115-3.2018";"3c0de4ca-e9d2-43da-923f-d0ecb3b0a6d3";"142";"METADATA";"false";"-";"-"
"iso19139";"02b1ef9c-d53c-400f-81bf-38dec751ce76";"159";"METADATA";"false";"-";"-"
"iso19139";"169c6e12-27e2-4175-be75-8ace55afc1bd";"257";"METADATA";"false";"-";"-"
"iso19115-3.2018";"0d6482f2-cea6-42fa-b769-37b212551260";"353";"METADATA";"false";"-";"-"
"iso19139";"8274cd24-a7d3-44c4-80af-d86412607682";"254";"METADATA";"false";"-";"-"
"iso19115-3.2018";"d24f9e78-af7a-4450-b819-a80baba637c9";"211";"METADATA";"false";"-";"-"
"iso19139";"MNT_GUY100m_HOMONIM_WGS84.xml";"253";"METADATA";"false";"-";"-"
"iso19139";"cdecc185-a8bd-4ac2-80aa-8297a84f1f63";"251";"METADATA";"false";"-";"-"
"iso19139";"96f486a2-f639-436c-bdb3-fd8416f1e40c";"247";"METADATA";"false";"-";"-"
"iso19139";"9e1ea778-d0ce-4b49-90b7-37bc0e448300";"146";"METADATA";"false";"-";"-"
"iso19115-3.2018";"50aa3037-ac17-4c0d-ad15-b43a5a0929ae";"352";"METADATA";"false";"-";"-"
"iso19115-3.2018";"9adf29e8-c53e-48a2-80ca-f5969f8cae00";"203";"METADATA";"false";"-";"-"
"iso19139";"04bcec79-5b25-4b16-b635-73115f7456e4";"133";"METADATA";"false";"-";"-"
"iso19115-3.2018";"10839c35-e544-4ce4-bb8b-cbd756b6ae31";"198";"METADATA";"false";"-";"-"
"iso19139";"01491630-78ce-49f3-b479-4b30dabc4c69";"132";"METADATA";"false";"-";"-"
"iso19115-3.2018";"db49325b-765a-4571-a701-e2e4cae91c1d";"194";"METADATA";"false";"-";"-"
"iso19139";"CARTO_SCAN_LITTO.xml";"242";"METADATA";"false";"-";"-"
"iso19139";"2f9683f2-fdc1-411e-95bc-0cff15466abe";"362";"METADATA";"false";"-";"-"
"iso19139";"9cb67ec4-916e-40a3-9871-9ed36ed2711c";"239";"METADATA";"false";"-";"-"
"iso19115-3.2018";"bb4bf5bf-7caf-409a-b7cd-9967b5496217";"187";"METADATA";"false";"-";"-"
"iso19139";"50e9b9f0-c688-48d4-8779-9c0501643287";"238";"METADATA";"false";"-";"-"
"iso19115-3.2018";"IGNF_BD-TOPO";"351";"METADATA";"false";"-";"-"
"iso19139";"fr-120066022-jdd-3b1b8b50-e862-46cb-a39a-9495de96ec34";"236";"METADATA";"false";"-";"-"
"iso19115-3.2018";"173e4f86-a4c0-4ee1-aee1-6b0b2e477f97";"183";"METADATA";"false";"-";"-"
"iso19139";"45aba313-4b9f-441b-910c-59f6ee688f3b";"347";"METADATA";"false";"-";"-"
"iso19139";"a3774ef6-809d-4dd1-984f-9254f49cbd0a";"156";"METADATA";"false";"-";"-"
"iso19139";"7d942388-38a8-4256-a93e-28ba3b4a4a32";"356";"METADATA";"false";"-";"-"
"iso19115-3.2018";"abaa9b74-6651-4358-b3d0-56e1cfa3083f";"180";"METADATA";"false";"-";"-"
"iso19115-3.2018";"a06b1f40-f85f-469e-a1af-ede1b578553d";"179";"METADATA";"false";"-";"-"
"iso19139";"40714000-4e7f-4712-a285-0ad1a85a6666";"233";"METADATA";"false";"-";"-"
"iso19139";"ospar_mpa_2014_01";"231";"METADATA";"false";"-";"-"
"iso19139";"fr-120066022-jdd-bc96a02d-2552-4645-87b1-25617bfbd141";"230";"METADATA";"false";"-";"-"
"iso19115-3.2018";"e1590f8f-7df5-4914-b2e8-e8ed44274929";"174";"METADATA";"false";"-";"-"
"iso19139";"9f1b1455-d932-418c-a291-d24d6071770f";"332";"METADATA";"false";"-";"-"
"iso19139";"23d23730-c0bf-11df-a9b6-005056987263";"226";"METADATA";"false";"-";"-"
"iso19139";"fr-120066022-jdd-c8a9e5cb-aa46-4ed4-ba8e-26fbed3b8fc9";"224";"METADATA";"false";"-";"-"
"iso19139";"fr-120066022-jdd-f20f8125-877e-46dc-8cf8-2a8a372045eb";"131";"METADATA";"false";"-";"-"
"iso19139";"46a008b9-76dc-4f7c-83fd-ea5a1ce53376";"222";"METADATA";"false";"-";"-"
"iso19139";"9e5b590c-d127-465b-a6b5-04ff07ebbb54";"220";"METADATA";"false";"-";"-"
"iso19115-3.2018";"735761d2-2e9c-4f07-b0c8-f4151d51c19f";"160";"METADATA";"false";"-";"-"
"iso19139";"fr-120066022-jdd-fffe68a9-d304-4ec3-9a21-8452c4d3adf8";"219";"METADATA";"false";"-";"-"
"iso19115-3.2018";"128bb085-2525-4b89-a739-2fa1538f97ca";"158";"METADATA";"false";"-";"-"
"iso19115-3.2018";"fcfee86f-e782-486b-9e3b-a6b0421fd08b";"155";"METADATA";"false";"-";"-"
"iso19139";"02366c9c-3b4d-4c92-803b-f4d2d8b434a5";"128";"METADATA";"false";"-";"-"
"iso19139";"fr-120066022-jdd-a2310936-fbfb-469c-84c2-a7aa5eef13be";"218";"METADATA";"false";"-";"-"
"iso19115-3.2018";"f936f399-f9d4-441d-9bb0-b17fb3b1b1b1";"147";"METADATA";"false";"-";"-"
"iso19139";"fr-120066022-jdd-6d8582f5-dff0-4a51-83a8-7521622e14a0";"217";"METADATA";"false";"-";"-"
"iso19115-3.2018";"7f969817-dcac-468a-af1a-7dad19f9afb2";"145";"METADATA";"false";"-";"-"
"iso19139";"b33faeda-f383-4b29-b2a7-2d81571936a0";"215";"METADATA";"false";"-";"-"
"iso19139";"39ec97e8-0247-4ef8-85a8-57b7e55eb4e4";"212";"METADATA";"false";"-";"-"
"iso19139";"2c97e3ba-2f99-4f0d-9009-f7cf3e877018";"311";"METADATA";"false";"-";"-"
"iso19139";"3237c81f-d78b-4b61-ae98-f939211d8a6a";"354";"METADATA";"false";"-";"-"
"iso19139";"a9033d4c-5ac7-4e79-975b-d80987b07061";"310";"METADATA";"false";"-";"-"
"iso19115-3.2018";"cb4b9bff-1619-4ec0-a63c-09d190e7090b";"213";"METADATA";"false";"-";"-"
"iso19139";"MNT_ATL100m_HOMONIM_WGS84.xml";"308";"METADATA";"false";"-";"-"
"iso19139";"72c891b2-d2f6-4198-9254-bae477775b35";"348";"METADATA";"false";"-";"-"
"iso19139";"5341af8f-428a-44f2-8921-74660d7a558b";"360";"METADATA";"false";"-";"-"
"iso19139";"011963da-afc0-494c-a2cc-5cbd59e122e4";"151";"METADATA";"false";"-";"-"
"iso19115-3.2018";"0ce36e05-47c8-4840-8a5b-c7496486f9cb";"208";"METADATA";"false";"-";"-"
"iso19115-3.2018";"b4f18d2d-d47c-4aaf-b638-01d76ba2a3b3";"200";"METADATA";"false";"-";"-"
"iso19139";"TEMP-ID-1740393197014";"359";"METADATA";"false";"-";"-"
"iso19139";"d3c2c469-ea38-4007-9d88-2815596faf72";"298";"METADATA";"false";"-";"-"
"iso19139";"MNT_COTIER_DETROIT_PDC_TANDEM_20m_WGS84.xml";"296";"METADATA";"false";"-";"-"
"iso19115-3.2018";"4d7bee3c-e8a5-43c2-88b4-649388945f5b";"193";"METADATA";"false";"-";"-"
"dcat-ap";"c29c6473-bc34-3c66-9c76-18f67d54d990";"320";"METADATA";"false";"-";"-"
"iso19115-3.2018";"n_tri_lill_inondable_s_059";"129";"METADATA";"false";"-";"-"
"iso19139";"fr-120066022-jdd-1edb9857-da88-4162-a4c1-30fd1055f7e7";"294";"METADATA";"false";"-";"-"
"iso19115-3.2018";"8b0cd761-c38e-46d5-9db2-40327bafbdca";"185";"METADATA";"false";"-";"-"
"iso19139";"5edb2130-56eb-425d-a92e-5e3934289c86";"292";"METADATA";"false";"-";"-"
"iso19139";"257b417c-0aa2-42a7-9007-33bfb71eba95";"325";"METADATA";"false";"-";"-"
"iso19139";"79a230c0-a414-46e3-82b7-d90de1a3ae25";"290";"METADATA";"false";"-";"-"
"iso19139";"MAREE_COURANTS_MARNAGES_MGA_SUP.xml";"288";"METADATA";"false";"-";"-"
"iso19139";"823901a6-e66b-4133-a35f-7abce185f077";"286";"METADATA";"false";"-";"-"
"iso19139";"MAREE_COURANTS_ZONES_MAREE.xml";"285";"METADATA";"false";"-";"-"
"iso19115-3.2018";"c05542aa-be9b-4989-93a7-2c496c048d9a";"181";"METADATA";"false";"-";"-"
"iso19139";"463171d0-337b-4e1c-8acb-618c2ee716b5";"283";"METADATA";"false";"-";"-"
"iso19139";"MAREE_COURANTS_TYPE_MAREE.xml";"282";"METADATA";"false";"-";"-"
"iso19139";"00487222-9fc0-490c-8f28-07dda6df08fc";"153";"METADATA";"false";"-";"-"
"iso19139";"fr-120066022-jdd-e9747dc8-e907-4c30-805d-6b4a71a71094";"280";"METADATA";"false";"-";"-"
"iso19139";"00b22798-ec8e-4500-89e8-90eeeda45919";"149";"METADATA";"false";"-";"-"
"iso19115-3.2018";"1bf35aa7-78e1-4fb2-963e-a7dd3d99f94a";"177";"METADATA";"false";"-";"-"
"iso19139";"MNT_COTIER_PORT_BSM_TANDEM_10m_WGS84.xml";"278";"METADATA";"false";"-";"-"
"iso19139";"91b39ed9-7747-48fb-b8a1-236bd80ee768";"276";"METADATA";"false";"-";"-"
"iso19139";"MNT_COTIER_MORBIHAN_TANDEM_20m_WGS84.xml";"275";"METADATA";"false";"-";"-"
"iso19139";"899ea7cf-b273-448d-8c94-c7b525e9db90";"326";"METADATA";"false";"-";"-"
"iso19139";"fa00a055-239a-4fdf-9d16-e2ad69208c42";"274";"METADATA";"false";"-";"-"
"iso19139";"00916a35-786b-4569-9da6-71ca64ca54b1";"137";"METADATA";"false";"-";"-"
"iso19139";"5d892152-5fc5-4180-960d-7a7bcbf7bed8";"270";"METADATA";"false";"-";"-"
"iso19139";"4b885139-1978-4bdd-b404-eb4d00257c8a";"271";"METADATA";"false";"-";"-"
"iso19115-3.2018";"c877a10c-80e8-4f88-8086-a5813af92999";"163";"METADATA";"false";"-";"-"
"iso19139";"fr-120066022-jdd-070629f5-484a-46e2-b87f-01791778e238";"267";"METADATA";"false";"-";"-"
"iso19115-3.2018";"5adcf746-bc5a-4115-8997-b8f86001431e";"162";"METADATA";"false";"-";"-"
"iso19139";"fr-120066022-jdd-25dfd720-470e-4380-bd11-8bcfe0f6f7ed";"265";"METADATA";"false";"-";"-"
"iso19115-3.2018";"eed22735-0947-4e2d-8de9-b9cfbf492c80";"150";"METADATA";"false";"-";"-"
"iso19110";"51125c34-3b72-4e23-af15-8c5083eda6d6";"261";"METADATA";"false";"-";"http://cartybeauvaisis.fr"
"iso19139";"ARCHIPEL_CARTES_MARINES_ANCIENNES.xml";"259";"METADATA";"false";"-";"-"
"iso19115-3.2018";"9cee721c-dc3d-42f7-82bc-c5cd78bbed28";"139";"METADATA";"false";"-";"-"
"iso19139";"a225ad1b-bde0-4ff9-886b-266660038492";"258";"METADATA";"false";"-";"-"
"iso19139";"fr-120066022-jdd-3e760d10-db81-4df4-994d-a2a613cbcacb";"255";"METADATA";"false";"-";"-"
"iso19139";"MNT_MED100m_CORSE_HOMONIM_WGS84.xml";"256";"METADATA";"false";"-";"-"
"iso19139";"MNT_COTIER_BAIE_SJL_TANDEM_20m_WGS84.xml";"252";"METADATA";"false";"-";"-"
"iso19139";"MNT_REU100m_HOMONIM_WGS84.xml";"249";"METADATA";"false";"-";"-"
"iso19139";"CARTO_GEOTIFF.xml";"250";"METADATA";"false";"-";"-"
"iso19115-3.2018";"e43e9109-80de-4079-add6-f2c4dfbf0ecb";"207";"METADATA";"false";"-";"-"
"iso19139";"ARCHIVES_MINUTES_ANCIENNES.xml";"248";"METADATA";"false";"-";"-"
"iso19115-3.2018";"401a1ac7-7222-4cf8-a7bb-f68090614056";"205";"METADATA";"false";"-";"-"
"iso19139";"3884cf8d-2d6a-4d0d-9535-e0bc7c25cb1e";"246";"METADATA";"false";"-";"-"
"iso19139";"004571b9-4649-42b3-9c28-a8cdc2bf53c7";"138";"METADATA";"false";"-";"-"
"iso19139";"OCEANO_MODELE_VAGUES.xml";"245";"METADATA";"false";"-";"-"
"iso19115-3.2018";"d9458451-dfdd-485d-9b4a-dc9f03c51381";"199";"METADATA";"false";"-";"-"
"iso19139";"c0b20bba-35e9-4ec6-85a5-9c54fbccdd06";"244";"METADATA";"false";"-";"-"
"iso19139";"e27e7006-fdf9-4004-b6c5-af2a5a5c025c";"136";"METADATA";"false";"-";"-"
"iso19115-3.2018";"8d3baee0-0693-4db0-8d1a-0fb53d9cf4d5";"197";"METADATA";"false";"-";"-"
"iso19115-3.2018";"b8b9e555-a4d1-49bf-940d-31bbbf7613fc";"195";"METADATA";"false";"-";"-"
"iso19115-3.2018";"91f9ebb0-9bea-48b4-8572-da17450913b6";"192";"METADATA";"false";"-";"-"
"iso19115-3.2018";"5afd1756-d338-477f-918d-5f407921b584";"190";"METADATA";"false";"-";"-"
"iso19139";"OCEANO_MODELE_METEO.xml";"243";"METADATA";"false";"-";"-"
"iso19139";"6d0bfdf4-4e94-48c6-9740-3f9facfd453c";"130";"METADATA";"false";"-";"-"
"iso19139";"TEMP-ID-1740039324750";"358";"METADATA";"false";"-";"-"
"iso19139";"5c0cb0fb-f673-4ca9-8a1b-6de2e938444a";"240";"METADATA";"false";"-";"-"
"iso19139";"622a367a-6a50-4651-8d4f-bf3ebcce9fef";"241";"METADATA";"false";"-";"-"
"iso19115-3.2018";"ad520048-5b21-4cb1-a55e-da9df2769c28";"186";"METADATA";"false";"-";"-"
"iso19139";"54577f46-cce6-4f10-9262-9a95cf1f1dce";"237";"METADATA";"false";"-";"-"
"iso19139";"a8b5e6c0-c21d-4c32-b8f9-10830215890a";"157";"METADATA";"false";"-";"-"
"iso19115-3.2018";"d4020d9d-9adc-4640-a19e-646aea07c3e3";"182";"METADATA";"false";"-";"-"
"iso19139";"fr-120066022-jdd-09370746-e2ef-4b58-b829-75ca56ca9327";"235";"METADATA";"false";"-";"-"
"iso19139";"9a876871-0244-41a4-b536-dd165dababfb";"234";"METADATA";"false";"-";"-"
"iso19139";"e68e26d0-b01b-4895-8951-70c324dd7afb";"232";"METADATA";"false";"-";"-"
"dcat-ap";"51e19866-35bd-3ee3-a49c-680943d5f8d4";"313";"METADATA";"false";"-";"-"
"iso19139";"98c48a91-b557-433c-9f72-337865d21d67";"355";"METADATA";"false";"-";"-"
"iso19115-3.2018";"8ae7a8a9-8ea1-4713-a709-0a451dc50ca9";"175";"METADATA";"false";"-";"-"
"iso19115-3.2018";"7298d577-2575-4e4f-8c92-2e9be9cdaeda";"173";"METADATA";"false";"-";"-"
"iso19139";"MNT_FACADE_PASSION_CLIPPERTON_100m_WGS84.xml";"228";"METADATA";"false";"-";"-"
"iso19139";"31858574-dfbd-4893-bc47-20d8037b1126";"229";"METADATA";"false";"-";"-"
"iso19139";"OCEANO_MODELE_HYDRODYN.xml";"227";"METADATA";"false";"-";"-"
"iso19115-3.2018";"1acca4fe-cdfb-49c3-ba79-e3af84d3ca1b";"171";"METADATA";"false";"-";"-"
"iso19115-3.2018";"594af8f3-6dff-43f1-befb-fe450c93e676";"169";"METADATA";"false";"-";"-"
"iso19139";"MAREE_COURANTS_MARNAGES_MGA_INF.xml";"225";"METADATA";"false";"-";"-"
"iso19115-3.2018";"56b0ce31-2829-4fbe-a880-129d7e941f69";"168";"METADATA";"false";"-";"-"
"iso19115-3.2018";"155eb3df-d68b-4d45-93fb-2cb1aca110a6";"166";"METADATA";"false";"-";"-"
"iso19115-3.2018";"2ec01747-2db3-4afd-9712-349c891564cb";"165";"METADATA";"false";"-";"-"
"iso19115-3.2018";"d7bc3dab-e1a6-4e51-8b52-ebde41895e7b";"164";"METADATA";"false";"-";"-"
"iso19139";"6cb64536-4e10-4200-b635-30d5106596e4";"223";"METADATA";"false";"-";"-"
"iso19139";"MNT_MED100m_GDL_CA_HOMONIM_WGS84.xml";"221";"METADATA";"false";"-";"-"
"iso19139";"627b3f08-4e05-4c0e-8412-363ccc365f4b";"216";"METADATA";"false";"-";"-"
"iso19139";"dabf9631-1689-4b35-be71-b70c1b929546";"214";"METADATA";"false";"-";"-"
"iso19115-3.2018";"663fdba6-2cd0-41b5-b469-94bb46b61a1b";"135";"METADATA";"false";"-";"-"
"iso19139";"ff43fad0-98ec-41b7-b0dd-5724d378e943";"210";"METADATA";"false";"-";"-"
