<?xml version="1.0" encoding="UTF-8"?>
<info version="1.1">
  <general>
    <createDate>2024-06-20T12:04:43</createDate>
    <changeDate>2025-03-24T09:04:50</changeDate>
    <schema>iso19139</schema>
    <isTemplate>n</isTemplate>
    <localId>1854418</localId>
    <format>full</format>
    <rating>0</rating>
    <popularity>0</popularity>
    <uuid>850e8f1a-4964-423f-8d50-11690da61c45</uuid>
    <siteId>9a30bf0c-05a8-4b17-a8ff-cd8808490474</siteId>
    <siteName>www.geodatenkatalog.de (S2F)</siteName>
  </general>
  <categories />
  <privileges>
    <group name="all">
      <operation name="view" />
      <operation name="dynamic" />
      <operation name="download" />
    </group>
  </privileges>
  <public />
  <private />
</info>

