<?xml version="1.0" encoding="UTF-8"?>
<info version="1.1">
  <general>
    <createDate>2023-03-17T07:38:08.875Z</createDate>
    <changeDate>2023-03-17T07:38:08.875Z</changeDate>
    <schema>iso19139</schema>
    <isTemplate>n</isTemplate>
    <localId>149</localId>
    <format>full</format>
    <rating>0</rating>
    <popularity>0</popularity>
    <uuid>00b22798-ec8e-4500-89e8-90eeeda45919</uuid>
    <siteId>3bef299d-cf82-4033-871b-875f6936b2e2</siteId>
    <siteName>GeoNetwork-UI Test Instance</siteName>
  </general>
  <categories />
  <privileges>
    <group name="all">
      <operation name="view" />
      <operation name="download" />
      <operation name="dynamic" />
    </group>
  </privileges>
  <public />
  <private />
</info>

