<?xml version="1.0" encoding="UTF-8"?>
<info version="1.1">
  <general>
    <createDate>2023-03-20T07:25:35.42Z</createDate>
    <changeDate>2024-03-18T10:21:17.214Z</changeDate>
    <schema>iso19115-3.2018</schema>
    <isTemplate>n</isTemplate>
    <localId>203</localId>
    <format>full</format>
    <rating>0</rating>
    <popularity>667</popularity>
    <uuid>9adf29e8-c53e-48a2-80ca-f5969f8cae00</uuid>
    <siteId>3bef299d-cf82-4033-871b-875f6936b2e2</siteId>
    <siteName>GeoNetwork-UI Test Instance</siteName>
  </general>
  <categories />
  <privileges>
    <group name="all">
      <operation name="view" />
      <operation name="download" />
      <operation name="dynamic" />
    </group>
  </privileges>
  <public />
  <private />
</info>

