<?xml version="1.0" encoding="UTF-8"?>
<gmd:MD_Metadata xmlns:gmd="http://www.isotc211.org/2005/gmd" xmlns:gco="http://www.isotc211.org/2005/gco" xmlns:ns2="http://www.isotc211.org/2005/gco" xmlns:xlink="http://www.w3.org/1999/xlink" xmlns:gts="http://www.isotc211.org/2005/gts" xmlns:xsi="http://www.w3.org/2001/XMLSchema-instance" xmlns:gfc="http://www.isotc211.org/2005/gfc" xmlns:gml="http://www.opengis.net/gml" xmlns:gmx="http://www.isotc211.org/2005/gmx" xmlns:geonet="http://www.fao.org/geonetwork" xsi:schemaLocation="http://www.isotc211.org/2005/gmd http://www.isotc211.org/2005/gmd/gmd.xsd">
  <gmd:fileIdentifier>
    <gco:CharacterString>MAREE_COURANTS_TYPE_MAREE.xml</gco:CharacterString>
  </gmd:fileIdentifier>
  <gmd:language>
    <gmd:LanguageCode codeList="http://www.loc.gov/standards/iso639-2/" codeListValue="fre">fre</gmd:LanguageCode>
  </gmd:language>
  <gmd:characterSet>
    <gmd:MD_CharacterSetCode codeListValue="utf8" codeList="http://standards.iso.org/ittf/PubliclyAvailableStandards/ISO_19139_Schemas/resources/Codelist/ML_gmxCodelists.xml#MD_CharacterSetCode" />
  </gmd:characterSet>
  <gmd:hierarchyLevel>
    <gmd:MD_ScopeCode codeListValue="dataset" codeList="http://standards.iso.org/ittf/PubliclyAvailableStandards/ISO_19139_Schemas/resources/Codelist/ML_gmxCodelists.xml#MD_ScopeCode" />
  </gmd:hierarchyLevel>
  <gmd:hierarchyLevelName>
    <gco:CharacterString>Jeu de données</gco:CharacterString>
  </gmd:hierarchyLevelName>
  <gmd:contact>
    <gmd:CI_ResponsibleParty>
      <gmd:organisationName>
        <gco:CharacterString>Shom</gco:CharacterString>
      </gmd:organisationName>
      <gmd:contactInfo>
        <gmd:CI_Contact>
          <gmd:address>
            <gmd:CI_Address>
              <gmd:deliveryPoint>
                <gco:CharacterString>13 rue du Chatellier</gco:CharacterString>
              </gmd:deliveryPoint>
              <gmd:city>
                <gco:CharacterString>BREST</gco:CharacterString>
              </gmd:city>
              <gmd:postalCode>
                <gco:CharacterString>29200</gco:CharacterString>
              </gmd:postalCode>
              <gmd:country>
                <gco:CharacterString>France</gco:CharacterString>
              </gmd:country>
              <gmd:electronicMailAddress>
                <gco:CharacterString>data-support@shom.fr</gco:CharacterString>
              </gmd:electronicMailAddress>
            </gmd:CI_Address>
          </gmd:address>
        </gmd:CI_Contact>
      </gmd:contactInfo>
      <gmd:role>
        <gmd:CI_RoleCode codeListValue="pointOfContact" codeList="http://standards.iso.org/ittf/PubliclyAvailableStandards/ISO_19139_Schemas/resources/Codelist/ML_gmxCodelists.xml#CI_RoleCode" />
      </gmd:role>
    </gmd:CI_ResponsibleParty>
  </gmd:contact>
  <gmd:dateStamp>
    <gco:DateTime>2014-04-16T15:04:05</gco:DateTime>
  </gmd:dateStamp>
  <gmd:metadataStandardName>
    <gco:CharacterString>ISO 19115:2003/19139</gco:CharacterString>
  </gmd:metadataStandardName>
  <gmd:metadataStandardVersion>
    <gco:CharacterString>1.0</gco:CharacterString>
  </gmd:metadataStandardVersion>
  <gmd:locale>
    <gmd:PT_Locale id="EN">
      <gmd:languageCode>
        <gmd:LanguageCode codeList="http://www.loc.gov/standards/iso639-2/" codeListValue="eng" />
      </gmd:languageCode>
      <gmd:characterEncoding>
        <gmd:MD_CharacterSetCode codeList="http://standards.iso.org/ittf/PubliclyAvailableStandards/ISO_19139_Schemas/resources/codelist/ML_gmxCodelists.xml#MD_CharacterSetCode" codeListValue="utf8" />
      </gmd:characterEncoding>
    </gmd:PT_Locale>
  </gmd:locale>
  <gmd:referenceSystemInfo>
    <gmd:MD_ReferenceSystem>
      <gmd:referenceSystemIdentifier>
        <gmd:RS_Identifier>
          <gmd:code>
            <gmx:Anchor xlink:href="http://www.opengis.net/def/crs/EPSG/0/4326">WGS 84 (EPSG:4326)</gmx:Anchor>
          </gmd:code>
        </gmd:RS_Identifier>
      </gmd:referenceSystemIdentifier>
    </gmd:MD_ReferenceSystem>
  </gmd:referenceSystemInfo>
  <gmd:identificationInfo>
    <gmd:MD_DataIdentification>
      <gmd:citation>
        <gmd:CI_Citation>
          <gmd:title xsi:type="gmd:PT_FreeText_PropertyType">
            <gco:CharacterString>Les types de marée dans le monde</gco:CharacterString>
            <gmd:PT_FreeText>
              <gmd:textGroup>
                <gmd:LocalisedCharacterString locale="#EN">Types of tides worldwide</gmd:LocalisedCharacterString>
              </gmd:textGroup>
            </gmd:PT_FreeText>
          </gmd:title>
          <gmd:date>
            <gmd:CI_Date>
              <gmd:date>
                <gco:Date>2014-04-16</gco:Date>
              </gmd:date>
              <gmd:dateType>
                <gmd:CI_DateTypeCode codeListValue="publication" codeList="http://standards.iso.org/ittf/PubliclyAvailableStandards/ISO_19139_Schemas/resources/Codelist/ML_gmxCodelists.xml#CI_DateTypeCode" />
              </gmd:dateType>
            </gmd:CI_Date>
          </gmd:date>
          <gmd:identifier>
            <gmd:MD_Identifier>
              <gmd:code>
                <gco:CharacterString>http://www.shom.fr/MAREE_COURANTS/TYPE_MAREE</gco:CharacterString>
              </gmd:code>
            </gmd:MD_Identifier>
          </gmd:identifier>
        </gmd:CI_Citation>
      </gmd:citation>
      <gmd:abstract xsi:type="gmd:PT_FreeText_PropertyType">
        <gco:CharacterString>Ce produit présente la répartition mondiale des types de marée.
Il existe quatre types de marée, classés selon le nombre et la hauteur des pleines et basses mers de chaque jour :
la marée semi-diurne : on observe chaque jour deux pleines et deux basses mers ayant sensiblement la même hauteur. 
la marée semi-diurne à inégalités diurnes : on observe chaque jour deux pleines et deux basses mers (comme dans le cas semi-diurne) mais avec des différences importantes entre les hauteurs des pleines et des basses mers d’une même journée, 
la marée diurne : on observe chaque jour une seule pleine mer et une seule basse mer par jour
la marée mixte : on observe tantôt une marée de type diurne et tantôt une marée de type semi-diurne ou à inégalités diurnes.</gco:CharacterString>
        <gmd:PT_FreeText>
          <gmd:textGroup>
            <gmd:LocalisedCharacterString locale="#EN">This product shows the international distribution of types of tides. Four types of tides exist, and are classified based on the number and height of high and low waters each day: 
						semi-diurnal tide: two high tides and two low tides with approximately the same height are recorded each day. 
						Mixed tides with diurnal inequality: two high and low tides are recorded daily (just like with semi-diurnal tides), however the heights of the high and low waters vary significantly over the same day. Diurnal tides: one single high tide and one single low tide are recorded each day. 
						Composite: tides can be diurnal or semi-diurnal or mixed.</gmd:LocalisedCharacterString>
          </gmd:textGroup>
        </gmd:PT_FreeText>
      </gmd:abstract>
      <gmd:pointOfContact>
        <gmd:CI_ResponsibleParty>
          <gmd:organisationName>
            <gco:CharacterString>Shom</gco:CharacterString>
          </gmd:organisationName>
          <gmd:contactInfo>
            <gmd:CI_Contact>
              <gmd:address>
                <gmd:CI_Address>
                  <gmd:deliveryPoint>
                    <gco:CharacterString>13 rue du Chatellier</gco:CharacterString>
                  </gmd:deliveryPoint>
                  <gmd:city>
                    <gco:CharacterString>BREST</gco:CharacterString>
                  </gmd:city>
                  <gmd:postalCode>
                    <gco:CharacterString>29200</gco:CharacterString>
                  </gmd:postalCode>
                  <gmd:country>
                    <gco:CharacterString>France</gco:CharacterString>
                  </gmd:country>
                  <gmd:electronicMailAddress>
                    <gco:CharacterString>data-support@shom.fr</gco:CharacterString>
                  </gmd:electronicMailAddress>
                </gmd:CI_Address>
              </gmd:address>
            </gmd:CI_Contact>
          </gmd:contactInfo>
          <gmd:role>
            <gmd:CI_RoleCode codeListValue="pointOfContact" codeList="http://standards.iso.org/ittf/PubliclyAvailableStandards/ISO_19139_Schemas/resources/Codelist/ML_gmxCodelists.xml#CI_RoleCode" />
          </gmd:role>
        </gmd:CI_ResponsibleParty>
      </gmd:pointOfContact>
      <gmd:resourceMaintenance>
        <gmd:MD_MaintenanceInformation>
          <gmd:maintenanceAndUpdateFrequency>
            <gmd:MD_MaintenanceFrequencyCode codeList="http://standards.iso.org/ittf/PubliclyAvailableStandards/ISO_19139_Schemas/resources/Codelist/ML_gmxCodelists.xml#MD_MaintenanceFrequencyCode" codeListValue="notPlanned" />
          </gmd:maintenanceAndUpdateFrequency>
        </gmd:MD_MaintenanceInformation>
      </gmd:resourceMaintenance>
      <gmd:graphicOverview xmlns:srv="http://www.isotc211.org/2005/srv">
        <gmd:MD_BrowseGraphic>
          <gmd:fileName>
            <gco:CharacterString>https://geonetwork-ui.apps.gs-ch-prod.camptocamp.com/geonetwork/srv/api/records/MAREE_COURANTS_TYPE_MAREE.xml/attachments/typeMaree.PNG</gco:CharacterString>
          </gmd:fileName>
          <gmd:fileDescription>
            <gco:CharacterString>thumbnail</gco:CharacterString>
          </gmd:fileDescription>
          <gmd:fileType>
            <gco:CharacterString>png</gco:CharacterString>
          </gmd:fileType>
        </gmd:MD_BrowseGraphic>
      </gmd:graphicOverview>
      <gmd:graphicOverview xmlns:srv="http://www.isotc211.org/2005/srv">
        <gmd:MD_BrowseGraphic>
          <gmd:fileName>
            <gco:CharacterString>https://geonetwork-ui.apps.gs-ch-prod.camptocamp.com/geonetwork/srv/api/records/MAREE_COURANTS_TYPE_MAREE.xml/attachments/typeMaree.PNG</gco:CharacterString>
          </gmd:fileName>
          <gmd:fileDescription>
            <gco:CharacterString>large_thumbnail</gco:CharacterString>
          </gmd:fileDescription>
          <gmd:fileType>
            <gco:CharacterString>png</gco:CharacterString>
          </gmd:fileType>
        </gmd:MD_BrowseGraphic>
      </gmd:graphicOverview>
      <gmd:descriptiveKeywords>
        <gmd:MD_Keywords>
          <gmd:keyword>
            <gco:CharacterString>/Données dérivées/Données de type modèle</gco:CharacterString>
          </gmd:keyword>
          <gmd:type>
            <gmd:MD_KeywordTypeCode codeList="http://standards.iso.org/ittf/PubliclyAvailableStandards/ISO_19139_Schemas/resources/codelist/ML_gmxCodelists.xml#MD_KeywordTypeCode" codeListValue="theme" />
          </gmd:type>
          <gmd:thesaurusName>
            <gmd:CI_Citation>
              <gmd:title>
                <gco:CharacterString>Type de jeux de donnée - ODATIS</gco:CharacterString>
              </gmd:title>
              <gmd:identifier>
                <gmd:MD_Identifier>
                  <gmd:code>
                    <gmx:Anchor xlink:href="https://sextant.ifremer.fr/geonetwork/srv/eng/thesaurus.download?ref=local.theme.type_jeux_donnee">geonetwork.thesaurus.local.theme.type_jeux_donnee</gmx:Anchor>
                  </gmd:code>
                </gmd:MD_Identifier>
              </gmd:identifier>
            </gmd:CI_Citation>
          </gmd:thesaurusName>
        </gmd:MD_Keywords>
      </gmd:descriptiveKeywords>
      <gmd:descriptiveKeywords>
        <gmd:MD_Keywords>
          <gmd:keyword>
            <gco:CharacterString>National</gco:CharacterString>
          </gmd:keyword>
          <gmd:type>
            <gmd:MD_KeywordTypeCode codeList="http://standards.iso.org/ittf/PubliclyAvailableStandards/ISO_19139_Schemas/resources/codelist/ML_gmxCodelists.xml#MD_KeywordTypeCode" codeListValue="place" />
          </gmd:type>
          <gmd:thesaurusName>
            <gmd:CI_Citation>
              <gmd:title>
                <gco:CharacterString>Sous-regions marines</gco:CharacterString>
              </gmd:title>
              <gmd:identifier>
                <gmd:MD_Identifier>
                  <gmd:code>
                    <gmx:Anchor xlink:href="https://sextant.ifremer.fr/geonetwork/srv/eng/thesaurus.download?ref=local.place.dcsmm.area">geonetwork.thesaurus.local.place.dcsmm.area</gmx:Anchor>
                  </gmd:code>
                </gmd:MD_Identifier>
              </gmd:identifier>
            </gmd:CI_Citation>
          </gmd:thesaurusName>
        </gmd:MD_Keywords>
      </gmd:descriptiveKeywords>
      <gmd:descriptiveKeywords>
        <gmd:MD_Keywords>
          <gmd:keyword>
            <gco:CharacterString>/Etat du Milieu/Hydrodynamique</gco:CharacterString>
          </gmd:keyword>
          <gmd:type>
            <gmd:MD_KeywordTypeCode codeList="http://standards.iso.org/ittf/PubliclyAvailableStandards/ISO_19139_Schemas/resources/codelist/ML_gmxCodelists.xml#MD_KeywordTypeCode" codeListValue="theme" />
          </gmd:type>
          <gmd:thesaurusName>
            <gmd:CI_Citation>
              <gmd:title>
                <gco:CharacterString>Thématiques - SIMM</gco:CharacterString>
              </gmd:title>
              <gmd:identifier>
                <gmd:MD_Identifier>
                  <gmd:code>
                    <gmx:Anchor xlink:href="https://sextant.ifremer.fr/geonetwork/srv/eng/thesaurus.download?ref=local.theme.simm.thematiques">geonetwork.thesaurus.local.theme.simm.thematiques</gmx:Anchor>
                  </gmd:code>
                </gmd:MD_Identifier>
              </gmd:identifier>
            </gmd:CI_Citation>
          </gmd:thesaurusName>
        </gmd:MD_Keywords>
      </gmd:descriptiveKeywords>
      <gmd:descriptiveKeywords>
        <gmd:MD_Keywords>
          <gmd:keyword xsi:type="gmd:PT_FreeText_PropertyType">
            <gco:CharacterString>marée</gco:CharacterString>
            .
            <gmd:PT_FreeText>
              <gmd:textGroup>
                <gmd:LocalisedCharacterString locale="#EN">tide</gmd:LocalisedCharacterString>
              </gmd:textGroup>
            </gmd:PT_FreeText>
          </gmd:keyword>
          <gmd:keyword xsi:type="gmd:PT_FreeText_PropertyType">
            <gco:CharacterString>diurne</gco:CharacterString>
            <gmd:PT_FreeText>
              <gmd:textGroup>
                <gmd:LocalisedCharacterString locale="#EN">diurnal</gmd:LocalisedCharacterString>
              </gmd:textGroup>
            </gmd:PT_FreeText>
          </gmd:keyword>
          <gmd:keyword xsi:type="gmd:PT_FreeText_PropertyType">
            <gco:CharacterString>semi-diurne</gco:CharacterString>
            <gmd:PT_FreeText>
              <gmd:textGroup>
                <gmd:LocalisedCharacterString locale="#EN">semi-diurnal</gmd:LocalisedCharacterString>
              </gmd:textGroup>
            </gmd:PT_FreeText>
          </gmd:keyword>
          <gmd:keyword xsi:type="gmd:PT_FreeText_PropertyType">
            <gco:CharacterString>Produit</gco:CharacterString>
            <gmd:PT_FreeText>
              <gmd:textGroup>
                <gmd:LocalisedCharacterString locale="#EN">product</gmd:LocalisedCharacterString>
              </gmd:textGroup>
            </gmd:PT_FreeText>
          </gmd:keyword>
          <gmd:keyword xsi:type="gmd:PT_FreeText_PropertyType">
            <gco:CharacterString>données ouvertes</gco:CharacterString>
            <gmd:PT_FreeText>
              <gmd:textGroup>
                <gmd:LocalisedCharacterString locale="#EN">open data</gmd:LocalisedCharacterString>
              </gmd:textGroup>
            </gmd:PT_FreeText>
          </gmd:keyword>
          <gmd:type>
            <gmd:MD_KeywordTypeCode codeListValue="theme" codeList="http://standards.iso.org/ittf/PubliclyAvailableStandards/ISO_19139_Schemas/resources/Codelist/ML_gmxCodelists.xml#MD_KeywordTypeCode" />
          </gmd:type>
        </gmd:MD_Keywords>
      </gmd:descriptiveKeywords>
      <gmd:descriptiveKeywords>
        <gmd:MD_Keywords>
          <gmd:keyword xsi:type="gmd:PT_FreeText_PropertyType">
            <gmx:Anchor xlink:href="http://inspire.ec.europa.eu/theme/of">Caractéristiques géographiques océanographiques</gmx:Anchor>
            <gmd:PT_FreeText>
              <gmd:textGroup>
                <gmd:LocalisedCharacterString locale="#EN">Oceanographic geographical features</gmd:LocalisedCharacterString>
              </gmd:textGroup>
            </gmd:PT_FreeText>
          </gmd:keyword>
          <gmd:type>
            <gmd:MD_KeywordTypeCode codeListValue="theme" codeList="http://www.isotc211.org/2005/resources/codeList.xml#MD_KeywordTypeCode" />
          </gmd:type>
          <gmd:thesaurusName>
            <gmd:CI_Citation>
              <gmd:title>
                <gmx:Anchor xlink:href="https://www.eionet.europa.eu/gemet/en/inspire-themes/">GEMET - INSPIRE themes, version 1.0</gmx:Anchor>
              </gmd:title>
              <gmd:date>
                <gmd:CI_Date>
                  <gmd:date>
                    <gco:Date>2008-06-01</gco:Date>
                  </gmd:date>
                  <gmd:dateType>
                    <gmd:CI_DateTypeCode codeList="http://standards.iso.org/ittf/PubliclyAvailableStandards/ISO_19139_Schemas/resources/codelist/ML_gmxCodelists.xml#CI_DateTypeCode" codeListValue="publication">publication</gmd:CI_DateTypeCode>
                  </gmd:dateType>
                </gmd:CI_Date>
              </gmd:date>
            </gmd:CI_Citation>
          </gmd:thesaurusName>
        </gmd:MD_Keywords>
      </gmd:descriptiveKeywords>
      <gmd:descriptiveKeywords>
        <gmd:MD_Keywords>
          <gmd:keyword>
            <gmx:Anchor xlink:href="http://data.europa.eu/bna/c_dd313021">Observation de la terre et environnement</gmx:Anchor>
          </gmd:keyword>
          <gmd:thesaurusName>
            <gmd:CI_Citation>
              <gmd:title>
                <gmx:Anchor xlink:href="http://publications.europa.eu/resource/dataset/high-value-dataset-category">High-value dataset categories</gmx:Anchor>
              </gmd:title>
              <gmd:date>
                <gmd:CI_Date>
                  <gmd:date>
                    <gco:Date>2023-09-27</gco:Date>
                  </gmd:date>
                  <gmd:dateType>
                    <gmd:CI_DateTypeCode codeList="http://standards.iso.org/ittf/PubliclyAvailableStandards/ISO_19139_Schemas/resources/codelist/ML_gmxCodelists.xml#CI_DateTypeCode" codeListValue="publication" />
                  </gmd:dateType>
                </gmd:CI_Date>
              </gmd:date>
            </gmd:CI_Citation>
          </gmd:thesaurusName>
        </gmd:MD_Keywords>
      </gmd:descriptiveKeywords>
      <gmd:resourceConstraints>
        <gmd:MD_Constraints>
          <gmd:useLimitation xsi:type="gmd:PT_FreeText_PropertyType">
            <gco:CharacterString>Utilisation libre sous réserve de citer les sources.</gco:CharacterString>
            <gmd:PT_FreeText>
              <gmd:textGroup>
                <gmd:LocalisedCharacterString locale="#EN">Data may be freely used providing that the source is mentioned.</gmd:LocalisedCharacterString>
              </gmd:textGroup>
            </gmd:PT_FreeText>
          </gmd:useLimitation>
          <gmd:useLimitation xsi:type="gmd:PT_FreeText_PropertyType">
            <gco:CharacterString>Ne pas utiliser pour la navigation</gco:CharacterString>
            <gmd:PT_FreeText>
              <gmd:textGroup>
                <gmd:LocalisedCharacterString locale="#EN">Do not use for navigation</gmd:LocalisedCharacterString>
              </gmd:textGroup>
            </gmd:PT_FreeText>
          </gmd:useLimitation>
        </gmd:MD_Constraints>
      </gmd:resourceConstraints>
      <gmd:resourceConstraints>
        <gmd:MD_SecurityConstraints>
          <gmd:classification>
            <gmd:MD_ClassificationCode codeList="http://standards.iso.org/ittf/PubliclyAvailableStandards/ISO_19139_Schemas/resources/Codelist/ML_gmxCodelists.xml#MD_ClassificationCode" codeListValue="unclassified" />
          </gmd:classification>
        </gmd:MD_SecurityConstraints>
      </gmd:resourceConstraints>
      <gmd:resourceConstraints>
        <gmd:MD_LegalConstraints>
          <gmd:useLimitation>
            <gco:CharacterString>Donnée diffusée sous licence Opendata "Licence Ouverte" (version 1.0 d'octobre 2011), définie par la mission Etalab.</gco:CharacterString>
          </gmd:useLimitation>
          <gmd:accessConstraints>
            <gmd:MD_RestrictionCode codeList="http://www.isotc211.org/2005/resources/codeList.xml#MD_RestrictionCode" codeListValue="license" />
          </gmd:accessConstraints>
          <gmd:useConstraints>
            <gmd:MD_RestrictionCode codeList="http://www.isotc211.org/2005/resources/codeList.xml#MD_RestrictionCode" codeListValue="otherRestrictions" />
          </gmd:useConstraints>
          <gmd:otherConstraints>
            <gco:CharacterString>Licence Ouverte" (version 1.0 d'octobre 2011), définie par la mission Etalab.4.0)</gco:CharacterString>
          </gmd:otherConstraints>
        </gmd:MD_LegalConstraints>
      </gmd:resourceConstraints>
      <gmd:resourceConstraints>
        <gmd:MD_LegalConstraints>
          <gmd:accessConstraints>
            <gmd:MD_RestrictionCode codeList="http://standards.iso.org/ittf/PubliclyAvailableStandards/ISO_19139_Schemas/resources/codelist/ML_gmxCodelists.xml#MD_RestrictionCode" codeListValue="otherRestrictions" />
          </gmd:accessConstraints>
          <gmd:otherConstraints>
            <gmx:Anchor xlink:href="http://inspire.ec.europa.eu/metadata-codelist/LimitationsOnPublicAccess/noLimitations">Pas de restriction d'accès public.</gmx:Anchor>
          </gmd:otherConstraints>
        </gmd:MD_LegalConstraints>
      </gmd:resourceConstraints>
      <gmd:spatialRepresentationType>
        <gmd:MD_SpatialRepresentationTypeCode codeListValue="vector" codeList="http://standards.iso.org/ittf/PubliclyAvailableStandards/ISO_19139_Schemas/resources/Codelist/ML_gmxCodelists.xml#MD_SpatialRepresentationTypeCode" />
      </gmd:spatialRepresentationType>
      <gmd:language>
        <gmd:LanguageCode codeList="http://www.loc.gov/standards/iso639-2/" codeListValue="fre">fre</gmd:LanguageCode>
      </gmd:language>
      <gmd:characterSet>
        <gmd:MD_CharacterSetCode codeListValue="utf8" codeList="http://www.isotc211.org/2005/resources/codeList.xml#MD_CharacterSetCode">utf8</gmd:MD_CharacterSetCode>
      </gmd:characterSet>
      <gmd:topicCategory>
        <gmd:MD_TopicCategoryCode>oceans</gmd:MD_TopicCategoryCode>
      </gmd:topicCategory>
      <gmd:extent>
        <gmd:EX_Extent>
          <gmd:description>
            <gco:CharacterString>Monde</gco:CharacterString>
          </gmd:description>
          <gmd:geographicElement>
            <gmd:EX_GeographicBoundingBox>
              <gmd:westBoundLongitude>
                <gco:Decimal>-180.00</gco:Decimal>
              </gmd:westBoundLongitude>
              <gmd:eastBoundLongitude>
                <gco:Decimal>180.00</gco:Decimal>
              </gmd:eastBoundLongitude>
              <gmd:southBoundLatitude>
                <gco:Decimal>-90.00</gco:Decimal>
              </gmd:southBoundLatitude>
              <gmd:northBoundLatitude>
                <gco:Decimal>90.00</gco:Decimal>
              </gmd:northBoundLatitude>
            </gmd:EX_GeographicBoundingBox>
          </gmd:geographicElement>
        </gmd:EX_Extent>
      </gmd:extent>
    </gmd:MD_DataIdentification>
  </gmd:identificationInfo>
  <gmd:distributionInfo>
    <gmd:MD_Distribution>
      <gmd:distributionFormat>
        <gmd:MD_Format>
          <gmd:name>
            <gco:CharacterString>SHAPEFILE</gco:CharacterString>
          </gmd:name>
          <gmd:version>
            <gco:CharacterString>inapplicable</gco:CharacterString>
          </gmd:version>
        </gmd:MD_Format>
      </gmd:distributionFormat>
      <gmd:distributionFormat>
        <gmd:MD_Format>
          <gmd:name>
            <gco:CharacterString>GML</gco:CharacterString>
          </gmd:name>
          <gmd:version>
            <gco:CharacterString>3.2</gco:CharacterString>
          </gmd:version>
        </gmd:MD_Format>
      </gmd:distributionFormat>
      <gmd:distributor>
        <gmd:MD_Distributor>
          <gmd:distributorContact>
            <gmd:CI_ResponsibleParty>
              <gmd:organisationName>
                <gco:CharacterString>Shom</gco:CharacterString>
              </gmd:organisationName>
              <gmd:contactInfo>
                <gmd:CI_Contact>
                  <gmd:address>
                    <gmd:CI_Address>
                      <gmd:electronicMailAddress>
                        <gco:CharacterString>data-support@shom.fr</gco:CharacterString>
                      </gmd:electronicMailAddress>
                    </gmd:CI_Address>
                  </gmd:address>
                </gmd:CI_Contact>
              </gmd:contactInfo>
              <gmd:role>
                <gmd:CI_RoleCode codeList="http://standards.iso.org/ittf/PubliclyAvailableStandards/ISO_19139_Schemas/resources/Codelist/ML_gmxCodelists.xml#CI_RoleCode" codeListValue="pointOfContact" />
              </gmd:role>
            </gmd:CI_ResponsibleParty>
          </gmd:distributorContact>
        </gmd:MD_Distributor>
      </gmd:distributor>
      <gmd:transferOptions>
        <gmd:MD_DigitalTransferOptions>
          <gmd:onLine>
            <gmd:CI_OnlineResource>
              <gmd:linkage>
                <gmd:URL>https://data.shom.fr</gmd:URL>
              </gmd:linkage>
              <gmd:protocol>
                <gco:CharacterString>WWW:LINK-1.0-http--link</gco:CharacterString>
              </gmd:protocol>
              <gmd:name xsi:type="gmd:PT_FreeText_PropertyType">
                <gco:CharacterString>Portail d'information géographique du Shom</gco:CharacterString>
                <gmd:PT_FreeText>
                  <gmd:textGroup>
                    <gmd:LocalisedCharacterString locale="#EN">Shom geoportal</gmd:LocalisedCharacterString>
                  </gmd:textGroup>
                </gmd:PT_FreeText>
              </gmd:name>
              <gmd:description xsi:type="gmd:PT_FreeText_PropertyType">
                <gco:CharacterString>Portail d'information géographique du Shom</gco:CharacterString>
                <gmd:PT_FreeText>
                  <gmd:textGroup>
                    <gmd:LocalisedCharacterString locale="#EN">Shom geoportal</gmd:LocalisedCharacterString>
                  </gmd:textGroup>
                </gmd:PT_FreeText>
              </gmd:description>
            </gmd:CI_OnlineResource>
          </gmd:onLine>
          <gmd:onLine>
            <gmd:CI_OnlineResource>
              <gmd:linkage>
                <gmd:URL>https://services.data.shom.fr/INSPIRE/wms/r?service=WMS&amp;request=GetCapabilities&amp;version=1.3.0</gmd:URL>
              </gmd:linkage>
              <gmd:protocol>
                <gmx:Anchor xlink:href="http://www.opengis.net/def/serviceType/ogc/wms">OGC Web Map Service</gmx:Anchor>
              </gmd:protocol>
              <gmd:applicationProfile>
                <gmx:Anchor xlink:href="http://inspire.ec.europa.eu/metadata-codelist/SpatialDataServiceType/view">Service de consultation</gmx:Anchor>
              </gmd:applicationProfile>
              <gmd:name>
                <gco:CharacterString>TYPE_MAREE_PYR_PNG_3857_WMSR</gco:CharacterString>
              </gmd:name>
              <gmd:description xsi:type="gmd:PT_FreeText_PropertyType">
                <gmx:Anchor xlink:href="http://inspire.ec.europa.eu/metadata-codelist/OnLineDescriptionCode/accessPoint">Access point / WMS Les types de marée dans le monde</gmx:Anchor>
                <gmd:PT_FreeText>
                  <gmd:textGroup>
                    <gmd:LocalisedCharacterString locale="#EN">Access point / WMS</gmd:LocalisedCharacterString>
                  </gmd:textGroup>
                </gmd:PT_FreeText>
              </gmd:description>
            </gmd:CI_OnlineResource>
          </gmd:onLine>
          <gmd:onLine>
            <gmd:CI_OnlineResource>
              <gmd:linkage>
                <gmd:URL>https://services.data.shom.fr/INSPIRE/telechargement/prepackageGroup/TYPE_MAREE_PACK_DL/prepackage/PACK/file/PACK.7z</gmd:URL>
              </gmd:linkage>
              <gmd:protocol>
                <gco:CharacterString>WWW:LINK-1.0-http--link</gco:CharacterString>
              </gmd:protocol>
              <gmd:name xsi:type="gmd:PT_FreeText_PropertyType">
                <gco:CharacterString>Service de téléchargement du produit Types de marée</gco:CharacterString>
                <gmd:PT_FreeText>
                  <gmd:textGroup>
                    <gmd:LocalisedCharacterString locale="#EN">Download service</gmd:LocalisedCharacterString>
                  </gmd:textGroup>
                </gmd:PT_FreeText>
              </gmd:name>
              <gmd:description xsi:type="gmd:PT_FreeText_PropertyType">
                <gco:CharacterString>Service de téléchargement du produit Types de marée</gco:CharacterString>
                <gmd:PT_FreeText>
                  <gmd:textGroup>
                    <gmd:LocalisedCharacterString locale="#EN">Download service</gmd:LocalisedCharacterString>
                  </gmd:textGroup>
                </gmd:PT_FreeText>
              </gmd:description>
            </gmd:CI_OnlineResource>
          </gmd:onLine>
        </gmd:MD_DigitalTransferOptions>
      </gmd:transferOptions>
    </gmd:MD_Distribution>
  </gmd:distributionInfo>
  <gmd:dataQualityInfo>
    <gmd:DQ_DataQuality>
      <gmd:scope>
        <gmd:DQ_Scope>
          <gmd:level>
            <gmd:MD_ScopeCode codeListValue="dataset" codeList="http://standards.iso.org/ittf/PubliclyAvailableStandards/ISO_19139_Schemas/resources/Codelist/ML_gmxCodelists.xml#MD_ScopeCode" />
          </gmd:level>
        </gmd:DQ_Scope>
      </gmd:scope>
      <gmd:report>
        <gmd:DQ_DomainConsistency>
          <gmd:result>
            <gmd:DQ_ConformanceResult>
              <gmd:specification xlink:href="http://inspire.ec.europa.eu/id/citation/ir/reg-1089-2010" />
              <gmd:explanation>
                <gco:CharacterString>Information sur la conformité au règlement d'interopérabilité des séries et des services de données géographiques.</gco:CharacterString>
              </gmd:explanation>
              <gmd:pass>
                <gco:Boolean>true</gco:Boolean>
              </gmd:pass>
            </gmd:DQ_ConformanceResult>
          </gmd:result>
        </gmd:DQ_DomainConsistency>
      </gmd:report>
      <gmd:report>
        <gmd:DQ_DomainConsistency>
          <gmd:result>
            <gmd:DQ_ConformanceResult>
              <gmd:specification>
                <gmd:CI_Citation>
                  <gmd:title>
                    <gco:CharacterString>INSPIRE Data Specification on Oceanographic geographical features – Technical Guidelines v3.0</gco:CharacterString>
                  </gmd:title>
                  <gmd:date>
                    <gmd:CI_Date>
                      <gmd:date>
                        <gco:Date>2013-12-10</gco:Date>
                      </gmd:date>
                      <gmd:dateType>
                        <gmd:CI_DateTypeCode codeList="http://www.isotc211.org/2005/resources/codeList.xml#CI_DateTypeCode" codeListValue="publication" />
                      </gmd:dateType>
                    </gmd:CI_Date>
                  </gmd:date>
                </gmd:CI_Citation>
              </gmd:specification>
              <gmd:explanation>
                <gco:CharacterString>Information sur la conformité de la ressource à une spécification (non évalué).</gco:CharacterString>
              </gmd:explanation>
              <gmd:pass>
                <gco:Boolean>true</gco:Boolean>
              </gmd:pass>
            </gmd:DQ_ConformanceResult>
          </gmd:result>
        </gmd:DQ_DomainConsistency>
      </gmd:report>
      <gmd:lineage>
        <gmd:LI_Lineage>
          <gmd:statement xsi:type="gmd:PT_FreeText_PropertyType">
            <gco:CharacterString>Le type de marée d'un site est déterminé par le rapport de la somme des amplitudes des ondes O1 et K1 sur la somme des amplitudes de M2 et S2.
Ces amplitudes sont extraites de la base de donnée et des modèles de marée du Shom.</gco:CharacterString>
            <gmd:PT_FreeText>
              <gmd:textGroup>
                <gmd:LocalisedCharacterString locale="#EN">The type of tide at a given location depends on the ratio between the total amplitudes for waves O1 and K1 and the total amplitudes of M2 and S2. These amplitudes are taken from the Shom tidal models and database.</gmd:LocalisedCharacterString>
              </gmd:textGroup>
            </gmd:PT_FreeText>
          </gmd:statement>
        </gmd:LI_Lineage>
      </gmd:lineage>
    </gmd:DQ_DataQuality>
  </gmd:dataQualityInfo>
  <gmd:metadataConstraints>
    <gmd:MD_Constraints>
      <gmd:useLimitation>
        <gco:CharacterString>Métadonnées publiques et gratuites</gco:CharacterString>
      </gmd:useLimitation>
    </gmd:MD_Constraints>
  </gmd:metadataConstraints>
  <gmd:metadataConstraints>
    <gmd:MD_SecurityConstraints>
      <gmd:classification>
        <gmd:MD_ClassificationCode codeList="http://standards.iso.org/ittf/PubliclyAvailableStandards/ISO_19139_Schemas/resources/Codelist/ML_gmxCodelists.xml#MD_ClassificationCode" codeListValue="unclassified" />
      </gmd:classification>
    </gmd:MD_SecurityConstraints>
  </gmd:metadataConstraints>
</gmd:MD_Metadata>