<?xml version="1.0" encoding="UTF-8"?>
<mdb:MD_Metadata xmlns:mdb="http://standards.iso.org/iso/19115/-3/mdb/2.0" xmlns:cat="http://standards.iso.org/iso/19115/-3/cat/1.0" xmlns:gfc="http://standards.iso.org/iso/19110/gfc/1.1" xmlns:cit="http://standards.iso.org/iso/19115/-3/cit/2.0" xmlns:gcx="http://standards.iso.org/iso/19115/-3/gcx/1.0" xmlns:gex="http://standards.iso.org/iso/19115/-3/gex/1.0" xmlns:lan="http://standards.iso.org/iso/19115/-3/lan/1.0" xmlns:srv="http://standards.iso.org/iso/19115/-3/srv/2.1" xmlns:mas="http://standards.iso.org/iso/19115/-3/mas/1.0" xmlns:mcc="http://standards.iso.org/iso/19115/-3/mcc/1.0" xmlns:mco="http://standards.iso.org/iso/19115/-3/mco/1.0" xmlns:mda="http://standards.iso.org/iso/19115/-3/mda/1.0" xmlns:mds="http://standards.iso.org/iso/19115/-3/mds/2.0" xmlns:mdt="http://standards.iso.org/iso/19115/-3/mdt/2.0" xmlns:mex="http://standards.iso.org/iso/19115/-3/mex/1.0" xmlns:mmi="http://standards.iso.org/iso/19115/-3/mmi/1.0" xmlns:mpc="http://standards.iso.org/iso/19115/-3/mpc/1.0" xmlns:mrc="http://standards.iso.org/iso/19115/-3/mrc/2.0" xmlns:mrd="http://standards.iso.org/iso/19115/-3/mrd/1.0" xmlns:mri="http://standards.iso.org/iso/19115/-3/mri/1.0" xmlns:mrl="http://standards.iso.org/iso/19115/-3/mrl/2.0" xmlns:mrs="http://standards.iso.org/iso/19115/-3/mrs/1.0" xmlns:msr="http://standards.iso.org/iso/19115/-3/msr/2.0" xmlns:mdq="http://standards.iso.org/iso/19157/-2/mdq/1.0" xmlns:mac="http://standards.iso.org/iso/19115/-3/mac/2.0" xmlns:gco="http://standards.iso.org/iso/19115/-3/gco/1.0" xmlns:gml="http://www.opengis.net/gml/3.2" xmlns:xlink="http://www.w3.org/1999/xlink" xmlns:geonet="http://www.fao.org/geonetwork" xmlns:xsi="http://www.w3.org/2001/XMLSchema-instance" xsi:schemaLocation="http://standards.iso.org/iso/19115/-3/mdb/2.0 https://schemas.isotc211.org/19115/-3/mdb/2.0/mdb.xsd">
  <mdb:metadataIdentifier>
    <mcc:MD_Identifier>
      <mcc:code>
        <gco:CharacterString>e43e9109-80de-4079-add6-f2c4dfbf0ecb</gco:CharacterString>
      </mcc:code>
      <mcc:codeSpace>
        <gco:CharacterString>urn:uuid</gco:CharacterString>
      </mcc:codeSpace>
    </mcc:MD_Identifier>
  </mdb:metadataIdentifier>
  <mdb:defaultLocale>
    <lan:PT_Locale id="FR">
      <lan:language>
        <lan:LanguageCode codeList="http://www.loc.gov/standards/iso639-2/" codeListValue="fre" />
      </lan:language>
      <lan:characterEncoding>
        <lan:MD_CharacterSetCode codeList="http://standards.iso.org/iso/19115/resources/Codelists/cat/codelists.xml#MD_CharacterSetCode" codeListValue="utf8" />
      </lan:characterEncoding>
    </lan:PT_Locale>
  </mdb:defaultLocale>
  <mdb:metadataScope>
    <mdb:MD_MetadataScope>
      <mdb:resourceScope>
        <mcc:MD_ScopeCode codeList="http://standards.iso.org/iso/19115/resources/Codelists/cat/codelists.xml#MD_ScopeCode" codeListValue="dataset" />
      </mdb:resourceScope>
      <mdb:name>
        <gco:CharacterString>Couche de données thématiques</gco:CharacterString>
      </mdb:name>
    </mdb:MD_MetadataScope>
  </mdb:metadataScope>
  <mdb:contact>
    <cit:CI_Responsibility>
      <cit:role>
        <cit:CI_RoleCode codeList="http://standards.iso.org/iso/19115/resources/Codelists/cat/codelists.xml#CI_RoleCode" codeListValue="pointOfContact" />
      </cit:role>
      <cit:party>
        <cit:CI_Organisation>
          <cit:name>
            <gco:CharacterString>Cellule informatique et géomatique (SPW - Intérieur et Action sociale - Direction fonctionnelle et d’appui)</gco:CharacterString>
          </cit:name>
          <cit:contactInfo>
            <cit:CI_Contact>
              <cit:address>
                <cit:CI_Address>
                  <cit:electronicMailAddress>
                    <gco:CharacterString>dgo5informe@spw.wallonie.be</gco:CharacterString>
                  </cit:electronicMailAddress>
                </cit:CI_Address>
              </cit:address>
            </cit:CI_Contact>
          </cit:contactInfo>
        </cit:CI_Organisation>
      </cit:party>
    </cit:CI_Responsibility>
  </mdb:contact>
  <mdb:dateInfo>
    <cit:CI_Date>
      <cit:date>
        <gco:DateTime>2024-03-18T10:21:07.822Z</gco:DateTime>
      </cit:date>
      <cit:dateType>
        <cit:CI_DateTypeCode codeList="http://standards.iso.org/iso/19115/resources/Codelists/cat/codelists.xml#CI_DateTypeCode" codeListValue="revision" />
      </cit:dateType>
    </cit:CI_Date>
  </mdb:dateInfo>
  <mdb:dateInfo>
    <cit:CI_Date>
      <cit:date>
        <gco:DateTime>2023-03-20T08:36:09.634Z</gco:DateTime>
      </cit:date>
      <cit:dateType>
        <cit:CI_DateTypeCode codeList="http://standards.iso.org/iso/19115/resources/Codelists/cat/codelists.xml#CI_DateTypeCode" codeListValue="creation" />
      </cit:dateType>
    </cit:CI_Date>
  </mdb:dateInfo>
  <mdb:metadataStandard>
    <cit:CI_Citation>
      <cit:title>
        <gco:CharacterString>ISO 19115</gco:CharacterString>
      </cit:title>
      <cit:edition>
        <gco:CharacterString>2003/Cor 1:2006</gco:CharacterString>
      </cit:edition>
    </cit:CI_Citation>
  </mdb:metadataStandard>
  <mdb:metadataLinkage>
    <cit:CI_OnlineResource>
      <cit:linkage>
        <gco:CharacterString>https://metawal.wallonie.be/geonetwork/srv/api/records/e43e9109-80de-4079-add6-f2c4dfbf0ecb</gco:CharacterString>
      </cit:linkage>
      <cit:function>
        <cit:CI_OnLineFunctionCode codeList="http://standards.iso.org/iso/19115/resources/Codelists/cat/codelists.xml#CI_OnLineFunctionCode" codeListValue="completeMetadata" />
      </cit:function>
    </cit:CI_OnlineResource>
  </mdb:metadataLinkage>
  <mdb:referenceSystemInfo>
    <mrs:MD_ReferenceSystem>
      <mrs:referenceSystemIdentifier>
        <mcc:MD_Identifier>
          <mcc:code>
            <gcx:Anchor xlink:href="http://www.opengis.net/def/crs/EPSG/0/3035">EPSG:3035</gcx:Anchor>
          </mcc:code>
          <mcc:description>
            <gco:CharacterString>ETRS89 / LAEA Europe (EPSG:3035)</gco:CharacterString>
          </mcc:description>
        </mcc:MD_Identifier>
      </mrs:referenceSystemIdentifier>
      <mrs:referenceSystemType>
        <mrs:MD_ReferenceSystemTypeCode codeList="http://standards.iso.org/iso/19115/resources/Codelists/cat/codelists.xml#MD_ReferenceSystemTypeCode" codeListValue="projected" />
      </mrs:referenceSystemType>
    </mrs:MD_ReferenceSystem>
  </mdb:referenceSystemInfo>
  <mdb:identificationInfo>
    <mri:MD_DataIdentification>
      <mri:citation>
        <cit:CI_Citation>
          <cit:title>
            <gco:CharacterString>INSPIRE - Services d’Aide et de Soins aux Personnes Prostituées en Wallonie (BE)</gco:CharacterString>
          </cit:title>
          <cit:alternateTitle>
            <gco:CharacterString>SASPP</gco:CharacterString>
          </cit:alternateTitle>
          <cit:date>
            <cit:CI_Date>
              <cit:date>
                <gco:Date>2020-04-22</gco:Date>
              </cit:date>
              <cit:dateType>
                <cit:CI_DateTypeCode codeList="http://standards.iso.org/iso/19115/resources/Codelists/cat/codelists.xml#CI_DateTypeCode" codeListValue="creation" />
              </cit:dateType>
            </cit:CI_Date>
          </cit:date>
          <cit:date>
            <cit:CI_Date>
              <cit:date>
                <gco:Date>2020-06-24</gco:Date>
              </cit:date>
              <cit:dateType>
                <cit:CI_DateTypeCode codeList="http://standards.iso.org/iso/19115/resources/Codelists/cat/codelists.xml#CI_DateTypeCode" codeListValue="released" />
              </cit:dateType>
            </cit:CI_Date>
          </cit:date>
          <cit:date>
            <cit:CI_Date>
              <cit:date>
                <gco:Date>2023-05-10</gco:Date>
              </cit:date>
              <cit:dateType>
                <cit:CI_DateTypeCode codeList="http://standards.iso.org/iso/19115/resources/Codelists/cat/codelists.xml#CI_DateTypeCode" codeListValue="publication" />
              </cit:dateType>
            </cit:CI_Date>
          </cit:date>
          <cit:identifier>
            <mcc:MD_Identifier>
              <mcc:code>
                <gco:CharacterString>e43e9109-80de-4079-add6-f2c4dfbf0ecb</gco:CharacterString>
              </mcc:code>
              <mcc:codeSpace>
                <gco:CharacterString>http://geodata.wallonie.be/id/</gco:CharacterString>
              </mcc:codeSpace>
            </mcc:MD_Identifier>
          </cit:identifier>
          <cit:identifier>
            <mcc:MD_Identifier>
              <mcc:code>
                <gco:CharacterString>SASPP</gco:CharacterString>
              </mcc:code>
              <mcc:codeSpace>
                <gco:CharacterString>BE.SPW.INFRASIG.CARTON</gco:CharacterString>
              </mcc:codeSpace>
            </mcc:MD_Identifier>
          </cit:identifier>
        </cit:CI_Citation>
      </mri:citation>
      <mri:abstract>
        <gco:CharacterString>Cette couche de données localise les Services d’Aide et de Soins aux Personnes Prostituées (SASPP) agréés, sur le territoire de la Wallonie

Les services d’aide et de soins aux personnes prostituées ont pour mission de soutenir et d’encadrer les personnes prostituées qui en font la demande, afin d’améliorer leurs conditions de vie et de sécurité. Parmi leurs moyens d’actions, ils proposent une écoute et un accompagnement adaptés dans la recherche d’une solution adéquate à la personne.

Les services proposés sont multiples : rencontrer sur le lieu de travail ou recevoir dans l'une des permanences le public concerné afin de prodiguer aide administrative ou juridique, assistance sociale, dépistage, information et consultation médicale, offre de vaccination adaptée aux pratiques de l’activité, soin esthétique, soutien psychologique, distribution de matériel de prévention, …
Ces différentes actions sont réalisées dans le but d’aider les personnes qui exercent la prostitution à sortir de l’isolement social, à acquérir une plus grande autonomie, et à leur offrir un espace d’écoute et de parole accueillant et bienveillant.</gco:CharacterString>
      </mri:abstract>
      <mri:status>
        <mcc:MD_ProgressCode codeList="http://standards.iso.org/iso/19115/resources/Codelists/cat/codelists.xml#MD_ProgressCode" codeListValue="planned" />
      </mri:status>
      <mri:pointOfContact>
        <cit:CI_Responsibility>
          <cit:role>
            <cit:CI_RoleCode codeList="http://standards.iso.org/iso/19115/resources/Codelists/cat/codelists.xml#CI_RoleCode" codeListValue="pointOfContact" />
          </cit:role>
          <cit:party>
            <cit:CI_Organisation>
              <cit:name>
                <gco:CharacterString>Direction de l'Action sociale (SPW - Intérieur et Action sociale - Département de l'Action sociale - Direction de l'Action sociale)</gco:CharacterString>
              </cit:name>
              <cit:contactInfo>
                <cit:CI_Contact>
                  <cit:address>
                    <cit:CI_Address>
                      <cit:electronicMailAddress>
                        <gco:CharacterString>saspp.dgo5@spw.wallonie.be</gco:CharacterString>
                      </cit:electronicMailAddress>
                    </cit:CI_Address>
                  </cit:address>
                </cit:CI_Contact>
              </cit:contactInfo>
            </cit:CI_Organisation>
          </cit:party>
        </cit:CI_Responsibility>
      </mri:pointOfContact>
      <mri:pointOfContact>
        <cit:CI_Responsibility>
          <cit:role>
            <cit:CI_RoleCode codeList="http://standards.iso.org/iso/19115/resources/Codelists/cat/codelists.xml#CI_RoleCode" codeListValue="custodian" />
          </cit:role>
          <cit:party>
            <cit:CI_Organisation>
              <cit:name>
                <gco:CharacterString>Cellule informatique et géomatique (SPW - Intérieur et Action sociale - Direction fonctionnelle et d’appui)</gco:CharacterString>
              </cit:name>
              <cit:contactInfo>
                <cit:CI_Contact>
                  <cit:address>
                    <cit:CI_Address>
                      <cit:electronicMailAddress>
                        <gco:CharacterString>dgo5informe@spw.wallonie.be</gco:CharacterString>
                      </cit:electronicMailAddress>
                    </cit:CI_Address>
                  </cit:address>
                </cit:CI_Contact>
              </cit:contactInfo>
            </cit:CI_Organisation>
          </cit:party>
        </cit:CI_Responsibility>
      </mri:pointOfContact>
      <mri:pointOfContact>
        <cit:CI_Responsibility>
          <cit:role>
            <cit:CI_RoleCode codeList="http://standards.iso.org/iso/19115/resources/Codelists/cat/codelists.xml#CI_RoleCode" codeListValue="owner" />
          </cit:role>
          <cit:party>
            <cit:CI_Organisation>
              <cit:name>
                <gco:CharacterString>Service public de Wallonie (SPW)</gco:CharacterString>
              </cit:name>
              <cit:contactInfo>
                <cit:CI_Contact>
                  <cit:address>
                    <cit:CI_Address>
                      <cit:electronicMailAddress>
                        <gco:CharacterString>helpdesk.carto@spw.wallonie.be</gco:CharacterString>
                      </cit:electronicMailAddress>
                    </cit:CI_Address>
                  </cit:address>
                  <cit:onlineResource>
                    <cit:CI_OnlineResource>
                      <cit:linkage>
                        <gco:CharacterString>https://geoportail.wallonie.be</gco:CharacterString>
                      </cit:linkage>
                      <cit:protocol>
                        <gco:CharacterString>WWW:LINK</gco:CharacterString>
                      </cit:protocol>
                      <cit:name>
                        <gco:CharacterString>Géoportail de la Wallonie</gco:CharacterString>
                      </cit:name>
                      <cit:description>
                        <gco:CharacterString>Géoportail de la Wallonie</gco:CharacterString>
                      </cit:description>
                      <cit:function>
                        <cit:CI_OnLineFunctionCode codeList="http://standards.iso.org/iso/19115/resources/Codelists/cat/codelists.xml#CI_OnLineFunctionCode" codeListValue="information" />
                      </cit:function>
                    </cit:CI_OnlineResource>
                  </cit:onlineResource>
                </cit:CI_Contact>
              </cit:contactInfo>
            </cit:CI_Organisation>
          </cit:party>
        </cit:CI_Responsibility>
      </mri:pointOfContact>
      <mri:spatialRepresentationType>
        <mcc:MD_SpatialRepresentationTypeCode codeList="http://standards.iso.org/iso/19115/resources/Codelists/cat/codelists.xml#MD_SpatialRepresentationTypeCode" codeListValue="vector" />
      </mri:spatialRepresentationType>
      <mri:topicCategory>
        <mri:MD_TopicCategoryCode>society</mri:MD_TopicCategoryCode>
      </mri:topicCategory>
      <mri:topicCategory>
        <mri:MD_TopicCategoryCode>health</mri:MD_TopicCategoryCode>
      </mri:topicCategory>
      <mri:extent>
        <gex:EX_Extent>
          <gex:description>
            <gco:CharacterString>Region wallonne</gco:CharacterString>
          </gex:description>
          <gex:geographicElement>
            <gex:EX_GeographicBoundingBox>
              <gex:westBoundLongitude>
                <gco:Decimal>2.75</gco:Decimal>
              </gex:westBoundLongitude>
              <gex:eastBoundLongitude>
                <gco:Decimal>6.50</gco:Decimal>
              </gex:eastBoundLongitude>
              <gex:southBoundLatitude>
                <gco:Decimal>49.45</gco:Decimal>
              </gex:southBoundLatitude>
              <gex:northBoundLatitude>
                <gco:Decimal>50.85</gco:Decimal>
              </gex:northBoundLatitude>
            </gex:EX_GeographicBoundingBox>
          </gex:geographicElement>
        </gex:EX_Extent>
      </mri:extent>
      <mri:graphicOverview>
        <mcc:MD_BrowseGraphic>
          <mcc:fileName>
            <gco:CharacterString>https://metawal.wallonie.be/geonetwork/inspire/api/records/e43e9109-80de-4079-add6-f2c4dfbf0ecb/attachments/US.png</gco:CharacterString>
          </mcc:fileName>
        </mcc:MD_BrowseGraphic>
      </mri:graphicOverview>
      <mri:descriptiveKeywords>
        <mri:MD_Keywords>
          <mri:keyword>
            <gcx:Anchor xlink:href="https://metawal.wallonie.be/thesaurus/theme-geoportail-wallon#SubThemesGeoportailWallon/6010">Industrie et services</gcx:Anchor>
          </mri:keyword>
          <mri:keyword>
            <gcx:Anchor xlink:href="https://metawal.wallonie.be/thesaurus/theme-geoportail-wallon#ThemesGeoportailWallon/60">Société et activités</gcx:Anchor>
          </mri:keyword>
          <mri:type>
            <mri:MD_KeywordTypeCode codeList="http://standards.iso.org/iso/19115/resources/Codelists/cat/codelists.xml#MD_KeywordTypeCode" codeListValue="theme" />
          </mri:type>
          <mri:thesaurusName>
            <cit:CI_Citation>
              <cit:title>
                <gcx:Anchor xlink:href="https://metawal.wallonie.be/thesaurus/theme-geoportail-wallon">Thèmes du géoportail wallon</gcx:Anchor>
              </cit:title>
              <cit:date>
                <cit:CI_Date>
                  <cit:date>
                    <gco:Date>2014-01-01</gco:Date>
                  </cit:date>
                  <cit:dateType>
                    <cit:CI_DateTypeCode codeList="http://standards.iso.org/iso/19115/resources/Codelists/cat/codelists.xml#CI_DateTypeCode" codeListValue="publication" />
                  </cit:dateType>
                </cit:CI_Date>
              </cit:date>
              <cit:date>
                <cit:CI_Date>
                  <cit:date>
                    <gco:Date>2014-06-26</gco:Date>
                  </cit:date>
                  <cit:dateType>
                    <cit:CI_DateTypeCode codeList="http://standards.iso.org/iso/19115/resources/Codelists/cat/codelists.xml#CI_DateTypeCode" codeListValue="publication" />
                  </cit:dateType>
                </cit:CI_Date>
              </cit:date>
              <cit:identifier>
                <mcc:MD_Identifier>
                  <mcc:code>
                    <gcx:Anchor xlink:href="https://metawal.wallonie.be/geonetwork/srv/api/registries/vocabularies/external.theme.Themes_geoportail_wallon_hierarchy">geonetwork.thesaurus.external.theme.Themes_geoportail_wallon_hierarchy</gcx:Anchor>
                  </mcc:code>
                </mcc:MD_Identifier>
              </cit:identifier>
            </cit:CI_Citation>
          </mri:thesaurusName>
        </mri:MD_Keywords>
      </mri:descriptiveKeywords>
      <mri:descriptiveKeywords>
        <mri:MD_Keywords>
          <mri:keyword>
            <gco:CharacterString>aspects sociaux, population</gco:CharacterString>
          </mri:keyword>
          <mri:type>
            <mri:MD_KeywordTypeCode codeList="http://standards.iso.org/iso/19115/resources/Codelists/cat/codelists.xml#MD_KeywordTypeCode" codeListValue="theme" />
          </mri:type>
          <mri:thesaurusName>
            <cit:CI_Citation>
              <cit:title>
                <gcx:Anchor xlink:href="http://geonetwork-opensource.org/gemet-theme">GEMET themes</gcx:Anchor>
              </cit:title>
              <cit:date>
                <cit:CI_Date>
                  <cit:date>
                    <gco:Date>2009-01-01</gco:Date>
                  </cit:date>
                  <cit:dateType>
                    <cit:CI_DateTypeCode codeList="http://standards.iso.org/iso/19115/resources/Codelists/cat/codelists.xml#CI_DateTypeCode" codeListValue="publication" />
                  </cit:dateType>
                </cit:CI_Date>
              </cit:date>
              <cit:date>
                <cit:CI_Date>
                  <cit:date>
                    <gco:Date>2009-09-22</gco:Date>
                  </cit:date>
                  <cit:dateType>
                    <cit:CI_DateTypeCode codeList="http://standards.iso.org/iso/19115/resources/Codelists/cat/codelists.xml#CI_DateTypeCode" codeListValue="publication" />
                  </cit:dateType>
                </cit:CI_Date>
              </cit:date>
              <cit:identifier>
                <mcc:MD_Identifier>
                  <mcc:code>
                    <gcx:Anchor xlink:href="https://metawal.wallonie.be/geonetwork/srv/api/registries/vocabularies/external.theme.gemet-theme">geonetwork.thesaurus.external.theme.gemet-theme</gcx:Anchor>
                  </mcc:code>
                </mcc:MD_Identifier>
              </cit:identifier>
            </cit:CI_Citation>
          </mri:thesaurusName>
        </mri:MD_Keywords>
      </mri:descriptiveKeywords>
      <mri:descriptiveKeywords>
        <mri:MD_Keywords>
          <mri:keyword>
            <gco:CharacterString>abri provisoire</gco:CharacterString>
          </mri:keyword>
          <mri:keyword>
            <gco:CharacterString>aide sociale</gco:CharacterString>
          </mri:keyword>
          <mri:type>
            <mri:MD_KeywordTypeCode codeList="http://standards.iso.org/iso/19115/resources/Codelists/cat/codelists.xml#MD_KeywordTypeCode" codeListValue="theme" />
          </mri:type>
          <mri:thesaurusName>
            <cit:CI_Citation>
              <cit:title>
                <gcx:Anchor xlink:href="http://geonetwork-opensource.org/gemet">GEMET</gcx:Anchor>
              </cit:title>
              <cit:date>
                <cit:CI_Date>
                  <cit:date>
                    <gco:Date>2009-01-01</gco:Date>
                  </cit:date>
                  <cit:dateType>
                    <cit:CI_DateTypeCode codeList="http://standards.iso.org/iso/19115/resources/Codelists/cat/codelists.xml#CI_DateTypeCode" codeListValue="publication" />
                  </cit:dateType>
                </cit:CI_Date>
              </cit:date>
              <cit:date>
                <cit:CI_Date>
                  <cit:date>
                    <gco:Date>2009-09-22</gco:Date>
                  </cit:date>
                  <cit:dateType>
                    <cit:CI_DateTypeCode codeList="http://standards.iso.org/iso/19115/resources/Codelists/cat/codelists.xml#CI_DateTypeCode" codeListValue="publication" />
                  </cit:dateType>
                </cit:CI_Date>
              </cit:date>
              <cit:identifier>
                <mcc:MD_Identifier>
                  <mcc:code>
                    <gcx:Anchor xlink:href="https://metawal.wallonie.be/geonetwork/srv/api/registries/vocabularies/external.theme.gemet">geonetwork.thesaurus.external.theme.gemet</gcx:Anchor>
                  </mcc:code>
                </mcc:MD_Identifier>
              </cit:identifier>
            </cit:CI_Citation>
          </mri:thesaurusName>
        </mri:MD_Keywords>
      </mri:descriptiveKeywords>
      <mri:descriptiveKeywords>
        <mri:MD_Keywords>
          <mri:keyword>
            <gco:CharacterString>Aide Sociale</gco:CharacterString>
          </mri:keyword>
          <mri:keyword>
            <gco:CharacterString>Action Sociale</gco:CharacterString>
          </mri:keyword>
          <mri:keyword>
            <gco:CharacterString>Prostituées</gco:CharacterString>
          </mri:keyword>
          <mri:type>
            <mri:MD_KeywordTypeCode codeList="http://standards.iso.org/iso/19115/resources/Codelists/cat/codelists.xml#MD_KeywordTypeCode" codeListValue="theme" />
          </mri:type>
        </mri:MD_Keywords>
      </mri:descriptiveKeywords>
      <mri:descriptiveKeywords>
        <mri:MD_Keywords>
          <mri:keyword>
            <gco:CharacterString>BDInfraSIG</gco:CharacterString>
          </mri:keyword>
          <mri:keyword>
            <gco:CharacterString>Reporting INSPIRE</gco:CharacterString>
          </mri:keyword>
          <mri:type>
            <mri:MD_KeywordTypeCode codeList="http://standards.iso.org/iso/19115/resources/Codelists/cat/codelists.xml#MD_KeywordTypeCode" codeListValue="theme" />
          </mri:type>
          <mri:thesaurusName>
            <cit:CI_Citation>
              <cit:title>
                <gcx:Anchor xlink:href="https://metawal.wallonie.be/thesaurus/infrasig">Mots-clés InfraSIG</gcx:Anchor>
              </cit:title>
              <cit:date>
                <cit:CI_Date>
                  <cit:date>
                    <gco:Date>2022-10-03</gco:Date>
                  </cit:date>
                  <cit:dateType>
                    <cit:CI_DateTypeCode codeList="http://standards.iso.org/iso/19115/resources/Codelists/cat/codelists.xml#CI_DateTypeCode" codeListValue="publication" />
                  </cit:dateType>
                </cit:CI_Date>
              </cit:date>
              <cit:date>
                <cit:CI_Date>
                  <cit:date>
                    <gco:Date>2022-10-03</gco:Date>
                  </cit:date>
                  <cit:dateType>
                    <cit:CI_DateTypeCode codeList="http://standards.iso.org/iso/19115/resources/Codelists/cat/codelists.xml#CI_DateTypeCode" codeListValue="publication" />
                  </cit:dateType>
                </cit:CI_Date>
              </cit:date>
              <cit:identifier>
                <mcc:MD_Identifier>
                  <mcc:code>
                    <gcx:Anchor xlink:href="https://metawal.wallonie.be/geonetwork/srv/api/registries/vocabularies/external.theme.infraSIG">geonetwork.thesaurus.external.theme.infraSIG</gcx:Anchor>
                  </mcc:code>
                </mcc:MD_Identifier>
              </cit:identifier>
            </cit:CI_Citation>
          </mri:thesaurusName>
        </mri:MD_Keywords>
      </mri:descriptiveKeywords>
      <mri:descriptiveKeywords>
        <mri:MD_Keywords>
          <mri:keyword>
            <gcx:Anchor xlink:href="http://inspire.ec.europa.eu/theme/us">Services d'utilité publique et services publics</gcx:Anchor>
          </mri:keyword>
          <mri:type>
            <mri:MD_KeywordTypeCode codeList="http://standards.iso.org/iso/19115/resources/Codelists/cat/codelists.xml#MD_KeywordTypeCode" codeListValue="theme" />
          </mri:type>
          <mri:thesaurusName>
            <cit:CI_Citation>
              <cit:title>
                <gcx:Anchor xlink:href="http://inspire.ec.europa.eu/theme">GEMET - INSPIRE themes, version 1.0</gcx:Anchor>
              </cit:title>
              <cit:date>
                <cit:CI_Date>
                  <cit:date>
                    <gco:Date>2008-01-01</gco:Date>
                  </cit:date>
                  <cit:dateType>
                    <cit:CI_DateTypeCode codeList="http://standards.iso.org/iso/19115/resources/Codelists/cat/codelists.xml#CI_DateTypeCode" codeListValue="publication" />
                  </cit:dateType>
                </cit:CI_Date>
              </cit:date>
              <cit:date>
                <cit:CI_Date>
                  <cit:date>
                    <gco:Date>2008-06-01</gco:Date>
                  </cit:date>
                  <cit:dateType>
                    <cit:CI_DateTypeCode codeList="http://standards.iso.org/iso/19115/resources/Codelists/cat/codelists.xml#CI_DateTypeCode" codeListValue="publication" />
                  </cit:dateType>
                </cit:CI_Date>
              </cit:date>
              <cit:identifier>
                <mcc:MD_Identifier>
                  <mcc:code>
                    <gcx:Anchor xlink:href="https://metawal.wallonie.be/geonetwork/srv/api/registries/vocabularies/external.theme.httpinspireeceuropaeutheme-theme">geonetwork.thesaurus.external.theme.httpinspireeceuropaeutheme-theme</gcx:Anchor>
                  </mcc:code>
                </mcc:MD_Identifier>
              </cit:identifier>
            </cit:CI_Citation>
          </mri:thesaurusName>
        </mri:MD_Keywords>
      </mri:descriptiveKeywords>
      <mri:descriptiveKeywords>
        <mri:MD_Keywords>
          <mri:keyword>
            <gcx:Anchor xlink:href="http://inspire.ec.europa.eu/metadata-codelist/SpatialScope/regional">Régional</gcx:Anchor>
          </mri:keyword>
          <mri:type>
            <mri:MD_KeywordTypeCode codeList="http://standards.iso.org/iso/19115/resources/Codelists/cat/codelists.xml#MD_KeywordTypeCode" codeListValue="theme" />
          </mri:type>
          <mri:thesaurusName>
            <cit:CI_Citation>
              <cit:title>
                <gcx:Anchor xlink:href="http://inspire.ec.europa.eu/metadata-codelist/SpatialScope">Champ géographique</gcx:Anchor>
              </cit:title>
              <cit:date>
                <cit:CI_Date>
                  <cit:date>
                    <gco:Date>2019-01-01</gco:Date>
                  </cit:date>
                  <cit:dateType>
                    <cit:CI_DateTypeCode codeList="http://standards.iso.org/iso/19115/resources/Codelists/cat/codelists.xml#CI_DateTypeCode" codeListValue="publication" />
                  </cit:dateType>
                </cit:CI_Date>
              </cit:date>
              <cit:date>
                <cit:CI_Date>
                  <cit:date>
                    <gco:Date>2019-05-22</gco:Date>
                  </cit:date>
                  <cit:dateType>
                    <cit:CI_DateTypeCode codeList="http://standards.iso.org/iso/19115/resources/Codelists/cat/codelists.xml#CI_DateTypeCode" codeListValue="publication" />
                  </cit:dateType>
                </cit:CI_Date>
              </cit:date>
              <cit:identifier>
                <mcc:MD_Identifier>
                  <mcc:code>
                    <gcx:Anchor xlink:href="https://metawal.wallonie.be/geonetwork/srv/api/registries/vocabularies/external.theme.httpinspireeceuropaeumetadatacodelistSpatialScope-SpatialScope">geonetwork.thesaurus.external.theme.httpinspireeceuropaeumetadatacodelistSpatialScope-SpatialScope</gcx:Anchor>
                  </mcc:code>
                </mcc:MD_Identifier>
              </cit:identifier>
            </cit:CI_Citation>
          </mri:thesaurusName>
        </mri:MD_Keywords>
      </mri:descriptiveKeywords>
      <mri:resourceConstraints>
        <mco:MD_LegalConstraints>
          <mco:accessConstraints>
            <mco:MD_RestrictionCode codeList="http://standards.iso.org/iso/19115/resources/Codelists/cat/codelists.xml#MD_RestrictionCode" codeListValue="otherRestrictions" />
          </mco:accessConstraints>
          <mco:useConstraints>
            <mco:MD_RestrictionCode codeList="http://standards.iso.org/iso/19115/resources/Codelists/cat/codelists.xml#MD_RestrictionCode" codeListValue="license" />
          </mco:useConstraints>
          <mco:otherConstraints>
            <gcx:Anchor xlink:href="http://inspire.ec.europa.eu/metadata-codelist/LimitationsOnPublicAccess/noLimitations">No limitations to public access</gcx:Anchor>
          </mco:otherConstraints>
        </mco:MD_LegalConstraints>
      </mri:resourceConstraints>
      <mri:resourceConstraints>
        <mco:MD_LegalConstraints>
          <mco:useConstraints>
            <mco:MD_RestrictionCode codeList="http://standards.iso.org/iso/19115/resources/Codelists/cat/codelists.xml#MD_RestrictionCode" codeListValue="otherRestrictions" />
          </mco:useConstraints>
          <mco:otherConstraints>
            <gcx:Anchor xlink:href="http://inspire.ec.europa.eu/metadata-codelist/ConditionsApplyingToAccessAndUse/noConditionsApply">No limitations to public access and use</gcx:Anchor>
          </mco:otherConstraints>
        </mco:MD_LegalConstraints>
      </mri:resourceConstraints>
      <mri:defaultLocale>
        <lan:PT_Locale>
          <lan:language>
            <lan:LanguageCode codeList="http://www.loc.gov/standards/iso639-2/" codeListValue="fre" />
          </lan:language>
          <lan:characterEncoding>
            <lan:MD_CharacterSetCode codeList="http://standards.iso.org/iso/19115/resources/Codelists/cat/codelists.xml#MD_CharacterSetCode" codeListValue="utf8" />
          </lan:characterEncoding>
        </lan:PT_Locale>
      </mri:defaultLocale>
    </mri:MD_DataIdentification>
  </mdb:identificationInfo>
  <mdb:distributionInfo>
    <mrd:MD_Distribution>
      <mrd:distributionFormat>
        <mrd:MD_Format>
          <mrd:formatSpecificationCitation>
            <cit:CI_Citation>
              <cit:title>
                <gcx:Anchor xlink:href="https://www.iana.org/assignments/media-types/application/gml+xml">GML (.gml)</gcx:Anchor>
              </cit:title>
              <cit:date gco:nilReason="unknown" />
            </cit:CI_Citation>
          </mrd:formatSpecificationCitation>
        </mrd:MD_Format>
      </mrd:distributionFormat>
      <mrd:distributor>
        <mrd:MD_Distributor>
          <mrd:distributorContact>
            <cit:CI_Responsibility>
              <cit:role>
                <cit:CI_RoleCode codeList="http://standards.iso.org/iso/19115/resources/Codelists/cat/codelists.xml#CI_RoleCode" codeListValue="distributor" />
              </cit:role>
              <cit:party>
                <cit:CI_Organisation>
                  <cit:name>
                    <gco:CharacterString>Service public de Wallonie (SPW)</gco:CharacterString>
                  </cit:name>
                  <cit:contactInfo>
                    <cit:CI_Contact>
                      <cit:address>
                        <cit:CI_Address>
                          <cit:electronicMailAddress>
                            <gco:CharacterString>helpdesk.carto@spw.wallonie.be</gco:CharacterString>
                          </cit:electronicMailAddress>
                        </cit:CI_Address>
                      </cit:address>
                    </cit:CI_Contact>
                  </cit:contactInfo>
                </cit:CI_Organisation>
              </cit:party>
            </cit:CI_Responsibility>
          </mrd:distributorContact>
          <mrd:distributionOrderProcess>
            <mrd:MD_StandardOrderProcess>
              <mrd:orderingInstructions>
                <gco:CharacterString>Cette couche de données ne fait pas l'objet d'une distribution sur support physique. L'utilisation des géoservices et de l'application est recommandée.</gco:CharacterString>
              </mrd:orderingInstructions>
            </mrd:MD_StandardOrderProcess>
          </mrd:distributionOrderProcess>
        </mrd:MD_Distributor>
      </mrd:distributor>
      <mrd:transferOptions>
        <mrd:MD_DigitalTransferOptions>
          <mrd:onLine>
            <cit:CI_OnlineResource>
              <cit:linkage>
                <gco:CharacterString>https://geoservices.wallonie.be/geoserver/inspire_us/ows?service=WMS&amp;version=1.3.0&amp;request=GetCapabilities</gco:CharacterString>
              </cit:linkage>
              <cit:protocol>
                <gco:CharacterString>OGC:WMS</gco:CharacterString>
              </cit:protocol>
              <cit:applicationProfile>
                <gco:CharacterString>inspire-view</gco:CharacterString>
              </cit:applicationProfile>
              <cit:name>
                <gco:CharacterString>Service de visualisation WMS - Inspire</gco:CharacterString>
              </cit:name>
              <cit:description>
                <gco:CharacterString>Ce service de visualisation WMS-INSPIRE permet de consulter la série de couches de données conforme au thème INSPIRE "Service d'utilité publique et services publics".</gco:CharacterString>
              </cit:description>
              <cit:function>
                <cit:CI_OnLineFunctionCode codeList="http://standards.iso.org/iso/19115/resources/Codelists/cat/codelists.xml#CI_OnLineFunctionCode" codeListValue="browsing" />
              </cit:function>
            </cit:CI_OnlineResource>
          </mrd:onLine>
          <mrd:onLine>
            <cit:CI_OnlineResource>
              <cit:linkage>
                <gco:CharacterString>https://geoservices.wallonie.be/inspire/atom/US_Service.xml</gco:CharacterString>
              </cit:linkage>
              <cit:protocol>
                <gco:CharacterString>INSPIRE Atom</gco:CharacterString>
              </cit:protocol>
              <cit:applicationProfile>
                <gco:CharacterString>inspire-download</gco:CharacterString>
              </cit:applicationProfile>
              <cit:name>
                <gco:CharacterString>Service de téléchargement ATOM Feed - Inspire</gco:CharacterString>
              </cit:name>
              <cit:description>
                <gco:CharacterString>Ce service de téléchargement ATOM Feed permet de télécharger la série de couches de données conforme au thème INSPIRE "Service d'utilité publique et services publics".</gco:CharacterString>
              </cit:description>
              <cit:function>
                <cit:CI_OnLineFunctionCode codeList="http://standards.iso.org/iso/19115/resources/Codelists/cat/codelists.xml#CI_OnLineFunctionCode" codeListValue="download" />
              </cit:function>
            </cit:CI_OnlineResource>
          </mrd:onLine>
        </mrd:MD_DigitalTransferOptions>
      </mrd:transferOptions>
    </mrd:MD_Distribution>
  </mdb:distributionInfo>
  <mdb:dataQualityInfo>
    <mdq:DQ_DataQuality>
      <mdq:scope>
        <mcc:MD_Scope>
          <mcc:level>
            <mcc:MD_ScopeCode codeListValue="dataset" codeList="http://standards.iso.org/iso/19115/resources/Codelists/cat/codelists.xml#MD_ScopeCode" />
          </mcc:level>
        </mcc:MD_Scope>
      </mdq:scope>
      <mdq:report>
        <mdq:DQ_DomainConsistency>
          <mdq:result>
            <mdq:DQ_ConformanceResult>
              <mdq:specification>
                <cit:CI_Citation>
                  <cit:title>
                    <gcx:Anchor xlink:href="https://inspire.ec.europa.eu/documents/commission-regulation-eu-no-10892010-23-november-2010-implementing-directive-20072ec">RÈGLEMENT (UE) N o 1089/2010 DE LA COMMISSION du 23 novembre 2010 portant modalités d'application de la directive 2007/2/CE du Parlement européen et du Conseil en ce qui concerne l'interopérabilité des séries et des services de données géographiques</gcx:Anchor>
                  </cit:title>
                  <cit:date>
                    <cit:CI_Date>
                      <cit:date>
                        <gco:Date>2010-12-08</gco:Date>
                      </cit:date>
                      <cit:dateType>
                        <cit:CI_DateTypeCode codeList="http://standards.iso.org/iso/19115/resources/Codelists/cat/codelists.xml#CI_DateTypeCode" codeListValue="publication" />
                      </cit:dateType>
                    </cit:CI_Date>
                  </cit:date>
                </cit:CI_Citation>
              </mdq:specification>
              <mdq:explanation>
                <gco:CharacterString>Voir la spécification référencée</gco:CharacterString>
              </mdq:explanation>
              <mdq:pass>
                <gco:Boolean>true</gco:Boolean>
              </mdq:pass>
            </mdq:DQ_ConformanceResult>
          </mdq:result>
        </mdq:DQ_DomainConsistency>
      </mdq:report>
      <mdq:report>
        <mdq:DQ_DomainConsistency>
          <mdq:result>
            <mdq:DQ_ConformanceResult>
              <mdq:specification>
                <cit:CI_Citation>
                  <cit:title>
                    <gcx:Anchor xlink:href="https://inspire.ec.europa.eu/id/document/tg/us">INSPIRE Data Specification on Utility and Government Services – Technical Guidelines, version 3.0</gcx:Anchor>
                  </cit:title>
                  <cit:date>
                    <cit:CI_Date>
                      <cit:date>
                        <gco:Date>2013-12-10</gco:Date>
                      </cit:date>
                      <cit:dateType>
                        <cit:CI_DateTypeCode codeList="http://standards.iso.org/iso/19115/resources/Codelists/cat/codelists.xml#CI_DateTypeCode" codeListValue="publication" />
                      </cit:dateType>
                    </cit:CI_Date>
                  </cit:date>
                </cit:CI_Citation>
              </mdq:specification>
              <mdq:explanation>
                <gco:CharacterString>Voir la spécification référencée</gco:CharacterString>
              </mdq:explanation>
              <mdq:pass>
                <gco:Boolean>true</gco:Boolean>
              </mdq:pass>
            </mdq:DQ_ConformanceResult>
          </mdq:result>
        </mdq:DQ_DomainConsistency>
      </mdq:report>
    </mdq:DQ_DataQuality>
  </mdb:dataQualityInfo>
  <mdb:resourceLineage>
    <mrl:LI_Lineage>
      <mrl:statement>
        <gco:CharacterString>Les adresses sont encodées par les agents traitants du SPW Intérieur – Action sociale selon les sources transmises par les opérateurs.
La dimension spatiale a été générée sur base d’adresses postales. Un premier géocodage a été réalisé à partir de l’application de géocodage du SPW ; dans un second temps, toutes les entités ont été consolidées par un référencement manuel.</gco:CharacterString>
      </mrl:statement>
      <mrl:scope>
        <mcc:MD_Scope>
          <mcc:level>
            <mcc:MD_ScopeCode codeList="http://standards.iso.org/iso/19115/resources/Codelists/cat/codelists.xml#MD_ScopeCode" codeListValue="dataset" />
          </mcc:level>
        </mcc:MD_Scope>
      </mrl:scope>
      <mrl:source uuidref="f2dd7184-c71b-449d-9a6f-d1b3e3b630d7" xlink:title="Services d’Aide et de Soins aux Personnes Prostituées" xlink:href="https://metawal.wallonie.be/geonetwork/srv/api/records/f2dd7184-c71b-449d-9a6f-d1b3e3b630d7" />
    </mrl:LI_Lineage>
  </mdb:resourceLineage>
</mdb:MD_Metadata>