<?xml version="1.0" encoding="UTF-8"?>
<info version="1.1">
  <general>
    <createDate>2013-06-13T13:07:41Z</createDate>
    <changeDate>2013-06-13T13:07:41Z</changeDate>
    <schema>iso19139</schema>
    <isTemplate>n</isTemplate>
    <localId>218</localId>
    <format>full</format>
    <rating>0</rating>
    <popularity>984</popularity>
    <uuid>fr-120066022-jdd-a2310936-fbfb-469c-84c2-a7aa5eef13be</uuid>
    <siteId>3bef299d-cf82-4033-871b-875f6936b2e2</siteId>
    <siteName>GeoNetwork-UI Test Instance</siteName>
  </general>
  <categories />
  <privileges>
    <group name="all">
      <operation name="view" />
      <operation name="download" />
      <operation name="dynamic" />
    </group>
  </privileges>
  <public />
  <private />
</info>

