<?xml version="1.0" encoding="UTF-8"?>
<info version="1.1">
  <general>
    <createDate>2020-11-17T09:26:14Z</createDate>
    <changeDate>2024-03-18T10:13:32.314Z</changeDate>
    <schema>iso19115-3.2018</schema>
    <isTemplate>n</isTemplate>
    <localId>183</localId>
    <format>full</format>
    <rating>0</rating>
    <popularity>1567</popularity>
    <uuid>173e4f86-a4c0-4ee1-aee1-6b0b2e477f97</uuid>
    <siteId>3bef299d-cf82-4033-871b-875f6936b2e2</siteId>
    <siteName>GeoNetwork-UI Test Instance</siteName>
  </general>
  <categories />
  <privileges>
    <group name="all">
      <operation name="view" />
      <operation name="download" />
      <operation name="dynamic" />
    </group>
  </privileges>
  <public />
  <private />
</info>

